标题,帖子数,日期,情感
整天瞎哔哔，看好的就留着，不看好的就走人。,35737,2017-07-22,0.057976526930590966
华夏幸福新模式和战略性投资花蕾含苞欲放,24827,2017-08-29,0.9874386270827314
‘’董明珠再度大手笔增持珠海银隆：变身第二大,7521,2017-04-06,0.07449958848995442
主题  雄安,150696,2017-05-02,0.8341882364580228
实战炒股口决： 十四工作线，来回做波段；突破,57088,2017-04-09,0.986755970349184
华夏幸福12年之后就是千元股,104273,2017-06-25,0.6578559136391983
华夏幸福2028,63400,2017-07-29,0.8986921682727428
长阴过后阳驱雾   春风又扶桃李颜,30180,2017-04-03,0.8418981633183388
你下降，我加仓，大家别学我,9468,2017-09-01,0.506707878390499
股价不到10块次新股江苏银行仅此1家0.98元业绩,63182,2017-04-28,0.04997406222880574
咯咯 狂笑 瞎子狂笑 连续4年业绩翻倍，三年利润,20612,2017-07-19,0.5194793279124371
哈哈哈 抢盘了 咯咯咯咯咯咯咯 狂笑 瞎子狂笑 ,18056,2017-07-19,0.9656612594009105
抢盘了 咯咯咯咯瞎子狂笑 连续4年业绩翻倍，三,18573,2017-07-19,0.8986700415368628
抢盘了 咯咯咯咯咯咯咯 瞎子狂笑 连续4年业绩翻,14066,2017-07-19,0.9464573711235531
抢盘了 咯咯咯咯咯咯咯 狂笑 狂笑 连续4年业绩,14787,2017-07-19,0.9614701022443326
咯咯咯咯咯咯咯 狂笑 瞎子狂笑 连续4年业绩翻倍,14126,2017-07-19,0.9521368910917065
揭穿价值投资的鬼话，如果真要价值投资，招商银,48460,2017-07-02,0.9997151511106501
华夏就是洗盘。还在的别泄气,5770,2017-08-31,0.7473357945377102
超级重磅！！  华夏幸福中标团风县产业新城 880,27406,2017-08-31,0.9563981472545533
600340:华夏幸福2017年半年度报告,96556,2017-08-17,0.8978067209421654
华夏幸福(600340)大宗交易数据一览(08-30),41921,2017-08-30,0.7616205447745623
删贴啦 狂笑 瞎子狂笑 咯咯大笑 连续4年业绩翻,16413,2017-07-08,0.9038238530783725
接下来2天大跌大买，跳进黄金坑,9043,2017-08-23,0.0009263677942291659
静候变盘，潜伏第二波！,12285,2017-08-17,0.7604253142400186
今天至少要跌3个点，明日低开低走，十点跌停，,8265,2017-08-29,0.17480623419875663
靓股~华夏幸福 西水股份 华资实业 佳讯飞鸿 中,17273,2017-06-14,0.9995382625114481
靓票：华夏幸福 西水股份 华资实业 佳讯飞鸿 中,16957,2017-06-14,0.9969593830521271
祝留下的发财,5289,2017-08-29,0.8451699022531796
340除去雄安概念，说到底也只是房地产股，与招,10457,2017-08-08,0.39210400055631234
东方雨虹再投三十几亿入住华夏幸福滁州开发区！,11326,2017-08-28,0.6694655889261806
华夏幸福上半年预收1300亿 业绩远超同期,57601,2017-08-21,0.9008287578770716
解密华夏幸福隐秘而庞大的招商帝国    园区界 ,9036,2017-08-24,0.9510644024964892
祝大家周末快乐，周一低开低走，十点跌停,9591,2017-08-25,0.9588368545047349
[牛想一下]女士们先生们朋友们！战胜内心的恐惧,7868,2017-07-23,0.9952147487468648
600340:华夏幸福关于签订浙江嘉兴科技城产业新,57325,2017-08-25,0.7284781769749182
600340:华夏幸福关于拟与浦发银行广州分行签订,40603,2017-08-27,0.05241648900043683
拓展产业新城，业绩持续稳定增长,40403,2017-08-24,0.9957965393276649
股东户数从5万增至14.7万，我只能哈哈哈！,18035,2017-08-18,0.801414746859576
俺不知死活滴进来了,75021,2017-04-12,0.023824191747193635
华夏幸福为区域发展注入活力：净利润增长超三成,29431,2017-08-20,0.9994341316429464
我研究华夏幸福10余年，说句不客气的话，对此股,30014,2017-08-23,0.8929155172790714
叶檀：华夏幸福跟开发商根本不是一回事！看完这,18711,2017-08-24,0.8096295200339885
不管对错，走了！大家发财,10425,2017-08-14,0.5946351159448888
紧急通告：立即抢购7.25元历史最低位附近的金钼,7483,2017-04-24,0.9572144436642105
产业招商稳定增长，异地复制初见成效,33848,2017-08-23,0.9939167439130248
华联控股与华夏幸福的比较研究,11738,2017-07-24,0.9119902328635829
地产业，谁能算得上华夏幸福真正对手？,14545,2017-08-22,0.9265241141023898
业绩增长稳定，销售价格提升明显,38530,2017-08-23,0.98381649524953
PPP资产证券化成功落地，产业新城开启内生增长,23828,2017-08-18,0.9973529775954487
能坚持到明年的今天的，进来报到,20797,2017-04-19,0.791927270864758
格力好还是华夏好？,8724,2017-08-21,0.7260632515399791
华夏幸福业绩“蜕变”：产业发展服务收入首过半,31500,2017-08-22,0.9999930269431035
华夏幸福(600340)估值信息,18408,2017-07-27,0.877903151142815
投资华夏幸福不得不想明白的问题。 作为华夏幸,11248,2017-08-20,0.9974358556712637
600340:华夏幸福关于下属子公司九通投资2017年,53625,2017-08-18,0.9712792061115608
华夏前进的号角已经吹响！,19356,2017-08-18,0.06991855575566808
我很少发图片，这图太美了，周线漂亮的很,12973,2017-08-13,0.97799099269217
17年中报点评：如日方升，欣欣向荣,61893,2017-08-20,0.39551267808751833
华夏幸福2017年上半年净利润达53亿 增速高居同,64642,2017-08-19,0.9391961794631215
华夏幸福产业新城（单位：平方公里）,14758,2017-08-19,0.9628161697416239
华夏幸福明天开盘若不下跌，我永远退出东财股吧,18477,2017-08-17,0.5815292365990078
北京向东：筑起文创高地的大厂产业新城,6750,2017-08-19,0.9590262058774749
华夏幸福(600340)融资融券信息(08-18),9191,2017-08-19,0.9760740947411385
华夏盈利质量不高 华夏中报盈利54亿，增长35%，,19890,2017-08-18,0.704525939173492
3600人！这可能是你听到的最骇人的产业发展队伍,9168,2017-08-18,0.9633323800613642
【联讯中小盘中报点评】华夏幸福：区域拓展再上,39380,2017-08-18,0.7945563031176666
华夏幸福2017年中报点评：产业服务继续高增，销,40918,2017-08-18,0.5505149568090216
华夏幸福“幸福”路径揭秘：10年内有市场的产业,42254,2017-08-18,0.9918236732217585
600340:华夏幸福关于与四川省眉山市仁寿县人民,24982,2017-03-03,0.9911452741508223
建信信托拟为华夏幸福间接全资子公司增资15亿元,18549,2017-08-18,0.9915000422469744
华夏幸福半年净利近54亿元 园区异地复制盈利逻,35660,2017-08-18,0.9220160255125405
华夏幸福：上半年净利53.67亿元 拟超10亿元回购,60171,2017-08-17,0.47814602947069484
华夏幸福积木式发展 每增一座城或增80亿+市值,21150,2017-08-13,0.99817950060885
我今天说过华夏幸福明天必定低开的，有谁不服的,10016,2017-08-17,0.3310061882232008
如果晚上年报公告证金已经出光，你猜明天华夏幸,15559,2017-08-17,0.5903348023218965
我来粗算算华夏中报业绩，欢迎指出错处！ 园区,35407,2017-07-25,0.2789387898511595
600340:华夏幸福2017年半年度报告摘要,43353,2017-08-17,0.959560705094235
中报速递：华夏幸福2017年上半年盈利53.67亿元,30194,2017-08-17,0.8033103457642071
600340:华夏幸福2017年4-6月经营情况简报,190066,2017-07-14,0.7570993018036922
还有四百多手融券，你敢涨我就敢做空，准备融券,4403,2017-08-17,0.5847484203789445
今天要向60天线发起攻击！,8432,2017-08-14,0.13489189376322408
华夏幸福中报预计增长多少？,31165,2017-08-14,0.896139111416419
空调我们选择格力，手机我们选择华为，新能源汽,14940,2017-07-08,0.06316954514591344
此时此刻，谁个二逼卖华夏？除非不是华夏人！这,13923,2017-08-14,0.5153938797074664
中报一出，连续二十五跌停，见证奇迹，立帖为证,14776,2017-08-15,0.9708466849954972
最近有庄托因为我说了实话，要举报我，我相信正,12768,2017-08-07,0.20913125345444983
600340:华夏幸福关于取得嘉兴科技城产业新城PPP,45644,2017-08-11,0.9799875082385598
华夏的模式是可以持续的，我查阅过自11年至17年,12842,2017-08-12,0.2807230454617089
华夏幸福助力嘉兴历史使命 中标嘉兴科技城产业,7248,2017-08-12,0.9988243231712713
看看我能不能够一直坚持华夏幸福这个根据地到它,23332,2017-05-23,0.9492718248249755
炒雄安，必炒华夏幸福！,16247,2017-08-08,0.9661005875941148
港资加码华夏幸福，看图说话，虽然不是很多，但,19381,2017-07-15,0.9124896686649774
600340:华夏幸福关于PPP项目资产支持票据发行完,40966,2017-08-11,0.9845563515875173
600340:华夏幸福关于拟发行PPP项目资产支持票据,57336,2017-06-20,0.9700180745755751
没有房地产，还会有涨价慨念？脑残啊！,5829,2017-07-21,0.9946105740319295
600340:华夏幸福关于控股股东股份质押解除的公,34375,2017-08-10,0.9917234278233678
600340:华夏幸福关于公司取得房地产项目的公告,65007,2017-08-09,0.9698882926863214
换股推荐，晨鸣纸业，北京利尔，河钢股份，我一,8894,2017-07-31,0.999515459092503
自己信自己，我还在坚持,15499,2017-08-02,0.5591144293784994
注意注意注意注意注意--8月18日出半年报--时间,9718,2017-08-09,0.4153257008772442
600340:华夏幸福关于设立下属公司的公告,41706,2017-08-09,0.7566850545029384
600340:华夏幸福关于媒体报道的澄清公告,482230,2017-04-04,0.980418055762667
证监会通报证券操纵案:制造题材、股评推荐，对,10980,2017-05-08,0.9423592523044159
抛！机构拉升诱多不是解放军,对倒放量是笑着数,8188,2017-07-27,0.30395695723223015
我重仓在32元被套。 别害怕，快要公布半年报了,15416,2017-08-07,0.22069900596225733
华夏幸福17年还有新高,8304,2017-08-08,0.9608459147224652
从6.20到目前机构通过专用平台发生9次大宗交易,19302,2017-07-27,0.07128548928709488
虽然我满仓持股华夏幸福，决定长期坚守，但是，,12842,2017-05-27,0.7970756799670863
十年炒股两茫茫，先亏车，再赔房。千古跌停无处,7800,2017-05-22,0.4039693577067719
华夏拉个板，华夏股民都幸福！,4001,2017-05-23,0.9448778882496551
华夏幸福，龙建股份,发图给咨询股友无关涨跌据,4600,2017-05-28,0.9599349663130646
附图：交通先行，廊涿固保城际马不停蹄,17887,2017-05-27,0.31329065502881503
放量拉升直接涨停了,4732,2017-05-23,0.28765853228496374
华夏市盈率只有8--9倍？,26758,2017-07-17,0.2182566441065007
华夏中报每股收益不低于2.22元,41952,2017-07-18,0.14080676130165215
——原来游资都去这里了,4714,2017-04-12,0.6589070338648944
4月CPI公布,遵循价值投资,二线白酒涨价,3811,2017-05-11,0.24708507909628175
46元的同伴还在吗？,5955,2017-05-23,0.17747183613316053
华夏幸福(600340)融资融券信息(05-22),13246,2017-05-23,0.9760740947411385
华夏幸福，可以超底[抄底][抄底][抄底],2941,2017-05-11,0.5314984796586145
套在40以上还没走的有吗？,16314,2017-05-09,0.3560215486438525
“全球技术-华夏加速-中国创造”模式结硕果！硅,15858,2017-07-29,0.3521291972987657
不要不识机会：华幸模式就是雄安发展的基本模式,7776,2017-07-06,0.9987803886323984
韩志国再振臂高呼：今日收盘后政策未调整将重新,15518,2017-05-28,0.9190381081482197
600340:华夏幸福关于拟签订南京经济技术开发区,73577,2017-08-04,0.7423592367542641
华夏幸福早已大手笔布局雄安新区,17160,2017-05-27,0.9875255538887852
谈一谈对雄安全线特停的理解,288013,2017-04-13,0.5539625622216461
买入华夏就没有幸福过,11320,2017-07-13,0.963784800535359
周末发布业绩预增百分之五十到六十公告。同时国,31993,2017-07-21,0.8713128869265139
有十分钟赚钱机会，二十分钟逃命机会，余下等死,6816,2017-07-27,0.5233535756695923
重大事件，华夏被中国银河冻结资产，明天开始连,27417,2017-08-01,0.307194074954972
华夏幸福下半年利好不断,28838,2017-07-30,0.9410827110528028
华夏幸福上涨的逻辑很简单前期出局机构急着回补,26534,2017-06-01,0.941340847577815
重大事项公告！牛B华夏幸福,16074,2017-06-06,0.9460392731830746
看好跟买～不看好就呵呵～盈亏自负滴么[大笑][,5685,2017-08-01,0.05190919529366189
京津冀地产巨擘，华夏“千年大计”,93386,2017-04-07,0.43690078476980776
华夏幸福助力航天事业发展 作为中国领先的产业,10670,2017-07-31,0.9999604058554048
600340:华夏幸福关于签订浙江德清雷甸产业新城P,80343,2017-07-28,0.9097262613446357
清仓的机构很幸福，接棒的很悽惨,15500,2017-04-13,0.9761022947746043
下周一低开低走，下周五28左右,11727,2017-07-28,0.113004992079061
**征婚,10271,2017-04-08,0.2126541664812025
600340:华夏幸福关于控股股东股份质押解除的公,37687,2017-07-27,0.9917234278233678
我在雄安没房，但我有公司-华夏幸福！,9270,2017-07-12,0.9388469588238213
空仓几天了，趁着大盘暴跌，狂买了华夏幸福5万,20851,2017-07-17,0.8496032839217875
华夏幸福迎来重大利好！,17851,2017-07-19,0.7269369418159826
快快抢筹码！机构马上拉升火箭发射马上开始抢到,4230,2017-05-23,0.8823285103228613
产业故事  就在华夏幸福香河机器人小镇，德国精,12529,2017-07-26,0.999785764883591
首篇作证华夏幸福即将蓄势大涨的深度分析,176950,2017-06-05,0.9997926507213204
华夏幸福:多头全部套死，空头汹涌澎湃！,8392,2017-07-27,0.9865561247099865
华夏就要迎来幸福了,11315,2017-07-26,0.7330022703492363
本人预测8.18公告内容。广东、江浙沪等地项目落,13102,2017-07-27,0.9686651261979782
华夏幸福:三大盘面信号凸显大量主力资金吸筹涌,7416,2017-07-26,0.988436208260125
华夏幸福16年销售额为1203亿，17年一季度为409,17022,2017-07-06,0.8176607099335722
做长线的朋友们请注意了，现在的我们已经无路可,11339,2017-07-26,0.6306042555893242
华夏幸福(600340)融资融券信息(07-25),10357,2017-07-26,0.9760740947411385
600340:华夏幸福关于控股股东股份质押解除的公,49751,2017-07-25,0.9917234278233678
咋回事儿？“固安县（县级）自然保护区”被撤销,15681,2017-07-25,0.05043011010634857
都说了出事了，就是没人信,14161,2017-07-25,0.2606434807729564
心痛的无法呼吸[哭][哭][哭]我都想重新投胎不要,11108,2017-07-17,0.9971930045212888
浙江德清项目正式落地，异地复制有序推进,86845,2017-07-12,0.999060236345518
今天走成这个样子，逆着主要板块逆着大盘，晚上,10498,2017-06-23,0.7373254261112575
压盘是可以做到的，各股大股东都减持一部分给热,6830,2017-04-11,0.18002755756852118
华夏幸福急需扩张股本,6908,2017-07-23,0.990813323433271
产服收入大部分是应收账款，政府是没钱支付的，,19338,2017-07-15,0.030732996945842084
华夏幸福我的这个根据地一时半会是回不来了。 ,21511,2017-07-13,0.9043468828159712
我买了个假50，高成长被套，价值投资也被套，国,9566,2017-07-15,0.9973576035784386
高位急拉升是大跌前诱多！出货是一价格区域并不,26982,2015-11-18,0.3716835789043048
论地产中的茅台--华夏幸福,16829,2017-07-20,0.8185224351588332
今天有可能要板板！,3081,2017-06-16,0.5
600340:华夏幸福2017年第九次临时股东大会会议,46391,2017-07-20,0.6353412924574479
600340:华夏幸福关于控股股东进行股票质押的公,54916,2017-07-17,0.9684677963112429
从华夏幸福来求证：天量见天价，对否？,12685,2017-04-15,0.6840366623264583
劝君莫靠想像活，真理标准是不跌，跌就不是好股,7708,2017-07-16,0.17684347948023482
南京银行、华夏幸福投资组合,19980,2017-04-06,0.9888989409819301
警惕:停牌的时点,价位,重回25元,严防突然停牌,6467,2017-04-14,0.6541299100987479
华夏幸福(600340)融资融券信息(07-14),14177,2017-07-15,0.9760740947411385
未来以来，幸福不再遥远,8891,2017-07-15,0.9919075091897614
清议：华夏幸福二季度简报分析,22082,2017-07-15,0.9860812554266885
私募内刊下周全进华夏幸福，行情已经到来了，赶,16466,2017-07-16,0.9996999647281761
华夏幸福，周线macd高位死叉，5，10周均线即将,20141,2017-06-24,0.9865455043058369
[满仓]漂亮50中国股市的心脏;沪深300中国股市的,4727,2017-07-15,0.9999455317207885
华夏幸福究竟是一家怎样的公司,46433,2017-05-18,0.964523974056711
华夏有5个大涨的理由！为什么不让我发？,5856,2017-06-18,0.12257522342960447
~~发财了,3905,2017-04-04,0.5709133159883483
经营简报浅析和中报业绩预测,24222,2017-07-14,0.9532837928689494
预测：本周末针对新股上市炒作和雄安板块恶炒将,35599,2017-04-14,0.12400278746541205
那个大粪嘴张中秦就是脑壳好昏,8516,2017-07-11,0.6259381568787232
冒死揭秘重大黑幕，华夏幸福还幸福吗,10752,2017-06-07,0.9753885710289957
坚定挖潜价值投资才是财富____________________,14016,2017-06-13,0.9649155048304365
港资开始买入华夏幸福,23555,2017-07-11,0.9599349663130642
华夏幸福：360转变超级黑马,63446,2017-06-16,0.8528588943469664
600340:华夏幸福关于2017年度第五期超短期融资,31905,2017-07-12,0.9865826707127604
600340:华夏幸福关于设立下属公司的公告,34449,2017-07-11,0.7566850545029384
600340:华夏幸福关于下属公司竞得土地使用权的,42707,2017-07-11,0.9671034645384952
600340:华夏幸福关于本公司取得房地产项目的公,38301,2017-07-11,0.9843378379626454
恭喜今天建仓加仓的朋友，暴涨行情明日启动[赞],7206,2017-07-06,0.9898668456758867
华夏幸福2017-6-9主力买入达到顶峰，之后就开始,4806,2017-07-02,0.9748996710372224
7月7日华夏幸福要开股东大会，大家可在交易软件,14634,2017-07-05,0.4557069747795557
昨天34买入100手华夏幸福，博今天红盘，但是今,27627,2017-06-30,0.9805683174584023
你们诚惶诚恐的时候，我又把仓位加重了一倍。,2270,2017-06-28,0.09051788758549617
华夏幸福(600340)大宗交易数据一览(06-27),60032,2017-06-27,0.7616205447745623
多空双方最终求和，多方只得红脸，空方没让突破,5944,2017-07-02,0.06781924551071117
今天表现很不错哦，很稳定，和往常有很大不同，,11554,2017-07-06,0.9961770065947356
600340:华夏幸福2017年第八次临时股东大会决议,35802,2017-07-07,0.9126922825831377
600340:华夏幸福关于取得浙江省德清县雷甸产业,58667,2017-07-07,0.9395449659964717
600340:华夏幸福关于控股股东股权解押的公告(20,37606,2017-07-06,0.9340863746893715
华夏幸福让业主不幸福，维权到底！,9328,2017-06-28,0.9863539983578427
华夏幸福产业新城 落地江门 PPP资产证券化加速,43433,2017-06-28,0.9997002387372204
刚刚又收到（3-22）,9073,2017-03-22,0.41333630373104857
600340:华夏幸福关于累计新增借款的公告,45568,2017-07-06,0.45431686537491367
600340:华夏幸福关于为下属公司提供担保的公告(,42821,2017-07-04,0.623248141952283
有很多股票，下去了就上不来，我认为华夏不会，,10718,2017-07-04,0.5727002357603284
。。。。买还是不买呢，好纠结，咋感觉着还要往,8142,2017-07-04,0.09807300065815672
华夏幸福(600340)大宗交易数据一览(06-28),61821,2017-06-28,0.7616205447745623
争分夺秒2017：产业新区，特色小镇，一带一路,53868,2017-05-12,0.9944218379943566
600340:华夏幸福关于控股股东股权解押的公告(20,50691,2017-07-03,0.9340863746893715
华夏幸福  主力看好这点位，你就知道了！！,7451,2017-07-03,0.6571632949288426
安安静静地满仓持股华夏幸福，度过三年，股价必,78311,2017-05-24,0.995364224188046
华夏幸福，嗯，不错，买入！,6052,2017-06-30,0.993318872739055
傻逼主力拉得这么高还有比你主力更傻的来接盘？,3946,2017-04-10,0.431968757661898
等哪天开板了，我们小散进来站岗！,933,2017-04-10,0.4682428264686155
雄安第二波,5544,2017-04-10,0.7965821173476954
最低估值的次新股上海环境601200，新股上市才3,3440,2017-04-10,0.27679212656854
http://bbs.tianya.cn/post-house-606829-1,1494,2017-04-10,0.5
2013年自贸区龙头外高桥16个涨停，别忘记了,2982,2017-04-10,0.1937412885542804
雄安概念这些股必出大牛,22729,2017-04-09,0.9037248556559039
大秦60平方公里用地，理论上可建租赁房150万套,3139,2017-04-09,0.08429754835953962
热烈祝贺华夏幸福第三板,6422,2017-04-07,0.8535401641977505
觉得太幸福了！,2467,2017-04-10,0.8377703930662416
粤港澳大湾区打造世界湾区经济新高地 据了解，,10746,2017-04-10,0.9994088936541847
雄安唯一的旅游概念股！,3040,2017-04-10,0.6341341893281219
价值洼地,6520,2017-04-10,0.5852826119432073
这样一个盘子开板了，谁接盘？,5015,2017-04-10,0.032701542583625454
都放量了,快跑吧,4258,2017-04-10,0.5
今晚估计要停牌自查了，呵呵,7801,2017-04-10,0.2969262364784804
这么牛逼？华夏幸福的股东可真幸福,9719,2017-04-10,0.9944807559788705
全民支持房地产,1360,2017-04-10,0.9597005706076867
挂涨停出货,2737,2017-04-10,0.24192089470944733
今日三条主线（附）,3804,2017-04-10,0.957105522114583
山大华特比邻河北雄安新区携医药、环保产业双轮,6744,2017-04-10,0.9966825104559255
速度卖出这个股！换600764中电广通！！[鼓掌][,1751,2017-04-10,0.5899931488725468
尾盘动态：华夏主力收盘前3分钟显示部分撤单，,3484,2017-04-07,0.01068811336874409
雄安新区概念股阶段价值分析 （河北、北京、天,10827,2017-04-09,0.9986177183720513
600340:华夏幸福第六届董事会第十七次会议决议,31541,2017-06-26,0.5808882401369508
套死一群王八蛋,4070,2017-04-10,0.7925871308123208
保变电气，雄安新区唯一输配电气  风能  太阳能,4186,2017-04-10,0.8878039036358074
错过雄安，不能错过大湾，粤港澳大湾区龙头格力,4615,2017-04-10,0.9557577428399514
估计可以够你2年阴跌了哈哈哈,8301,2017-04-10,0.7568961095496547
两市的唯一乐园,6460,2017-04-10,0.07610523288410054
还有几个涨停？？,3375,2017-04-07,0.2131046836176036
[图片],14123,2017-04-10,0.5826086956521737
盘子最小的雄安概念股---廊坊发展,2054,2017-04-10,0.2816706475028803
本股的分析和走势 必看！有多概念 军工牛股 把,2031,2017-04-10,0.9508546886636355
天天喊经济发展，你生活改善了吗？天天听说股市,3566,2017-04-10,0.9995170208728034
上海环境601200是唯一3个涨停板新股,3171,2017-04-10,0.7696166752474516
华夏幸福中标廊涿固保城际项目！预计2016年底开,2725,2017-04-10,0.08371520675082134
明显封单少了,4502,2017-04-10,0.2498054532307017
冲啊，抢啊，02169在雄安有电力建设业务,2204,2017-04-07,0.276405781935261
东方能源牵手华夏幸福子公司 在轨道沿线开发清,5144,2017-04-10,0.7743449501593827
10连板,3073,2017-04-10,0.3287737526931097
华夏幸福  卖出华夏幸福买进这3天暴跌10几个点,2244,2017-04-10,0.9380243434708052
你妹快把板撤了，大家一起玩,1936,2017-04-10,0.5171889519098074
华夏幸福     大机构布局新安概念   可惜这几天,2704,2017-04-10,0.937481002726711
还有20个涨停哈哈哈,5522,2017-04-10,0.8224106875497676
明天一字涨停,1509,2017-04-10,0.341705359872037
鉴于雄安为千年大计，意义重大。本人给予未来目,3337,2017-04-10,0.8690885938117731
华夏幸福资金财技曝光：低息发债和高息放贷,9628,2017-04-10,0.9989439707152612
【联讯中小盘深度】产业新城开发典范，立足京津,24875,2017-02-14,0.9724990171750727
公司三季报点评：PPP创新拓展、销售剑指千亿,36190,2016-10-28,0.6071557255942459
热烈庆祝华夏幸福固安产业新城十五岁生日 15载,13149,2017-06-28,0.9978032121689944
华夏幸福助力光电显示产业发展 作为中国领先的,8638,2017-06-30,0.999718421808068
华夏幸福(600340)大宗交易数据一览(06-29),59183,2017-06-29,0.7616205447745623
丁梦寒是？,5883,2017-06-29,0.8148857167746546
600340:华夏幸福关于2017年度第四期超短期融资,15464,2017-06-29,0.9918689965737808
请教:完成一百产业新城到100元要三年吗,30999,2017-05-17,0.43653590610154225
华夏幸福今日有收中阳的可能,27092,2017-06-21,0.9423202991770842
华夏幸福这吧里怎么不行我发帖？,11600,2017-06-18,0.8560626186901146
我们涨呀，美国加息了,11457,2017-06-15,0.8662598402132705
到股市是投资不是亏钱,10923,2017-06-18,0.9245840213674199
今天34买进的朋友，肯定是要深套无疑了，静待33,12116,2017-06-28,0.9275129679020315
买入良机,2814,2017-06-27,0.7297953905324696
600340:华夏幸福关于参与投资河北新型显示产业,74280,2017-06-26,0.986419983216249
雨后彩莲告诉您：华夏幸福再回调，买进就是赚钱,19098,2017-06-24,0.3400775194535334
国资委主任：鼓励中储股份收购世界500强第59名,31465,2017-04-09,0.9999442648025008
华夏幸福(600340)大宗交易数据一览(06-23),47510,2017-06-23,0.7616205447745623
兄弟们你们还在这里煎熬吗吼吼？看看人家雄安股,5544,2017-06-20,0.6077405103240037
中信证券苏州苏雅路，究竟是什么人？,25103,2017-06-23,0.9947111832720725
（持有华幸10联盟宣）该股进入橫盘震荡期，建议,10277,2017-06-25,0.42696313262248153
万科轰板喽，你也红几分钱，真是不嫌丢人,4694,2017-06-23,0.03555838016290547
600340:华夏幸福关于2017年度第三期超短期融资,39963,2017-06-23,0.9907083184382589
600340:华夏幸福关于与平安大华签署《增资协议,86877,2017-06-22,0.0900804604221992
我来看看，还有几个散户能够像我一样保持信心淡,9922,2017-06-13,0.6250839400986092
华夏幸福(600340)大宗交易数据一览(06-22),48817,2017-06-22,0.7616205447745623
华夏幸福，一只百元股票,9095,2017-05-17,0.9264061640721643
今日真像，为什么银行大涨，万达闪崩，华夏大跌,20108,2017-06-22,0.6925757689193502
华夏幸福(600340)大宗交易数据一览(06-21),42119,2017-06-21,0.7616205447745623
600340:华夏幸福关于控股股东办理非公开发行可,43905,2017-06-21,0.5398793295489419
华夏幸福(600340)大宗交易数据一览(06-20),33989,2017-06-20,0.7616205447745623
华夏不出一个月能上48元！谁不让我发帖！,14778,2017-06-18,0.06476945338244489
华夏幸福(600340)大宗交易数据一览(06-19),38492,2017-06-19,0.7616205447745623
华夏幸福助推大厂总部经济提速 建立百亿元级产,39706,2017-06-20,0.9890709606640572
唯一一家超级黑马: 1、几年没有解禁股，目前雄,9858,2017-06-14,0.07519934518749816
坚决支持韩志国同学说真话,2719,2017-06-16,0.8452328952777366
华夏幸福(600340)融资融券信息(06-14),9621,2017-06-15,0.9760740947411385
600340:华夏幸福关于控股股东进行股票质押式回,54314,2017-06-16,0.9528097725965117
活着就行呀，可以炒股,1820,2017-06-16,0.025188486986200465
华夏幸福(600340)大宗交易数据一览(06-14),41113,2017-06-14,0.7616205447745623
600340:华夏幸福2015年公司债券受托管理人报告(,43612,2017-06-15,0.9273339712361794
以我的经验看，现在华夏幸福的调整结束了。希望,7713,2017-06-15,0.9375971303323678
给华夏幸福算个命,33586,2017-05-25,0.9878878695766024
华夏幸福坚持产业新城战略 进入丰收期 2017-06-,23414,2017-06-14,0.9987641251609645
华夏幸福获华能信托15亿元增资,4083,2017-06-10,0.9173352203843775
华夏幸福(600340)大宗交易数据一览(06-15),38469,2017-06-15,0.7616205447745623
还需调整数日，耐心等待,4363,2017-06-16,0.5237104445326963
买盘不济（缩量）造成了股指欲振乏力,1577,2017-06-15,0.18581088558565706
创新驱动，华夏幸福打造大厂百亿级总部商务产业,8992,2017-06-16,0.9983836697841785
热到极点要出局 跌到地量是进点  ,7074,2017-06-10,0.0650580805365415
本人再次强力推荐600234山水，的理由分析如下：,15668,2017-05-09,0.7768977944736342
今天再来看看，还有几个散户能够像我一样保持信,4511,2017-06-15,0.37259210731575465
600340:华夏幸福关于控股股东股权解押的公告(20,65587,2017-06-14,0.9340863746893715
地产另类华夏幸福,101721,2017-06-13,0.8569355154330003
业绩稳定高增长，京津冀第二梯队园区发力,150212,2017-05-04,0.6382036234609804
事件点评：“千年大计”雄安新区设立 公司享受,49763,2017-04-05,0.9677773561049573
业绩靓丽，成长持续,111971,2017-04-28,0.9989690704655013
华夏幸福(600340)大宗交易数据一览(06-13),70986,2017-06-13,0.7616205447745623
600340:华夏幸福2017年第七次临时股东大会会议,56342,2017-06-13,0.6353412924574479
华夏幸福:分红之后怎么走？,22166,2017-06-12,0.9176869873591376
600340:华夏幸福关于设立下属公司的公告,64275,2017-06-09,0.7566850545029384
华夏一百个利空和一百个概念都抵不上一个上证50,36152,2017-06-10,0.927917971426332
经济学家清议先生《百元华夏幸福不是梦》,61474,2017-05-18,0.9532583091045304
下周雄安板块继续扛大旗！但是最赚钱的板块却是,12031,2017-04-15,0.7427674869893889
2017年5月24日，下午13.20分，32元的华夏（做个,13009,2017-05-24,0.14628140264909228
成都航空设备制造公司生产的装备应用于多型歼击,28648,2017-04-22,0.6814459196898977
真龙在渊-华夏幸福，雄安481+大湾320平方公里,32064,2017-04-26,0.9140307556785826
请问分红所得明天卖会亏吗,15588,2017-06-12,0.028726742488403234
《华夏幸福下周最高我看到42元》,29517,2017-06-10,0.9129683948210124
华夏幸福2017若结算1000亿，每股收益可达4元左,24979,2017-05-16,0.48962744763194865
华夏幸福：下周有望突破40元？？？,17144,2017-06-09,0.6145926781279232
600340:华夏幸福关于本公司取得房地产项目的公,95245,2017-06-09,0.9843378379626454
~~兰州 银川 西宁 要出大政策 五月份左右公布,3337,2017-04-05,0.22968595742843578
为什么大盘跌我都能赚到钱，普涨的时候却赚不到,10094,2017-06-07,0.018104444311967782
华夏天天出利好，还是不涨反而天天跌。,1844,2017-05-19,0.7172274356608785
华夏幸福(600340)大宗交易数据一览(06-09),85444,2017-06-09,0.7616205447745623
请大家翻阅一下5月22日的帖子。 5月22日，公布,16525,2017-06-08,0.0051785473939895965
解剖华夏幸福舒城产业新城从零到引资420亿元过,14248,2017-06-08,0.9373047957016665
600340:华夏幸福关于下属公司竞得土地使用权的,67084,2017-06-09,0.9671034645384952
关注必看600340未来三年2017-2019每股收益35元,22369,2017-06-07,0.9899879471710135
华夏幸福题材好，为什么K线美如画？追高的、站,11760,2017-04-23,0.9981378176056757
600340:华夏幸福2016年年度权益分派实施公告,188479,2017-06-06,0.9355278988212982
华夏幸福(600340)融资融券信息(06-08),9823,2017-06-09,0.9760740947411385
600340:华夏幸福2017年第六次临时股东大会决议,51172,2017-06-08,0.9102088994150004
600340:华夏幸福关于控股股东股权解押的公告(20,50403,2017-06-08,0.9340863746893715
雄安新区唯一一支有净资产是股价的7倍的股票。,16445,2017-06-08,0.9458467266940895
从这几天的走势看,12962,2017-06-05,0.415636618192442
和星期五一样尾盘拉一下忽悠散户。,9347,2017-06-05,0.005772437768113203
浅说大盘的运行方式,11245,2017-06-05,0.8596517026726194
在连接国际投资社群与中国内地市场中的关键角色,2907,2017-06-08,0.9985208341590147
[鼓掌]上海银行[601229]正在构筑历史超级大双底,2540,2017-04-18,0.9449337283611592
[抄底]截止2017-03-31上海银行601229十大流通股,10059,2017-04-30,0.05013977284995552
明天应不会再低开了吧。,15823,2017-05-16,0.1307953021269902
600340:华夏幸福关于取得南京经济技术开发区龙,95783,2017-06-06,0.9945797416760387
不割肉一一一一一一一一一一一一一一一一一,19791,2017-04-29,0.9524095992362919
鉴于近日颁布的诸多实质性利好、分红派息及6.12,19867,2017-06-06,0.2874474063618857
白洋淀科技城15年就开工了,53721,2017-04-13,0.9103489066716454
华夏幸福(600340)融资融券信息(06-05),12420,2017-06-06,0.9760740947411385
600340:华夏幸福卡拉旺产业新城开发公司与印尼P,65106,2017-06-05,0.9194311957790375
我已经卖了一套雄安房子满仓买华夏幸福,13309,2017-04-17,0.8974691652658114
600340:华夏幸福关于控股股东进行股票质押式回,32621,2017-06-05,0.9528097725965117
600340:华夏幸福关于下属子公司拟回购廊坊孔雀,74871,2017-06-05,0.7216386150618622
600340:华夏幸福关于签订整体合作开发建设经营,97664,2017-06-05,0.1959861550651142
600340:华夏幸福关于召开2017年第七次临时股东,24345,2017-06-05,0.46231282836946663
600340:华夏幸福关于签订整体合作开发建设经营,52258,2017-06-05,0.1959861550651142
600340:华夏幸福关于拟与光大银行签订战略合作,30747,2017-06-05,0.5690071056383458
600340:华夏幸福关于签订整体合作开发建设经营,51582,2017-06-05,0.1959861550651142
600340:华夏幸福关于拟与申万宏源证券签署《增,50586,2017-06-05,0.75898929798241
老龙头能否带动第一波归来？华夏，金隅，冀东，,4440,2017-06-03,0.8046979384646935
换家店面，不经意间已过10多天!,139976,2016-04-18,0.16828524881068685
收盘价：35.09,1907,2017-06-05,0.4737672181921908
600340:华夏幸福2017年第六次临时股东大会会议,84037,2017-05-31,0.8352141056450197
没想到会干你,1824,2017-05-23,0.1911656217719535
星期五，中央电视新闻联播报道，华夏幸福，可燃,36146,2017-06-04,0.9099334949120026
重仓持股华夏幸福，长线持股不动摇。 第一，大,11994,2017-06-02,0.20105058563729938
下周将有20个点的涨幅,21577,2017-06-03,0.252432940913092
被调入漂亮50行列，华夏幸福或被注入新活力！,22972,2017-05-31,0.9995943894925596
第二批名单即将公布 多家公司抢滩“特色小镇”,119174,2017-06-02,0.6759762645652143
廊涿固保城际铁路 华夏幸福持股60%。穿过雄安特,29396,2017-04-17,0.72519753280554
河北省城镇供热“十三五”规划出台 县城以上城,39464,2017-06-02,0.46223002193098117
防护和规范，股市的重点,1567,2017-05-29,0.9947691522048528
60日线强支撑，进了!,22845,2017-05-23,0.14872373471786782
600340:华夏幸福关于取得武汉国家航天产业基地P,55848,2017-03-31,0.8461970532813424
雄安新区及北京副中心周边的河北 三大地主： （,23995,2017-06-01,0.8583497494409147
000925众合科技 雄安真正节能环保水处理+轨道交,2256,2017-04-10,0.5513091806002556
华夏幸福(600340)融资融券信息(05-31),20303,2017-06-01,0.9760740947411385
不要用短线思维买入华夏幸福；坚定长线持有、必,43361,2017-05-18,0.9944982024223077
600340:华夏幸福关于签订武汉国家航天产业基地P,82519,2017-05-23,0.29217288527487806
魔咒再现，600340 节后将闪崩！！,12528,2017-05-26,0.8411471885722343
上周五买了12万元华夏幸福，看来赌对了，明天一,12814,2017-05-30,0.8773367825084182
周三 雄安板块在华夏幸福带动下集体暴涨 鼓掌。,17650,2017-05-29,0.9932064372789292
今天特别激动明天就要开盘了，明天不知道是不是,14335,2017-05-30,0.1136613592963075
沙盘推演：明天港股乘胜追击，内地地产股继续创,14151,2017-05-29,0.06336497572939259
上周拉高出货的庄家，节后开盘肯定还要往下砸个,9122,2017-05-29,0.308041027906078
缩量反弹都是纸老虎！,10803,2017-05-07,0.35309040381218193
现在大家细数一下华幸的几个第一：产业园区建设,16997,2017-05-29,0.07235638505601849
2017.5.26早盘直接拉升，随后我们短线出货，大,24664,2017-05-25,0.15990565593744732
600340 恭喜买进的粉丝  明天拉升出货  不要追,28326,2017-05-25,0.18357798155184324
玫瑰花---华夏幸福,13121,2017-05-05,0.9392408744963726
华夏幸福雄安项目要开工了,24941,2017-05-26,0.9905026836652541
成长铸就卓越，PPP模式典范,21989,2017-03-30,0.9336723626684897
600340  今天买进  明天拉升出货,16219,2017-05-25,0.057372030931531426
报告：小散已经洗的差不多了，请速速拉升，让小,3078,2017-05-22,0.042417747247636584
土豆土豆，我是地瓜：（持有华幸10年联盟宣）要,12423,2017-05-21,0.921993927498352
600340:华夏幸福关于2017年度第一期中期票据发,59441,2017-05-24,0.9599199923021468
600340:华夏幸福公开发行2015年公司债券受托管,48776,2017-05-24,0.7649975713416545
华夏幸福(600340)融资融券信息(05-24),14329,2017-05-25,0.9760740947411385
雄安概念股不会再有机构或大资金了，因为不让炒,7552,2017-04-17,0.6325752237344502
华夏幸福助力科技成果转化 云谷第6代AMOLED或打,58294,2017-05-23,0.9995391060022293
华夏幸福---快乐,14667,2017-05-06,0.9914880979819995
李大宵：雄安概念再现强势,5033,2017-05-24,0.9245240873305249
600340:华夏幸福第六届董事会第十四次会议决议,34349,2017-05-23,0.8061262282722459
华夏幸福：签署航天产业基地项目及新郑市建设合,67280,2017-05-23,0.3107502119067286
600340:华夏幸福关于签订整体合作开发建设经营,55934,2017-05-23,0.1959861550651142
《关于华夏幸福与冀东水泥的估值与股价：》,56748,2017-04-30,0.9617331074623345
我曾经是最看好华夏幸福，40.37元介入，30.89元,39592,2017-05-13,0.8090967351973056
600340:华夏幸福关于签署《永续债权投资合同》,49315,2017-05-23,0.687678374532499
雄安概念，千年大顶,6301,2017-04-17,0.9640959117289256
环北京项目储备丰富，受益京津冀一体化,109662,2017-04-10,0.943000506316883
冀中能源水泥厂9月水泥日销9000吨 ，年产300万,7234,2017-04-09,0.00374111070596872
今天华夏幸福主力资金净流出1.93亿元，排名两市,13956,2017-05-22,0.8729218711164728
31.4买到了  哈哈,8616,2017-05-22,0.48244778683568157
600340:华夏幸福2017年第五次临时股东大会会议,85451,2017-05-08,0.7304748719986419
600340:华夏幸福关于公司及子公司提供担保的进,70949,2017-05-08,0.5028567216133826
60亿流通市值的光明地产华夏幸福的兄弟们关注,6033,2017-04-23,0.7430421282114308
昨天说10年买卖是利好的人呢，跑哪去了[不屑],4688,2017-05-22,0.16627565125798194
雄安13000的房价，有出售的吗？我要,12389,2017-05-21,0.5777087321414544
熊安10年限卖，禁止炒房了，明显利空啊，怎么到,18335,2017-05-21,0.20758237538850743
居然有人说不让卖房是利好，我去真敢忽悠啊，你,12568,2017-05-21,0.0006850895462033879
35左右套了百亿规模，有谁会拿这么多钱拉上来让,17231,2017-05-21,0.40731898565347446
60亿流通市值最有潜力的地产股介绍,5353,2017-04-23,0.062479602158062475
限售10年！保定出台最狠限购！真相没那么可怕！,12281,2017-05-21,0.6593352248165719
600340:华夏幸福关于公司主体及债券信用评级发,60524,2017-05-19,0.32796610611447374
河北日报：保定首推“双限双竞”，10年内不能买,29063,2017-05-20,0.9833138986970517
4.25关注：冀东装备，中持股份,先河环保 今天我,12336,2017-04-24,0.8981457927940083
我就是因为坚持等着分红，所以还在继续持股坚持,8550,2017-05-19,0.21499203524123278
600340:华夏幸福关于公司主体及债券信用评级发,35575,2017-05-19,0.32796610611447374
华夏幸福：预计2017年销售额1450亿元,97117,2017-05-16,0.5733208754491265
等我在华夏炒股发财了，就跟你离婚…,6298,2017-05-18,0.6721987104288231
坦白的说，连我这么有信心的人都快绝望了，我流,10861,2017-05-19,0.6064101122285805
按华夏销售额需要两年结算期算2017年的每股净利,25925,2017-05-16,0.08001320779276788
做股东吧[不屑],1783,2017-05-19,0.560697666064063
继续睡砸啊，我就不出来[大笑],2227,2017-05-19,0.06867315832855891
看32元支撑了,1893,2017-05-19,0.7716610039427928
一吓全出来！好！,1698,2017-05-19,0.6340607632658556
好，准备要起飞了,1767,2017-05-19,0.6317853705682682
赶紧买和佳股份 进军雄安大医疗,1664,2017-05-19,0.887413963656333
600340:华夏幸福关于为下属公司提供担保的公告,48054,2017-05-18,0.623248141952283
缩量下跌，对个股而言，庄家为了吸货，打压股价,3860,2017-05-19,0.20327517631415115
我的理念：第一我要参与雄安主题投资，别的估值,25331,2017-05-15,0.9969198212466621
5月18日数据日报：沪指震荡下挫失守3100点,23584,2017-05-18,0.6362072476636321
今天下午很多人光看华夏幸福可能看不懂，但如果,17765,2017-05-18,0.9240183401541264
新闻联播，现华夏幸福画面,13933,2017-05-18,0.9612870004302413
新闻联播今晚看到播出了华夏幸福！有朋友注意到,22351,2017-05-18,0.978567109914551
5月17日数据日报：创业板逆市走强收出五连阳,27429,2017-05-17,0.7060117817806106
老虎今日跋山涉水，不远万里前去武当山礼请太乙,6629,2017-05-17,0.9723711164607236
华夏幸福河北白洋淀项目物业招标继续进行，6月8,8588,2017-05-18,0.8914829566852359
华夏幸福：预计2017年销售额为1450亿元,83275,2017-05-16,0.5733208754491265
调整到位，第一目标50，第二目标62，年底78左右,9441,2017-05-16,0.856033205634984
今天你对我爱理不理 ，明天我让你高攀不起！,19739,2017-05-10,0.11895542534102599
华夏幸福PK光明地产,6408,2017-04-23,0.8708149007878762
600340:华夏幸福2017年第五次临时股东大会的法,25605,2017-05-16,0.9591647610288764
600340:华夏幸福2017年第五次临时股东大会决议,61820,2017-05-16,0.8442478811090344
600340:华夏幸福关于2017年度第二期超短期融资,65325,2017-05-15,0.9926650454831953
600340:华夏幸福关于参加2017年度投资者网上集,67583,2017-05-09,0.9974732936444253
再荐光明！暴增的业绩预期，上海混改中唯一仍处,25608,2017-04-13,0.9900550547228998
5月15日数据日报：沪指收出缩量三连阳 网络安全,24642,2017-05-15,0.1891774605397306
冀中能源水泥厂9月水泥日销9000吨 ，年产300万,15877,2017-04-07,0.00374111070596872
转发：华夏到底值多少钱？,21186,2017-05-15,0.2630555652156199
割肉了，你可以涨了，中国股市玩不得,6442,2017-05-15,0.98693975055262
华夏幸福股价下三成 大成系3只重仓基金抗跌出现,77253,2017-05-15,0.700228578688747
奔向幸福的方向，哪里才是天堂！,5215,2017-05-11,0.9929531226756377
这股可以买入做T+0,非常好的适合操作股,4776,2017-05-11,0.5346858007057504
市场在重新认识华幸福价值,2914,2017-05-11,0.9761805717983992
华夏幸福：雄安龙头？,18852,2017-05-12,0.8990121020554
河北限购政策影响的是住宅，华夏幸福是做产业新,15431,2017-05-14,0.9775440815956282
雄安的真正受益公司--华夏幸福,26938,2017-05-07,0.9656398809012285
雄安概念将波浪性升高，华夏建设将是其中代表,14068,2017-05-14,0.9818935052237286
下周一早上8点之后直接往跌停上挂单,14991,2017-04-15,0.012832404329367941
股价收益率告诉你：华夏幸福不如荣盛发展,10717,2017-05-14,0.9867070507122166
我怎么就不明白，建公租房谁出钱，是企业出钱，,11066,2017-05-13,0.07532550481898992
5月12日数据日报：权重股奋力护盘沪指缩量收涨,32250,2017-05-12,0.05779579707091931
公告：华夏幸福重大资产翻翻，作为雄安龙头;600,36375,2017-05-12,0.9479040206537933
华夏幸福42的成本。5000股，还有人比这成本更高,14321,2017-05-12,0.8877367151442049
华夏幸福：时间视野10年，单位平方公里，模式固,36915,2017-04-28,0.9925409704487446
进去差不多1个亿的资金，都不拉伸的～三祥建材,14055,2017-05-11,0.6406928735249876
我们来说说华夏幸福的每股收益，我们以年均30%,18093,2017-05-08,0.9120269419612019
华夏幸福:绞杀融资客才刚刚开始？,26180,2017-05-09,0.9709037667899366
5月11日数据日报：沪指探底回升收盘小幅上扬,21282,2017-05-11,0.323623203696649
拿了半个月了。每次跌都补仓，每次补在半山腰。,4045,2017-05-12,0.03803917616386321
上午洗盘明显，吸筹成功，华夏幸福下午直线拉升,11245,2017-05-08,0.9034318149812839
华夏幸福主做产业园及产业园周边配套住宅，看下,9684,2017-05-12,0.9974815251874461
48进45出，40进37出，今天30.90进了马上第一件,14059,2017-05-10,0.024513132893512868
华夏幸福真正的一带一路股收到打压，假伪一带一,13954,2017-05-09,0.49547170683586217
我是48.1元买的，买了130手，又在低点补了点仓,62820,2017-05-03,0.7198423244073022
5月9日数据日报：沪指探底回升终结“五连跌”,18986,2017-05-09,0.5726609368465103
[哭][哭][哭]谁还有48块的本。山顶太冷了。组团,7083,2017-05-08,0.9236152774262159
华夏幸福(600340)融资融券信息(05-09),20359,2017-05-10,0.9760740947411385
一个在全中国核心经济区域都巨量土地储备，还有,198083,2017-04-13,0.9982819079993779
今天你笑华夏幸福高位套牢融资盘。六月等你明白,11460,2017-05-10,0.9944243486367058
华夏幸福(600340)融资融券信息(05-08),19754,2017-05-09,0.9760740947411385
600340:华夏幸福关于本公司取得房地产项目的公,62635,2017-05-08,0.9843378379626454
600340:华夏幸福关于下属公司竞得土地使用权的,103755,2017-05-08,0.9671034645384952
心慌了...35.80的成本2万股,11875,2017-05-08,0.24893760257870523
我估计要爆拉到150元左右才会公布华为借壳华夏,28142,2017-05-05,0.0020496231757709538
超跌反弹，如何把握？,9230,2017-04-19,0.8425087992361369
5月8日数据日报：沪指五连跌，失守3100点,21963,2017-05-08,0.6087829339487493
600340:华夏幸福关于下属公司签订南京市江宁区,22418,2017-05-08,0.5833195917986176
华夏幸福的开板价估计在368元至405元之间。,14043,2017-04-20,0.8739313149786283
600340:华夏幸福关于本公司取得房地产项目的公,36398,2017-05-08,0.9843378379626454
兴业地产华夏幸福5月4日调研纪要  2017-05-05,27996,2017-05-05,0.20620630250627403
600340:华夏幸福关于设立下属公司的公告,26947,2017-05-08,0.7566850545029384
证券简称：华夏幸福 证券代码：600340 编号：临,10138,2017-05-08,0.8332515026887292
新华社：谋定而后动 雄安新区总体规划正在优化,2843,2017-05-01,0.9311374696168445
全仓搞入亚泰集团 600881 节后涨停,1806,2017-04-28,0.06681594032023264
白洋淀科技城与雄安新区的关系分析,24105,2017-05-07,0.9974804811688565
你幸福吗：洗盘吸筹结束，今日爆拉涨停！,18349,2017-05-05,0.9933944429342166
华夏幸福---终究还是雄安的龙头,18976,2017-05-03,0.9763110787664003
600340:华夏幸福关于签订整体合作开发建设经营,19962,2015-08-27,0.1959861550651142
华夏幸福的确在雄县和白洋淀有项目但不在雄安新,24582,2017-05-06,0.8911292688236114
其实华夏的白洋淀与特区的白洋淀不是一回事，属,21956,2017-05-06,0.20210178603842388
惊天利好，华夏幸福雄安二个项目已落实，华为入,21732,2017-05-05,0.6381634101884904
还真有。华夏幸福的雄安白洋淀科技城招标了。,20901,2017-05-06,0.9921384469259931
强势标之华夏幸福，短期内要上涨,8375,2017-04-26,0.6120120765321048
百元华夏幸福不是梦,5317,2017-04-28,0.89347058347657
5月5日数据日报：沪指四连跌退守3100点,19573,2017-05-05,0.36309408342086014
中铁信托拟出资10亿元增资华夏幸福孙公司,46403,2017-05-05,0.9206799058440521
5月4日数据日报：沪指五月开局遭遇三连跌,28288,2017-05-04,0.36391850285716976
600340:华夏幸福关于取得《廊涿固保城际铁路项,63108,2016-05-27,0.6994842256995276
明天跑都没机会。,9892,2017-05-04,0.4079084486254153
600155是雄安概念股中唯一金融股 证券股,8958,2017-04-13,0.8786090084981832
京汉公告，明天应该会开一字，能否带动华厦,12539,2017-05-04,0.11848688715846312
华夏幸福本周末出中标公告，具体中什么标你懂的,15726,2017-05-04,0.9313923083650638
600340:华夏幸福2017年第四次临时股东大会决议,63280,2017-05-03,0.8999245986676331
5月3日数据日报：市场人气低迷沪指小幅下挫,24511,2017-05-03,0.5674425089525046
机构游资疯狂抄底开盘上午买入1000万股下午再买,2239,2017-04-26,0.5025460448737723
600340:华夏幸福关于与石家庄市人民政府签署合,24984,2016-11-07,0.4677507439096409
有利好就出货,1899,2017-04-26,0.35447404196165677
没上车的速度了，马上第二轮,1145,2017-04-26,0.6321841779337176
转：此股也具雄安概念！未炒黑马！,3609,2017-04-05,0.4811676968795957
华夏幸福(600340)融资融券信息(05-02),18123,2017-05-03,0.9760740947411385
华夏幸福：我们彻底错了,33735,2017-05-02,0.9200049615310322
浅谈华夏幸福的投资价值及雄安概念交易博弈,41971,2017-04-29,0.9989090843592463
5月2日数据日报：沪指小幅收跌终结四连阳,11498,2017-05-02,0.5996493655094762
畜生，连将退巿股也不及,5861,2017-01-23,0.09949961967942167
不用炒房了，买100股华夏幸福 = 买84平方米产业,10560,2017-04-18,0.22308445241293184
600340:华夏幸福关于拟与华为技术有限公司签署,523662,2017-04-18,0.5238453932264736
雄安新区及周边八大地主：含金量排名情况,37594,2017-04-28,0.7849630901080978
爹[不赞][不赞][哭][哭],2307,2017-04-17,0.9937269254742956
雄安概念真正龙头股华夏幸福100元并不高估,39726,2017-04-22,0.6813382656752563
从基本面分析来看,10305,2017-05-02,0.9779035137537031
2017年动态市盈率才10倍左右，正是抄底时,10360,2017-04-17,0.14624768153355638
华夏幸福抢滩粤港澳大湾区 “产业新城”席卷珠,53872,2017-05-02,0.9935437808843155
4.13热点分析，简单明了，股民把握建设规划新机,4850,2017-04-13,0.9975973608354798
谢谢大家为国接盘,3871,2017-04-17,0.7134116072156472
600340:华夏幸福关于取得新郑产业新城PPP项目《,187536,2017-04-28,0.9985028496490129
上次开板让你们换太辰光时华厦幸福股价还高!现,1846,2017-04-26,0.8016262814462778
30元。 以下买,1625,2017-04-23,0.24958476917235295
熊按，弟二波,1533,2017-04-26,0.8982122191476548
600340:华夏幸福关于下属公司与文莱政府和DARUS,74665,2017-04-28,0.7729962145185919
惠达卫浴是次新股中唯一的雄安股票,1343,2017-04-26,0.8904042952504793
华夏幸福,发图给咨询股友无关涨跌据此操作后果,14123,2017-05-01,0.9078619559792114
华厦不拉上去，大盘要崩溃,3756,2017-04-17,0.1914049948647959
一帖看清华夏幸福“嘉善高铁新城”项目进展,28799,2017-03-12,0.9615370059606901
华夏幸福的雄安干货,21654,2017-04-28,0.5660066881579606
华夏幸福—雄安新区概念真龙头！请看分析。,67971,2017-04-09,0.9987663002370483
董事长在签约,24065,2017-04-15,0.5702173444253367
华夏幸福扩围河北涿鹿产业新城 京汉股份雄安项,52690,2017-04-07,0.9994217870299332
这是我们的董事长,16909,2017-04-13,0.8
华夏幸福的小秘密，你发现了吗？,43051,2016-04-19,0.9950388116299532
预测雄安中标企业，第一全球招标，华夏全球已经,31402,2017-04-30,0.9280584658548975
固安产业新城模式受认可华夏幸福发展驶入快车道,9747,2015-08-28,0.9998853695517073
看看华夏幸福董事长的背后是谁？,45649,2017-04-16,0.9930061003158441
华夏幸福是业绩优良的大牛股一路加仓持有。,27512,2017-04-12,0.9928696908015915
请记住：华夏除了概念，还有实打实的业绩！,22677,2017-04-21,0.3624390822966288
龙头股华夏幸福并不高估,10772,2017-04-22,0.3194834272208916
好文必须顶！,22851,2017-04-22,0.5229046402372364
志在千里！全球产业新城引领者初显,32006,2015-12-30,0.9417044088914244
园区经营出类拔萃，产业新城潜力无限,39338,2016-01-26,0.9744269067189972
长三角区域再布局，顺利进入安徽马鞍山,9762,2015-11-12,0.9051261901208684
再看幸福“三段论”，超越千亿市值的开始,97108,2015-12-20,0.9885613279497062
从零开始规划，以前的协议自动作废,17031,2017-04-02,0.12865889677985975
熊安也不幸福了。哪来哪去。一地猪毛！好！,4091,2017-04-17,0.9074293527117118
上海方军：现在清仓卖出 600340 华夏幸福,11917,2017-04-12,0.6261827606845761
别买了三个在买,7610,2017-04-17,0.40480019202836715
雄家庄吃万民血肉,4595,2017-04-17,0.9162894661876452
雄安开发影响深远,7013,2017-04-17,0.5795545042688272
野蛮人？妖精？强盗？特停？我选择离开市场，你,10168,2017-04-17,0.9749642667535915
再买10w等涨停,3713,2017-04-17,0.43489412050183374
昨日已抢入，坐等复牌连续一字涨停板！,9773,2017-04-13,0.9557745619888076
千股奇缘，跌了再跌,4362,2017-04-17,0.37937414299777383
巨量啊，明天肯定跌停了,11224,2017-04-12,0.05420608151960593
恭喜发财A股唯一一个好股就是600325华发股份,5027,2017-04-16,0.41855605914883776
汉中精机雄安第二波,6804,2017-04-17,0.9857365994884009
堪比深圳特区的雄安新区来了 最正宗的概念股是,195676,2017-04-02,0.8417257721665313
华夏幸福：签署涿鹿县开发补充协议 扩大京津冀,30611,2017-04-06,0.08822133994318349
联合深创投，孵化器建设再迈步-华夏幸福红土一,28155,2015-12-30,0.9029289189780305
收购火炬孵化-构建产业地产闭环生态圈，打造中,38456,2015-12-25,0.9840093374439761
16倍不到的市盈率，打压成这样叫遏制投机！茅台,10479,2017-04-21,0.341110903411067
【联讯中小盘公司点评】华夏幸福：产业新城促业,46867,2017-04-05,0.9739746414541876
看看华夏幸福的净资产增幅就知道华夏一季度的实,25968,2017-04-28,0.8306717196556939
百年基业，乘雄安新区东风，现五好公司优势,66394,2017-04-05,0.9705037438851645
华夏幸福全球化布局服务一带一路 PPP模式助力未,21742,2017-04-02,0.9980174220873548
国家发改委赴华夏幸福固安产业新城调研 首个园,24459,2017-03-18,0.9996448834639905
业绩稳定高增长，PPP模式新标杆,7591,2015-08-29,0.9912371434791177
PPP模式订制央企智慧城市，开启业务发展新起点,7012,2015-08-27,0.9224470859891265
华夏幸福全体股东倡议书,18497,2017-04-15,0.7947310198206755
只要华夏幸福拉个涨停，可以说雄安至少有30个股,20416,2017-04-30,0.8596705243811046
华夏幸福：拟与华为签署战略合作协议,101856,2017-04-18,0.7107282560851791
具备百元牛股潜质，翻倍在即!,6051,2017-04-17,0.2359529290159783
硅谷创新落地华夏幸福 全球技术助力中国产业升,10098,2015-11-28,0.9996161112402763
华夏幸福推动科技成果落地,7334,2015-10-29,0.9992983133507182
600340:华夏幸福关于秦皇岛北戴河新区产业新城,12366,2015-11-30,0.9970308976587743
央视发布！北京地铁6号线通燕郊，大兴线通固安,15682,2016-12-06,0.3002638596783489
华夏幸福中标478亿元邯郸丛台产业新城PPP项目,53250,2016-09-20,0.7021206219396423
600340:华夏幸福关于与印度哈里亚纳邦政府签署,24464,2016-11-18,0.6768549917570825
600340:华夏幸福关于取得南京市江宁区湖熟街道,26280,2016-12-29,0.9897730556807074
华夏幸福2016年度报告深度解读,23170,2017-04-01,0.9925107045815713
华夏幸福：12.57亿获廊坊开发区7.71万开发项目,21138,2017-04-11,0.9923990624014121
华夏幸福复牌后还能不能幸福？,91408,2017-04-13,0.9773057099959396
600340:华夏幸福关于签订南京市江宁区湖熟街道,17046,2017-02-14,0.8789490740869593
600340:华夏幸福关于取得嘉鱼产业新城PPP社会资,23686,2017-03-10,0.9936252609135451
600340:华夏幸福关于与四川省眉山市仁寿县人民,17458,2017-03-03,0.9911452741508223
600340:华夏幸福关于固安工业园区新型城镇化PPP,15205,2017-03-15,0.9932992214264134
600340:华夏幸福关于与佛山市南海区丹灶镇人民,10773,2017-03-15,0.9767308016884907
600340:华夏幸福关于与安徽省巢湖市人民政府签,9415,2017-03-15,0.15370692201951786
600340:华夏幸福关于签署《投资合作协议》的公,19845,2017-03-14,0.553177895620786
600340:华夏幸福关于与合肥市蜀山区西部新城建,12778,2017-03-15,0.8323674776093295
600340:华夏幸福关于与承德市承德县人民政府签,19204,2017-03-16,0.636150250700851
600340:华夏幸福关于与重庆市两江新区鱼复工业,55106,2017-03-16,0.9677578104428697
不做雄安做什么？不做华夏幸福做什么？在目前股,11101,2017-04-14,0.8635898596740568
华夏幸福两个爆点，一是白洋淀科技城，另一个是,7520,2017-04-13,0.9624551023409782
华夏幸福——在雄安周边开发的巨幅地块！！！,18169,2017-04-16,0.8923778689931872
浅析华夏幸福之价值,16299,2017-04-16,0.9260318731372336
雄安新区第一地主，粤港澳大湾区还是第一地主！,14477,2017-04-12,0.7308738458697845
华夏幸福真的很幸福，它盖的房子都在北京周边，,4326,2017-04-15,0.9985064920953038
河北地王华夏幸福环雄安新区产业新城布局图,20917,2017-04-19,0.9999551319373301
华夏幸福：一季度销售额409亿元 同比增逾9成,103228,2017-04-13,0.48928929628242546
国家队肯定把之前抛掉的全部买回去，甚至加仓，,7180,2017-04-17,0.10792109307115416
600340:华夏幸福关于拟与中铁信托签署《增资协,49007,2017-04-28,0.9263432020096793
华夏幸福是最纯的业绩最好的雄安的地王之票，一,27341,2017-04-13,0.9943292231754369
华夏幸福携手华为推动产业新城智慧升级,39826,2017-04-21,0.9998208863340032
华夏和华为的合作明显是针对雄安而来，华夏幸福,12828,2017-04-23,0.7916564280709607
从涨幅的角度讲，华夏幸福已经调整到位。,16787,2017-04-22,0.983669310112641
等华夏幸福未来股价上100了，那么在40元以下割,9652,2017-04-24,0.9613767283158118
有人问想持有华夏30年会怎样？我先说3年,57673,2016-07-06,0.06677832017440888
华夏这个名字就值万亿,5551,2017-04-13,0.4490729324643855
《华夏幸福 600340 跌停满仓干！快买》,6628,2017-04-17,0.2400683502062716
明天开盘开在42.5之间,8366,2017-04-16,0.2297103996492571
厉害,3649,2017-04-17,0.35964912280701733
少说得20个跌停。,6263,2017-04-17,0.043235822269258484
快跑！下跌才刚开始!,3525,2017-04-17,0.5857198370596655
被华夏幸福的土地储备惊到了，,28396,2017-04-15,0.9966995525627264
48元接的感觉像当年中石油开盘一样......,13410,2017-04-17,0.5465459087647357
华夏幸福，一点问题没有！雄安的龙头！前进……,6584,2017-04-17,0.7868879914516902
后天发布 分红方案。欧普照明。 再次逆势次新股,5254,2017-04-17,0.05778899646341662
华夏不拉上去大盘要崩溃,5644,2017-04-17,0.1914049948647959
股市女神：女神一张图指引近期操作,6287,2017-04-17,0.997315282527024
锁仓！！等待第二波！！！,12695,2017-04-17,0.05031777201007215
狠狠的把只会看利好买股的死多头教育了。头几天,16169,2017-04-17,0.43768647316032694
五个一字涨停,9209,2017-04-17,0.5721613423574061
跌[哭][哭][哭][哭][哭][哭],3069,2017-04-17,0.945105919894143
涨了就有一帮大神叫，跌了也有一帮大神叫，想想,5226,2017-04-17,0.4222508286232425
逍遥渔夫：监管层再度喊话，亮剑指市场方向,7414,2017-04-17,0.9513843886925565
连续三个跌停，熊安帮！,3706,2017-04-17,0.9182529791529541
华夏幸福的股价将会回调到20左右，上周主力出货,10973,2017-04-17,0.789353910415557
雄安新区概念的提出，使得华夏幸福在北京周边盖,20864,2017-04-15,0.9742306703239083
4张图客观分析华夏幸福在本次雄安建设中扮演的,33174,2017-04-14,0.9943882968838765
沪深两市快速拉升，后市大盘预测？,5185,2017-04-13,0.9022606524670448
幸福让43 追买的小股民不幸福了哈哈哈……还是,3170,2017-04-17,0.9999351685261997
华夏幸福 天下第一,10833,2017-04-09,0.8986921682727428
原来郭 家队可以砸盘！可以操纵股票！有上方宝,6047,2017-04-17,0.9184170391337043
600340:华夏幸福2017年第一季度报告,110461,2017-04-28,0.9713557848095604
凯龙股份002783小盘绩优军工潜力大！公司设立了,4847,2017-04-16,0.8949766044961095
雄安新区房子不让炒，但股票可以搞,15776,2017-04-05,0.6110052688918677
只有猪才相信周一跌停。参考荣盛发展这两天走势,9482,2017-04-16,0.9770003524399857
严禁炒地炒房统一规划全国招标建设.献计雄安高,6884,2017-04-05,0.28984380943249255
国家队带头砸盘，不准查吗，证监你倒是查阿,6460,2017-04-17,0.010927558359445255
雄安是千年计划，华夏幸福千年大顶部,8833,2017-04-17,0.9485709744222625
千年大计一下子变成千年粪桶，臭不可闻，呵呵，,6071,2017-04-17,0.6683375801513969
证会热烈发文庆祝华夏幸福跌板，新闻大肆宣传关,5099,2017-04-17,0.14380701570269594
今儿个不跌停，天理难容,3402,2017-04-17,0.3175723714614783
本是一垃圾，借雄安一飞冲天，国家队已出，很多,4721,2017-04-17,0.34894964794959993
跑不出去了吧，谁能解释,6582,2017-04-17,0.15532581473927132
市场永远正确，看多看空均是主观看法,6620,2017-04-17,0.9402915539394426
涨停板抢等的已亏损近20%,3730,2017-04-17,0.8777760074129085
预计全天200个亿的巨额，看谁来买单、解放你们,9331,2017-04-12,0.050710217700625004
华夏幸福下一步不会连续涨停，只会持续涨不停,4903,2017-04-17,0.9852388743651134
最流氓的股票雄安龙头股,6916,2017-04-17,0.07990648145414403
韭菜们不要愁，你们为雄安建设做出了伟大的贡献,3876,2017-04-17,0.9927201966633851
4月28日数据日报：沪指缩量震荡收出四连阳,14214,2017-04-28,0.11820844791871477
《我只想问一句:36.50元的1万手大单是谁买的！,14168,2017-04-29,0.02933606289969637
毫无疑问，就看谁来买单了！ 预计全天超过200个,8962,2017-04-12,0.030495378534486917
反正不怕你们，跌到30我全仓，套死我好了，不怕,4747,2017-04-17,0.032385448751478085
恭喜大家赚大发了,4531,2017-04-17,0.7783854000859194
华夏幸福是否四调控失败的典型案例,9030,2017-04-17,0.7796798552817007
一次的幸福，让你终生不再有幸福，华夏幸福，真,13190,2017-04-17,0.9998894480330268
今天进去的全部被埋，明天龙头崩盘，华夏幸福继,4993,2017-04-17,0.8356282650548318
华夏幸福前9大流通股份持股与12日龙虎榜数据对,25741,2017-04-12,0.6506402456263695
此股以透支，三年都别想好,2993,2017-04-17,0.20028863014120202
600340:华夏幸福第六届董事会独立董事2016年度,7768,2017-03-29,0.8820846396458796
关注一下内蒙古板块。。。,5561,2017-04-17,0.747606944068888
华夏跌板无疑问了，炒河钢股份了，河钢调整几天,3932,2017-04-17,0.996448684225304
600340:华夏幸福独立董事关于公司关联方资金占,5033,2017-03-29,0.9820223977689501
岛型+巨量，千年套无疑,6555,2017-04-17,0.9060411469819522
大盘砸破3195.07就是幸福开板起飞之时！！有票,4382,2017-04-17,0.05388273989999448
国务院：盘活铁路用地资源 鼓励综合开发利用,13092,2017-04-15,0.9841706671622349
600340:华夏幸福关于2017年度第一期超短期融资,25989,2017-04-28,0.995697519387628
买了华夏幸福，我现在是相当的不幸福,5256,2017-04-17,0.9867414275065625
明天还得跌停。,6244,2017-04-17,0.2358152969645283
此股进入了调整期！,7476,2017-04-17,0.23082833962758653
华夏幸福行情到此（今天）为止，追高者都不会获,7478,2017-04-12,0.9956252285800382
买入坐轿的好机会,13129,2017-04-17,0.9600400200555479
还有7个涨停,7118,2017-04-17,0.5182153615018275
。。你妈妈喊你回家买000100。。你妈妈喊你回家,4236,2017-04-17,0.9952107351726311
明天跌停看能否打开？,5754,2017-04-16,0.04078135713108111
出完货就要严查[不屑]涨跌只靠一张嘴[不赞],5371,2017-04-17,0.892886692424101
国家队已出，不要再当炮灰，再向上投机攻击的话,3797,2017-04-17,0.5136304242263913
怎样上去就怎样下来，这可好看了[大笑]...,15556,2017-04-17,0.807419084162772
千年大计，中到压千年。,2754,2017-04-17,0.8818720371234771
有人把股市看成了赌博，既然错了就要认输。特别,3694,2017-04-17,0.9851451590194078
猪肉荣宣布:,8787,2017-04-12,0.9350851483655283
至少3个跌停,6260,2017-04-17,0.10339577916915899
持有华夏幸福的，都在等一季度报告，为啥迟迟不,11199,2017-04-27,0.08431154106781724
600340:华夏幸福关于召开2017年第五次临时股东,21779,2017-04-28,0.5721913889192294
点评《券商恶炒伪雄安概念股上集体犯的几个大错,13691,2017-04-23,0.9449482914671196
600340:华夏幸福关于拟与东方隆皓签署《增资协,58447,2017-04-28,0.6509176966152092
600067有望放巨量涨停!雄安倒下了，粤港湾掘起,3806,2017-04-13,0.45507845693395865
4月27日数据日报：沪指探底回升三连阳 3100失而,11624,2017-04-27,0.18002633498836063
600340:华夏幸福:中信证券股份有限公司关于华夏,11853,2017-04-28,0.9910059870662133
600067有望放巨量涨停! 错过了雄安，别再错过粤,4331,2017-04-12,0.983724931662339
《一季报怎么还没出来?！》,11976,2017-04-27,0.3506478983709771
虽然我套了近30%，但我仍坚定看好华夏幸福。原,32086,2017-04-26,0.828126406000446
600067有望放巨量涨停!掀起一波凛冽的行情！ 雄,3575,2017-04-13,0.9260504260639759
发个有营养的贴和涨跌无关，华夏幸福一季增涨在,19739,2017-04-27,0.9789947610116813
——重大利空,6358,2017-04-12,0.5644883534098704
我来说一下，华夏10个涨停，前5个是一字板！,25982,2017-04-01,0.546275006307233
华夏60跑不掉,35599,2017-04-05,0.027746296159280703
雄安新区启动区30平方公里 规划设计将面向全球,22698,2017-04-26,0.5058513140166019
600340:华夏幸福股票交易异常波动停牌自查公告,251876,2017-04-12,0.979367081562074
真龙不怕风险！,5298,2017-04-16,0.2657422260907568
雄安板块目前要歇歇！,12015,2017-04-12,0.3272723639641093
已经挂好涨停买16800股,7657,2017-04-17,0.20072519389140508
华夏幸福市盈率和次新股一样也上100倍的话，股,4456,2017-04-19,0.33504534190058
600340:华夏幸福2017年1-3月经营情况简报,197705,2017-04-13,0.7570993018036922
唱多的占95%，唱空的只有5%，我该怎么办？,18763,2017-04-15,0.5289696598057523
雄安新区概念股持续活跃 华夏幸福等多股一字涨,18870,2017-04-10,0.9719314892961503
雄安新区概念继续强势 华夏幸福等多股涨停,16281,2017-04-10,0.9897251222000468
转酒钢宏兴白菜价,1230,2017-04-24,0.7767532075265717
600340:华夏幸福2017年第四次临时股东大会会议,81091,2017-04-25,0.818057196422791
雄安全网络最深刻的分析,139707,2017-04-21,0.9639853142204513
雄安概念股不会再有机构或大资金了,8114,2017-04-25,0.864977273496681
公平的监管才是市场活力之源,4000,2017-04-24,0.9233476285179735
华夏幸福2016年股东大会投资者交流实录（上）,13582,2017-04-23,0.9996461077332066
华为与华夏幸福“牵手”推动产业新城智慧升级,54169,2017-04-20,0.9990326634946749
华夏幸福2016年股东大会投资者交流实录（中）,17604,2017-04-23,0.9998532274992505
别看现在吧里唱空者嘴硬，如果华夏幸福止跌上涨,3438,2017-04-24,0.7026474805137883
证金凭真本事割韭菜没啥，但为啥玩套路,6979,2017-04-18,0.012965110915771794
又是一堆唱多的出来了。,4157,2017-04-25,0.744350631912947
华夏幸福，34左右准备开仓了。,13956,2017-04-21,0.6729515841314648
华夏幸福 利好来袭,9858,2017-04-24,0.8160726603502217
突然停牌，大 老.虎被捉！呜呼华夏幸福,10090,2017-04-14,0.9633563039030131
和华为合作之后，对48元到38元被套者的采访：你,39259,2017-04-18,0.1967245954616582
转自,15837,2017-04-19,0.4845814977973566
华夏幸福(600340)融资融券信息(04-21),38064,2017-04-22,0.9760740947411385
以我一个老股民的经验，这种走势就是极端走势。,18070,2017-04-23,0.787236289497628
雄安大捷(又称雄安歼灭战)是中国资本市场上著名,21262,2017-04-22,0.9985840095821494
跌的时间都不看好，涨的时间看好买不到。,4555,2017-04-22,0.0648859946661049
华夏幸福的真正暴跌何时开始！？,11829,2017-04-22,0.9349621074263677
今天就是一个点左右玩，我也不看你了,1557,2017-01-03,0.46742954182450347
华夏幸福拟与华为战略合作 上交所询问是否涉及,153816,2017-04-19,0.9810531349899434
华夏幸福：与华为未商定具体项目 合作不涉及雄,117245,2017-04-19,0.7374956106701439
有最高点追入的吗？求安慰...,8325,2017-04-21,0.6066747696422483
一个民营地产公司居然拥有3个多上海，这可能吗,12805,2017-04-22,0.1053548449749987
4月21日数据日报：沪指创今年以来最大周跌幅（-,8998,2017-04-21,0.37597470646511577
37.98开始买入,5632,2017-04-18,0.7297953905324696
600340:华夏幸福关于签署《永续债权投资合同》,58898,2017-04-17,0.687678374532499
华夏幸福，你已经尽力了,19638,2017-04-20,0.9551371796659348
华夏幸福(600340)融资融券信息(04-20),57211,2017-04-21,0.9760740947411385
45元站岗以后的思路变化,17890,2017-04-20,0.8327089884204235
快买金地集团,1762,2017-04-20,0.6604143561479784
600340华夏幸福 你们都是疯子,17939,2017-04-21,0.9636277460840988
今天我管理的7个账户，终于高度一致了，两年后,9515,2017-04-21,0.22585345456506845
今日操作：有票的快挂跌停，争取在排在别人的跌,15982,2017-04-17,0.22042516215990104
4月20日数据日报：沪指缩量震荡终结四连阴,6448,2017-04-20,0.6345902596283051
对于其中“成批使用地域特征明显的账户”炒作行,7161,2017-04-20,0.07407974376925908
宇宙雄安总龙头,17265,2017-04-19,0.969055364181569
——雄安新区公共交通禁石化燃料,3190,2017-04-05,0.5835197031864654
美股汽车物流雄安概念开盘涨百分之二十，第二波,6344,2017-04-19,0.9760499436870435
明天华夏高开是大概率事件，然后往下杀，以37.0,19162,2017-04-20,0.14478048735250504
600340:华夏幸福关于收到上海证券交易所问询函,66129,2017-04-19,0.5423210949355395
华夏幸福复牌下跌 与华为合作无关雄安,69221,2017-04-20,0.8525692749830127
华夏幸福(600340)融资融券信息(04-19),18879,2017-04-20,0.9760740947411385
此股必须从那里来到回那里去！这么大盘没用了！,3074,2017-04-20,0.10316640055470072
垃圾华为幸福，还好早上卖了，果然是个大忽悠,3152,2017-04-20,0.0499494897453453
画了那么大的一个蛋糕又不让吃，这下可让股民们,2302,2017-04-20,0.9450499760682584
先趴着别动！,1853,2017-04-20,0.28047276994429093
但趋严的调控政策还是要持续,1262,2017-04-20,0.37764068365534353
600340华夏幸福 稳住雄安,8162,2017-04-20,0.9557087870785902
直接干预了大盘的走势,2360,2017-04-20,0.5486976325915107
在货币政策趋紧的同时,1873,2017-04-20,0.90980195266739
防范金融炒作，,3937,2017-04-20,0.7796621329306803
早调比晚调好,3888,2017-04-20,0.3728457892435534
600340:华夏幸福2016年年度股东大会决议公告,89378,2017-04-19,0.962841521868769
不作为可恨，胡作为可怕,2857,2017-04-20,0.11208347964137766
充分理解雄安建设的意义，为什么最终龙头是它？,8220,2017-04-11,0.709541050131493
2个价位建仓华夏幸福,18942,2017-04-12,0.9050097041055021
华夏幸福：与华为签署的为意向协议 明日复牌,70369,2017-04-19,0.7891799014864489
600340:华夏幸福复牌提示性公告,154576,2017-04-19,0.9428739277681992
估计华夏幸福在5.1节前，极难打开一字涨停板！,33832,2017-04-19,0.8859844496124827
4月19日数据日报：沪指四连跌，失守半年线,7296,2017-04-19,0.8091535276421946
600340:华夏幸福2017-04-19全天停牌,339510,2017-04-19,0.8661912450589361
只要雄安还在地球上，华夏与华为的全球合作就包,6700,2017-04-20,0.9097201924890818
需要斩仓应  对。,1291,2017-04-18,0.10641663735358886
因为这两个板块泡沫最大。,1298,2017-04-18,0.4143510156978888
华夏幸福临停 拟披露重大事项,176784,2017-04-19,0.9714792280763096
、抑制资产泡沫,837,2017-04-18,0.6299220012966118
本身就有较大  调整压力,1216,2017-04-18,0.818508793653332
跟货币收紧的大  环境有关,996,2017-04-18,0.9207067136231546
华夏幸福(600340)融资融券信息(04-14),21247,2017-04-15,0.9760740947411385
周末众多重磅利空压顶，加上国家打压明天照此操,19501,2017-04-16,0.8079388498917306
和雄安所签协议已失效，公司损失巨大，开盘难道,10006,2017-04-03,0.005608662337381554
明天如果低开5点以上或者 一字跌停开盘 你们跑,13539,2017-04-16,0.037961427477946175
600340:华夏幸福关于回复上海证券交易所问询函,120622,2017-04-19,0.2709629453019139
华夏幸福今日临时停牌 因重要事项未公告,64820,2017-04-19,0.9837137516498116
最新公告既然没人点赞，散户都呵呵了，明天跌停,15129,2017-04-19,0.17455635642616074
华泰某营业部内鬼成群,2480,2017-04-20,0.3043767132358004
120手已挂买涨停价，希望能抢先成交反正估值低,3784,2017-04-20,0.05299398092184693
其实大家都是冲着华为技术与华夏幸福强强战略性,9728,2017-04-19,0.8572140195147921
又是几个一字涨停板！！！！！！,18038,2017-04-18,0.14128530955394347
《我好像听得见国家队资金对什么什么说:你让我,9801,2017-04-20,0.5812099450430287
今晚十二点挂跌停,7945,2017-04-19,0.13542200541320515
华夏幸福2016年报：产业新城模式推高收益 高比,18436,2017-03-30,0.9961112182270998
华夏幸福200元不是梦，雄安481+大湾320平方公里,14578,2017-04-13,0.7554709927191612
什么时候复盘啊？,4092,2017-04-19,0.5852868498200426
下周看好园林工程板块，推荐元成股份。 下周看,2135,2017-04-16,0.5163571423864772
关于对华夏幸福基业股份有限公司签署战略合作协,22185,2017-04-19,0.9617180541532367
华夏幸福：与猛狮科技签署战略合作协议,27025,2016-12-16,0.8762129999205154
华夏幸福：与华为战略合作 发展智慧城市等业务,98344,2017-04-18,0.9986982590650603
华为总部搬迁熊安？华夏承建工业园区？,18598,2017-04-19,0.4796830925405512
就会得到控制,2302,2017-04-19,0.5602721410127828
强压力在3270点附近。,2243,2017-04-17,0.846334736169099
华夏幸福(600340)融资融券信息(04-18),16473,2017-04-19,0.9760740947411385
华夏幸福周一开盘分析：华夏幸福共29.55亿股，,65433,2017-04-14,0.985258462971506
买入华夏赌一把10万股有至少赚辆奥迪吧。,16236,2017-04-12,0.9411631827185662
华夏幸福到底受益多大看看下面的地图一目了然！,14925,2017-04-15,0.9895008326808649
4月18日数据日报：沪指3连跌 失守3200点,7320,2017-04-18,0.47892231358882875
除了华夏幸福还有谁？雄安新区20倍市盈率的高成,11426,2017-04-12,0.8946115501642989
业绩这么好的雄安地产龙头居然不如市盈631倍的,9164,2017-04-12,0.11886527237759115
一路进入到3月中下旬进入到了调整周期,995,2017-04-18,0.49230601243248306
最终来到了3200点整数关口，尾盘跌破,993,2017-04-18,0.057974451024495166
期间指数有过几次回踩3200点的动作，,1372,2017-04-18,0.1274342047507554
一旦继续破位，将和“岛形反转”的压力一并释放,2065,2017-04-18,0.5736513706971942
采访今天那些38元以下卖出的人：你们往下面看的,5130,2017-04-18,0.5652878762979191
38元援军已经到来，坚守待援,1462,2017-04-18,0.9101120795257496
600340:华夏幸福关于为下属公司提供担保的公告,26695,2017-04-17,0.623248141952283
泡沫太  大，在扩容提速的情况下,1943,2017-04-18,0.04378998058646155
进场收货,24448,2016-12-19,0.14175342622267206
电话 一一一一一一一一 证监会 投资者保护热线,5323,2017-04-16,0.8255612550056893
幸福必先把荣盛发展打上去。,2429,2017-04-18,0.9937298995083252
建议持股为主,2555,2017-04-18,0.1156333781415968
披牛皮的熊一一一一一一一一一一一一一一一一一,15737,2017-04-14,0.9933632400435154
这支票该加仓还是减仓呢,3941,2017-04-18,0.1298305048436219
600340:华夏幸福第六届董事会第十二次会议决议,46339,2017-04-17,0.8061262282722459
600340:华夏幸福:中信证券股份有限公司关于华夏,51263,2017-04-17,0.9910059870662133
600340:华夏幸福关于拟与大业信托签署《增资协,91056,2017-04-17,0.779873504745021
真心和大家说声对不起！没想到是如此恶庄，我自,21879,2017-04-17,0.09171360948324059
600340:华夏幸福关于召开2017年第四次临时股东,35964,2017-04-17,0.6893333040362225
人为干预最坏事，突然之间就停牌，出政策，不亚,11774,2017-04-17,0.3451176944375919
一个强制停牌，股民损失百亿，管理真拿豆包不当,12887,2017-04-17,0.8155678144623028
只能让各大版块跟着回落,857,2017-04-17,0.20054028244940358
深物业前海港湾花园81平两房在售，单价7万/平以,11050,2017-04-03,0.263862828072315
雄安新区使得华夏幸福的房子价格迅速又涨了一倍,5280,2017-04-15,0.9938572983513638
华夏幸福认赌不服输！为了调控雄安板块指数，华,26876,2017-04-17,0.970300545635401
所谓受益只是未知数而已,1358,2017-04-17,0.7391444383139714
近水楼台先得月,1251,2017-04-17,0.5
有大资金呵护，大跌概率不大,4350,2017-04-17,0.9302620961894915
上证综指走势较强,1179,2017-04-17,0.512546729736076
如果你相信600340是雄安龙头，那么周一必高开高,16718,2017-04-15,0.17906431193630157
市场也一时找不到新的热点可以炒作,2352,2017-04-17,0.056315495166509355
今天受到利空打击,4193,2017-04-17,0.6286856927696808
600340:华夏幸福:控股股东关于《华夏幸福基业股,77614,2017-04-14,0.9451546484330754
大盘调整，不要随便进出，都吃不准的，留着仓位,3604,2017-04-17,0.07411168816501634
谁进谁死，周五就说过,1810,2017-04-17,0.10313073621377389
雄安概念就是个屁，雄安除了炒房地产还能炒啥？,1919,2017-04-17,0.9539496088871032
看见在华夏唱空的帖子，我都忍不住笑出声了。蚍,15191,2017-04-16,0.5187554619261008
看大盘，如果下午2点打到3194.华夏幸福开板。,9810,2017-04-17,0.8011812562319375
华夏幸福，,1576,2017-04-17,0.9078619559792114
昨天留了1手，跑光光。这次真实走了狗屎运。呵,1430,2017-04-17,0.6308243241879042
垃圾股连续跌停哈哈哈,947,2017-04-17,0.10049522442770042
一日成交200多亿！证金汇金全跑路！17号你能跌,50177,2017-04-14,0.4941960854286641
大盘下行的空间也还是不大,1141,2017-04-17,0.20095889914610365
还好卖完了，一身轻松，涨跌和我没关系了，静看,2077,2017-04-17,0.9925182892096914
地板处理了要不然明天亏的更多,2659,2017-04-17,0.21082812102896153
看：这两天到底会不会被华夏炒？虽然盘大价贵、,16062,2017-04-12,0.2543978341782609
600340:华夏幸福关于签订整体合作开发建设经营,42120,2017-04-06,0.1959861550651142
满仓了。。。,6935,2017-04-17,0.2353440790803577
对天量成交的思考及复牌涨跌的预期。,13228,2017-04-16,0.5810164310343022
4.12计划：华夏幸福、河北宣工、巨力索具、珠海,10711,2017-04-11,0.565879452029144
周5把车，房都抵押了，周一全仓搞你，我就不信,8514,2017-04-15,0.017454108366738108
我就是游资 2017.04.12 热股点评,40310,2017-04-12,0.06343639327074924
重仓者，融资客，你们害怕吗？着急吗？,12758,2017-04-14,0.17046948458143307
发帖骂国家队操作市场，能通过么？,3307,2017-04-17,0.06247121281894863
从纯会计学分析华夏必上80元，分析的不好你骂我,15033,2017-04-16,0.9992676153696027
开源证券研究所副所长：真正雄安有关的上市公司,19325,2017-04-15,0.49859267479367664
《雄安被围，三路地霸合围雄安！》,28068,2017-04-07,0.9448311617471795
600340:华夏幸福股票交易异常波动核查结果公告,107837,2017-04-14,0.9786918602870412
华夏幸福在新区内的380平方公里土地我们暂且不,11452,2017-04-16,0.9889587220585355
华夏越停越涨！股价上160元以上！,14117,2017-04-13,0.4253971715338736
华夏明天不涨停老夫自当人头落地！赶紧买,12806,2017-04-16,0.30389960248070214
华夏幸福在粤港澳大湾区储备有近320平方公里园,11065,2017-04-13,0.9989436825428798
600340:华夏幸福复牌公告,150449,2017-04-14,0.8748626735846229
周一不可能买到，超级巨单封一字涨停板!,15960,2017-04-16,0.038006193300235025
我都忍不住笑出声了,7859,2017-04-16,0.6209047823508905
相信王文学先生就是相信你的初心,7137,2016-09-01,0.8734195278844723
只有华夏才是靠实力，6大利好继续涨停,9990,2017-04-15,0.6564819852648279
南京汉北金隅，以及雄安十二大金刚复牌后最有可,15571,2017-04-15,0.9941533925576893
第七家雄安概念股复牌,38598,2017-04-14,0.3189171342964424
最新地标检测报告：南北双华，夹击雄安。,27927,2017-04-09,0.18380046837027475
华夏业绩题材都有，公告也明确了在雄安有项目，,19113,2017-04-14,0.923316963751171
最新发现：固安将承接中关村产业转移，华夏幸福,10330,2017-04-16,0.999190142907631
周五公告是一个大利空，华夏表示未参与雄安房地,13095,2017-04-15,0.6192741674006171
华夏幸福产业园迎捷报 “朋友圈”纳入东方雨虹,58860,2016-10-17,0.9313933837309022
华夏幸福(600340)龙虎榜数据(04-12),241350,2017-04-12,0.977354694136926
雄县总面积524平方公里,华夏幸福雄县土地储备50,8168,2017-04-12,0.6864403227850091
雄安新区概念股大幅度杀跌，如何辨别真龙（附股,13183,2017-04-12,0.1336558458454542
下周一跌停无悬念！到时候你会看到,6675,2017-04-15,0.4383602121529139
深物业前海港湾花园小区每平米售价7～9万每平米,11936,2017-04-03,0.7565044083649552
光从成交资金看华夏幸福,11327,2017-04-15,0.9689411563031591
华夏幸福下周一极有可能再次涨停板，低开高走，,7168,2017-04-15,0.9569478614580321
600340:华夏幸福:中信证券股份有限公司关于华夏,42804,2017-04-14,0.9910059870662133
西部证券净利润3倍，填权行情，后市突破43,1972,2017-04-15,0.9964366571287281
为什么那么多人选择华夏幸福股吧做广告？,2762,2017-04-15,0.7493837759085163
在昨天涨停板买入的都来报个到。大家报个团痛哭,4440,2017-04-13,0.6804609580329861
华夏下周一跌停？还是涨停？大家猜猜。,22916,2017-04-14,0.15153126726025878
打证监会，公司电话,2830,2017-04-13,0.18507959984891853
600340:华夏幸福关于下属公司竞得土地使用权的,68781,2017-04-11,0.9671034645384952
600340:华夏幸福2016年年度股东大会会议资料,57528,2017-04-12,0.9268012077197604
有机构，基金驻扎的票涨不远，哪个游资都不敢拉,10212,2017-04-14,0.7353386284699535
谁开盘接了50多个亿的涨停盘？[亏大了][亏大了],11031,2017-04-12,0.06595089015297984
震撼！网曝华夏幸福的土地资源数据⋯,9961,2017-04-04,0.9963112359931962
准备五个跌停板吧,10275,2017-04-13,0.7561162277263074
好刺激呀   涨停板买的，我这一年赚的钱一天就,9269,2017-04-12,0.6959827172093884
霹雳股侠：乌龙卖单？分化雄安？你想要的都在这,1616,2017-04-12,0.7608456924402616
包杨重仓华夏幸福收获五连板! 怎样寻找下一个华,31773,2017-04-14,0.9916441990731306
600340:华夏幸福关于本公司取得房地产项目的公,91799,2017-04-11,0.9843378379626454
华夏幸福的后期走势,22969,2017-04-12,0.9876336696854746
华夏幸福(600340)融资融券信息(04-13),12524,2017-04-14,0.9760740947411385
600340:华夏幸福关于下属公司竞得土地使用权的,14098,2017-03-07,0.9671034645384952
600340:华夏幸福关于本公司取得房地产项目的公,23859,2017-02-10,0.9843378379626454
600340:华夏幸福关于下属公司竞得土地使用权的,14180,2017-02-10,0.9671034645384952
华夏复牌还有谁他妈的砸盘，我就他妈的问：还 ,6188,2017-04-13,0.06156617176929413
哈哈，没开板的全部停牌核查了，只能炒华夏幸福,2082,2017-04-12,0.22892823350391167
1首先肯定纯正的雄安龙头股，这么好的业绩成长,7649,2017-04-13,0.9123521241198422
600340:华夏幸福:实际控制人关于《华夏幸福基业,52961,2017-04-14,0.9886170226339926
华夏幸福[600340]：爆炒大小非是非常的难得的减,4419,2017-04-12,0.9227638949563741
600340:华夏幸福关于收到中国银行间市场交易商,57807,2017-04-12,0.8145293157021015
这个套牢估计是千年套了,1902,2017-04-12,0.7902965190073455
华夏幸福：涉嫌虚假陈述？是ZJH压力还是上交所,17050,2017-04-13,0.598266620274842
除了600340外，所有雄安新区龙头都停牌了，这么,7050,2017-04-12,0.4857046835703065
174亿元！华夏幸福开板半日涨1.8% 成交放天量创,26953,2017-04-12,0.31364487151528664
特停干预这样的业余政策市何时休？（此文已发至,16167,2017-04-14,0.06426326079982347
华夏幸福：12.57亿获廊坊开发区7.71万平方米的,58135,2017-04-11,0.9833104636490851
华夏幸福(600340)大宗交易数据一览(04-11),69971,2017-04-11,0.7616205447745623
华夏幸福近三个交易日遭四机构席位卖出近60亿元,15341,2017-04-12,0.517836935900048
华夏幸福成交额超200亿为沪市1/10 上次破200亿,81870,2017-04-12,0.5126168730100044
快讯：四五个雄安暴涨事件的从犯已获假释,8601,2017-04-14,0.7884152516011399
卖卖卖！千亿资金决战雄安 华夏幸福单日成交224,53305,2017-04-12,0.998550368795803
新闻：上交所被投资者质疑“停牌操纵”,17358,2017-04-13,0.985998354928403
我是中央财经频道的，我想问一下有没有涨停板抛,4318,2017-04-12,0.39617634867771256
雄安多股特停，封板资金分流助力华夏幸福。,24761,2017-04-12,0.9978489764886592
【讨论】如何解读华夏幸福今日放出的天量？,96632,2017-04-12,0.999167566538918
华夏幸福(600340)融资融券信息(04-12),15115,2017-04-13,0.9760740947411385
第二波11个涨停一一一起码比外高桥牛吧？！,9179,2017-04-12,0.37976405116438006
机构加速撤离雄安概念 华夏幸福遭近60亿抛盘,13098,2017-04-13,0.9354816969513129
华夏幸福等五只雄安概念股集体停牌核查,30904,2017-04-13,0.9794646994987312
【龙虎榜】今日巨震的雄安概念股龙虎榜有何看点,44431,2017-04-12,0.9982038996880377
华夏不封板目的是不特停，这下知道了吧，龙头确,12761,2017-04-12,0.23651154151618659
4月13日数据日报：沪指缩量震荡 环保股接棒大涨,5029,2017-04-13,0.11502079652207886
忍不住早上进了5万股！现在走路的力气都没有了,16039,2017-04-12,0.08019507078903532
厉害了今天套了224亿资金关门打狗，再开盘的时,17563,2017-04-12,0.7553468198143931
今天48块入手华夏幸福，好紧张，估计要被套啊[,4247,2017-04-12,0.9944619107247586
600340:华夏幸福关于召开2016年年度股东大会的,48263,2017-04-12,0.9696680446971543
明天100亿封在涨停板上，细看原因。。,21124,2017-04-12,0.7067221085139838
600340:华夏幸福公开发行2015年公司债券受托管,51695,2017-04-13,0.7649975713416545
600340:华夏幸福关于公司及子公司提供担保的进,20171,2017-04-11,0.5028567216133826
600340:华夏幸福关于收到中国银行间市场交易商,38583,2017-04-12,0.8145293157021015
华夏幸福(600340)融资融券信息(04-11),14519,2017-04-12,0.9760740947411385
去年年报的摘选。看看有多少项目是新区的。多的,3797,2017-04-12,0.756514551437016
八点几买的，不会成世纪大顶吧。,2041,2017-04-12,0.5793127789919185
华夏幸福近三个交易日遭四机构席位甩货近60亿元,41795,2017-04-12,0.19307793467482393
请问雄安概念股的停牌，是合规合法？,4307,2017-04-13,0.21681443517764998
坚决买入雄安+粤港澳双地产龙头股，幸福一辈子,5810,2017-04-12,0.9716111761236845
雄安概念“雄霸”龙虎榜多股涨停 机构争先出货,73194,2017-04-07,0.9184515343235506
发财喽,9105,2017-04-03,0.5122783096101873
尾盘不涨停老娘就裸奔,8016,2017-04-12,0.10563731317379466
终于买上了！48的有没有？报道了,22137,2017-04-12,0.5981013435225091
华夏幸福：取得廊坊开发区房地产项目,14385,2017-04-11,0.9859939483463401
次新股当中还有一只常熟汽饰，在天津投资十个亿,3357,2017-04-12,0.9014461234100695
尾盘河钢股份华夏幸福几十亿的砸盘国家队基金大,11277,2017-04-11,0.9992829237864027
说下我今天买到的过程，也希望明天好运,7121,2017-04-11,0.2912259387493302
华夏幸福五涨停 河北首富王文学身家增250亿,22037,2017-04-11,0.9999737819235578
证金汇金全滚蛋，最大风险因素已解除，正式开启,5705,2017-04-11,0.8566080643036514
华斯股份才是潜藏得最深的一等一雄安概念股,5484,2017-04-06,0.9824246427369585
600340:华夏幸福关于累计新增借款的公告,35523,2017-04-10,0.45431686537491367
华夏幸福(600340)大宗交易数据一览(04-10),37605,2017-04-10,0.7616205447745623
华夏幸福关注度爆棚 上周却遭机构抛售7亿元,51607,2017-04-10,0.975602032444251
~君临雄安一一一风起云涌~！,10697,2017-04-03,0.7552218687154849
华夏幸福玩转资金方 发债190亿却委托放贷51亿,12214,2017-04-10,0.9988225372320868
华夏幸福刷新历史新高,12563,2017-04-10,0.9196980874367802
华夏幸福(600340)龙虎榜数据(04-07),46831,2017-04-07,0.977354694136926
股性呆滞的股票下场只有两种！华夏幸福是哪种？,13942,2016-03-28,0.9774751444021513
华夏幸福市值远超恒大 老总：我们不缺钱,29031,2015-11-01,0.04345852231922209
刘士余：上市公司不要为国家添乱 要跟随及支持,6381,2017-04-08,0.9115672513085158
华夏幸福(600340)大宗交易数据一览(04-07),31151,2017-04-07,0.7616205447745623
竞猜：华夏幸福600340，27.26元，什么时候翻倍,16020,2017-04-03,0.6587571653433077
对一般散户而言:     热点买不到，买得到时己不,3679,2017-04-08,0.3395804022391955
买不上天天涨！买上了套3年！,2946,2017-04-07,0.7215310795906692
【龙虎榜】第3天还未开板的雄安概念股的龙虎榜,41153,2017-04-07,0.9260796552625444
我们是大厂潮白河工业园孔雀城地区的业主（一群,15151,2016-05-05,0.9997649218147199
华夏幸福：白洋淀及雄县产业新城协议已失效,179891,2017-04-02,0.7943975869569566
爆炒华夏幸福等股不顺应政府意图 雄安大计非炒,87693,2017-04-06,0.031054758208285183
华夏幸福(600340)大宗交易数据一览(04-06),24738,2017-04-06,0.7616205447745623
华夏幸福：白洋淀、雄县项目尚处规划定位阶段 ,57145,2017-04-04,0.9931342305300642
关注深圳广州公司在雄安的项目,11089,2017-04-04,0.6077903371903002
一定要踏好节奏,2722,2017-04-06,0.6729704765340161
华夏幸福(600340)大宗交易数据一览(04-05),49161,2017-04-05,0.7616205447745623
25块多进的，27块多卖了，收到消息在26.5的位置,14301,2017-04-04,0.015425442339294104
华夏幸福(600340)大宗交易数据一览(03-31),57790,2017-03-31,0.7616205447745623
4月5日数据日报：沪指创出今年以来最大单日涨幅,13318,2017-04-05,0.39763102108652226
600340:华夏幸福关于与千方科技签订战略合作框,26513,2015-12-30,0.6825757864254454
刺心股过后，就看你了，我的幸福华夏,11539,2017-04-04,0.889984446879599
周三涨停，从速认购,11806,2017-04-02,0.2952469151205189
华夏幸福：坚决服从雄安新区总体安排 尚无政府,103145,2017-04-02,0.9981453607242463
华夏幸福关于媒体报道的澄清公告,20749,2017-04-05,0.9823358952968094
华夏幸福：在白洋淀及雄县产业新城协议已失效！,26784,2017-04-02,0.7943975869569566
雄安新区落地波及房企PPP项目 华夏幸福回应尚无,33538,2017-04-03,0.9964381547385134
只对现在手里有华夏的朋友说，星期三开盘关电脑,8016,2017-04-01,0.06652973324484057
我该拿什么去套利，雄安新区,18794,2017-04-04,0.8785677339013928
上帝保佑下周给个机会,1864,2017-04-01,0.433027730072429
今天又阳痿，大家关注北辰，之前姓孟的增持是诱,4512,2017-01-25,0.8103539850373435
傻逼一样，跌停算了,3986,2017-01-23,0.1689614833611699
华夏幸福就是一只绿毛龟,3755,2017-01-23,0.8917288376329823
我压力好大，华夏幸福怎么看也是价值投资首选,5640,2017-01-23,0.9999714918425481
这逼股是不有毛病啊,4343,2017-01-23,0.25374184636464725
地产股反不如建材股收益，现在国家土地政策要上,3152,2017-04-04,0.7583756315331533
快发年报了，做庄的越来越急躁了，这两天吃相太,12773,2017-03-24,0.5687567915382429
中盘股票是证券市场中不可或缺的“中坚力量”,2556,2017-02-17,0.9974836332705455
国家新政应该是全民的盛宴,2197,2017-04-04,0.9267225159171091
涨涨涨涨涨……,1833,2017-04-04,0.7452747403144576
本人碰巧300万重仓到了华夏幸福！,22759,2017-04-03,0.7070053480137273
从招商签约金额看，华夏幸福的异地复制成功几何,14595,2017-04-01,0.9980434129431668
强烈建议关注雄安新区的成立、定位和重要意义,75044,2017-03-30,0.9886823366877957
八百亿盘子就等这天套散户游资，套住了永远套死,6105,2017-04-03,0.017760407505828413
华夏幸福2015年牵手雄县政府 共同打造产业新城,57744,2017-04-01,0.9884299812555285
27.74卖了，希望27左右能买回,12726,2017-03-13,0.15868121507975685
周三跌停的几个理由：1特区所有房产停工，2，所,15062,2017-04-02,0.12915586811391677
华夏的模式使其很快将超过万科！,12940,2017-01-06,0.952199271500276
华夏幸福和雄县签订的协议有可能会因为新区需要,19981,2017-04-02,0.3891882305773926
雄县撤销建制 对华夏幸福构成重大利空， 2015年,21438,2017-04-02,0.9537314956466517
试问老家雄县农村近1亩宅基地能卖5万元吗？,15816,2017-04-02,0.19285102196895532
快看这个,6945,2016-11-16,0.7641891089927834
v军工大黑马南海风云南北韩战争一触即发军工混,3794,2017-03-22,0.9188834525885335
国足胜韩国。其实哥早知道。赢是赢了，可人家腰,5405,2017-03-24,0.858298856118608
刚刚收到（2-27）,14201,2017-02-27,0.41333630373104857
华夏幸福(600340)大宗交易数据一览(03-13),15272,2017-03-13,0.7616205447745623
第一目标为38.07元！,13578,2017-01-04,0.6847183659056509
地产业，谁能算得上华夏幸福真正对手？,17737,2017-03-05,0.9265241141023898
华夏幸福，4年股价翻了35倍，流通市值现在750亿,26491,2017-02-17,0.8022227056721537
庄家涨的时候不涨，只会跌，知道为什么吗？,6574,2015-10-22,0.32496966794623994
PPP资产证券化首单落地 首创股份、华夏幸福12亿,42863,2017-03-08,0.9962653253727471
华夏幸福(600340)大宗交易数据一览(03-08),16427,2017-03-08,0.7616205447745623
主力志存高远。看来年2017。,4605,2017-01-08,0.4706817661965522
600340:华夏幸福关于控股股东进行股票质押式回,14310,2017-02-28,0.9528097725965117
价高估出了下来全仓转买[献花]*000883湖北能源*,3064,2017-03-02,0.23519631000505714
600340:华夏幸福第六届董事会第八次会议决议公,15225,2017-03-03,0.646151626935248
2017年1-2月华夏幸福销售201.2亿,14768,2017-02-28,0.2194386429242492
产业新城新贵华夏幸福何缘垂青昔日佳人天涯社区,11582,2017-02-24,0.9999458030466348
登陆埃及 华夏幸福签200亿美元大单,30417,2016-10-10,0.6875519989421189
17年每股收益8元。华安强烈推荐华夏幸福，目标,32999,2017-01-22,0.989520031627072
又让我说中了吧，今天又阳痿，昨天是诱多，没用,21367,2017-01-10,0.8319800963061924
做市值抽签标的。,6792,2017-01-09,0.3388123842158359
华夏幸福预计2016年净利润同比增30%-40%,15685,2017-01-04,0.7542998107642658
买这个股票就是浪费时间，不知道是谁在买，懂不,4613,2017-01-03,0.11985840739121634
你们想做短差，今天急拉涨停，明天高开5点，看,2887,2017-01-03,0.023369190125465122
我就不懂了，买个票老是叫来叫去，你以为你是谁,2605,2017-01-03,0.024069565724993858
华夏幸福：2016年业绩预增30%-40%,18221,2017-01-03,0.9351001321632189
600340:华夏幸福2016年年度业绩预增公告,32545,2017-01-03,0.9211265598655343
七问华夏幸福，投资价值究竟如何？,18454,2016-12-19,0.9963441024608446
大北京第一受益股！,9819,2016-12-21,0.6014338014405072
业绩靓丽，锁定2年以上的结算来源,37756,2016-10-28,0.7955300831609576
华夏幸福：总裁孟惊增持42.63万股,22372,2016-12-20,0.9838063557863282
业绩是最好的利好，先知先觉的人抄了底，华夏幸,11213,2016-12-16,0.9887749423249099
6月事件多，会有对手盘，逢高短线离场。,5273,2016-06-09,0.9655171592901374
敢问路在何方?,3707,2016-11-24,0.20847569186008208
破位反抽，近期观望。,4224,2016-11-25,0.5768604887372756
600340:华夏幸福关于参与大成创新资本景新19号,15253,2016-12-15,0.9991965810437441
坚决不碰这支流氓股,4351,2016-12-14,0.002906942941485857
2016年中期地产上市公司50强发布 华夏幸福综合,13520,2016-12-14,0.9044716015866092
600340:华夏幸福2016年第十四次临时股东大会会,9872,2016-12-12,0.9811036410710797
成长性高于中小创。按中小创市盈率，华安强烈推,19175,2016-09-12,0.9754928264928735
一只明年每股收益8元以上的股票上百元为过吗？,32747,2016-10-10,0.9783646893403258
明年800亿营收，净利80亿。产业服务180亿，净利,7538,2016-11-20,0.934226187691188
华夏幸福：一个商业帝国正在崛起,9276,2016-12-08,0.9848253541332703
大伙就当被冤判入狱一年。当明年大盘攻上4300点,8135,2016-11-20,0.7203825718625333
刚刚改的那个界面很赞,4209,2016-12-07,0.946166044369396
600340:华夏幸福关于取得《秦皇岛市北戴河新区,30330,2015-12-07,0.9872903270323627
地价未变。上半年涨价因素净利润增加200亿，三,13430,2016-10-24,0.4370886897139906
公司信息点评：特色小镇新王牌--布局城市化全产,22031,2016-11-09,0.9070964612342108
600340:华夏幸福关于与广东省清远市人民政府签,28454,2016-08-31,0.10800498599995012
600340:华夏幸福关于下属公司竞得土地使用权的,15408,2015-12-04,0.9671034645384952
年度内接待来访50余次 华夏幸福诠释最佳投资者,11827,2016-11-29,0.9989296643899103
华夏幸福：平安大华拟不超过20亿投资香河胜强,16307,2016-12-01,0.9664591041997938
没有成交量一切免谈了，一个字跌,2773,2016-11-16,0.280544595033553
华夏11月单月销售140亿 至11月已销售1100亿,11851,2016-11-30,0.01043837029439676
卓越推：华夏幸福,49862,2016-11-01,0.5142831709985881
华夏幸福(600340)融资融券信息(11-21),4652,2016-11-22,0.9760740947411385
600340:华夏幸福非公开发行A股股票发行情况报告,48397,2016-01-22,0.7998757091561611
给华夏幸福王文学董事长的一封公开信,42274,2016-05-23,0.9773031944509311
看好340 600340华夏利好分析，1、刚冲出箱体震,14962,2016-07-08,0.1689269705302111
600340:华夏幸福关于与四川省成都市蒲江县人民,19840,2016-08-31,0.9395449659964717
600340:华夏幸福关于与江苏省启东市人民政府签,57035,2016-09-09,0.636150250700851
600340:华夏幸福关于与越南信义集团签署谅解备,29390,2016-09-19,0.3026832409241108
600340:华夏幸福关于与马哈拉施特拉邦城市与产,32080,2016-09-14,0.8600935712422907
600340:华夏幸福关于取得邯郸丛台产业新城PPP项,27421,2016-09-26,0.7464953146602544
600340:华夏幸福关于与嘉兴市南湖区人民政府签,27492,2016-09-27,0.6850475037201694
600340:华夏幸福关于与保定市定兴县人民政府签,33063,2016-09-27,0.506930198124767
600340:华夏幸福关于与阿拉伯埃及共和国住房部,40468,2016-10-09,0.9973671547262504
600340:华夏幸福关于签订整体开发建设经营江门,21288,2016-10-10,0.862192486170433
600340:华夏幸福关于拟与邮储银行河北省分行签,21128,2016-10-10,0.3276837098149862
600340:华夏幸福关于与康威国际签署战略伙伴关,25752,2016-10-11,0.8848802196603346
600340:华夏幸福关于取得《固安县人民政府固安,25563,2016-10-25,0.9861554502689688
600340:华夏幸福关于取得长葛产业新城PPP项目《,25249,2016-10-31,0.9712754359937782
600340:华夏幸福关于取得湖州市南浔区产业新城P,38941,2016-11-10,0.9963026148927008
我相信华夏幸福不会有效击穿60日线。,3823,2016-11-14,0.3520974038724255
外媒：华夏幸福将出资200亿美元建设埃及新首都,20715,2016-10-10,0.9019948460083596
高增长低估值的典范华夏幸福   梁军儒,6623,2016-11-12,0.9994948725133954
今天不收红，我改姓,6452,2016-11-11,0.12416656615713806
华夏幸福：参股子公司拟87.7亿元参与组建城际铁,26992,2016-09-09,0.9499168977728341
业绩预增百分之56左右。年内还有含埃及新首都等,8445,2016-11-05,0.9677203262684889
华夏幸福中标湖州南浔产业新城PPP项目 总投资40,13164,2016-11-04,0.9998242089037983
产业新城利润占百分之60.去年签约536亿。今年24,12115,2016-10-11,0.6221079370581016
换入台海核电。天知道是不是对。业绩暴增快30倍,8720,2016-10-26,0.5877649833140074
600340:华夏幸福关于控股股东股权解押并进行股,20413,2016-11-02,0.6362273128621567
华夏幸福启动上百的节奏，谁要敢阻挡，我就让我,12740,2016-10-12,0.9108758333165683
华夏幸福确认获得河南长葛产业新城PPP项目,18114,2016-11-01,0.9923444894850088
开玩笑，18年保守估计净利润400亿。每股快12元,11594,2016-10-29,0.1417199804318795
妈的逼，今天去单位被领导很刻一顿，我说华夏幸,10270,2016-10-30,0.3196673419693973
华夏幸福：  鄂武商A000501业绩艳极八方，每股,64613,2016-08-19,0.9765053240170609
华夏幸福紧抓机遇，制定了2020年实现年销售6千,13264,2016-10-13,0.8958184012594199
业绩快报每股1.54元,15769,2016-10-21,0.5349229229953204
破位，下跌第一个缺口有个加速！谨慎，第二个缺,8546,2016-10-28,0.1839366657368634
600340:华夏幸福2016年第三季度报告,33900,2016-10-27,0.939844985404169
高增长低估值的华夏幸福，能买吗,16933,2016-10-25,0.9965392380052296
卓越推：华夏幸福,28348,2016-10-24,0.5142831709985881
ppp龙头，受三季报合并大厂鼎鸿和中科廊坊股报,30032,2016-09-12,0.8183345233652113
华夏幸福大解析，投资价值如何？,17821,2016-10-21,0.9993854420464582
600340:华夏幸福2016年7-9月经营情况简报,42087,2016-10-13,0.7570993018036922
停牌王 000553 沙隆达 17日复牌涨停 沙隆达十大,9012,2016-10-17,0.22978847614732945
600340:华夏幸福关于签订武汉市新洲区问津产业,23919,2016-10-19,0.368283995509473
毛（净）利率年年上升中报176亿收入净利39亿多,9525,2016-10-18,0.9789817832162723
华夏幸福牵手康威国际 聚拢国际优势产业资源形,9529,2016-10-17,0.9867328325353436
华夏幸福业绩预估，是否合理？,14326,2016-10-17,0.8586820495328148
地价不变，每平净增4千。仅此利润增加360亿。看,7607,2016-10-16,0.16795269635997678
PPP大单量变到质变，价值发掘蓄势待发,51949,2016-10-14,0.6415720565666971
600340:华夏幸福关于取得武汉市新洲区问津产业,26050,2016-10-12,0.8859828430908702
创业板有华夏幸福高成长吗？没有还市盈率过百倍,4790,2016-10-13,0.9966968976174115
华夏幸福60亿收购北京电影制片厂百分之70股权，,35573,2016-07-18,0.9947323795920769
三季度快报今晚发布每股2.8元。明天开始连续14,11506,2016-10-10,0.345652954529179
华夏幸福与埃及官方签协议 拟在开罗打造产业新,18352,2016-10-09,0.9460044548425448
我好后悔节后连续14个一字涨停。妈的逼，还让人,26477,2016-10-02,0.602432177334271
华夏幸福不受国内地产正策影响，正确来讲，它逐,6418,2016-10-09,0.9829308809621381
我是做房地产的也是重仓华夏幸福的，近来看到吧,15155,2016-10-08,0.8987475582552614
埃及大单确实,22847,2016-10-04,0.8844611290999415
华夏幸福计划在埃及投资200亿美元？,18713,2016-09-25,0.9819569832116614
600340:华夏幸福关于拟向光大信托转让应收账款,20911,2016-09-27,0.7604626751849458
华夏幸福:孙公司获20亿元投资 用于北戴河新区项,17652,2016-09-27,0.9966257350177055
600340:华夏幸福关于取得江门高新技术产业开发,23703,2016-09-27,0.9755436228253292
华夏幸福PPP模式详解，有何玄机,12099,2016-09-26,0.7446804609598855
深度报告：模式制胜，引领产业升级,25361,2016-09-26,0.7988545206004231
27.96买进建仓,9999,2016-09-21,0.3381033874190661
未来7个交易日华夏幸福攻击40元，带领大盘攻击3,9765,2016-09-24,0.9986981377248251
华夏幸福今日超大单流入排名第13名(09-23),10500,2016-09-23,0.9491604569597434
华夏幸福被国家选为首批ppp扶持企业，税收调整,13980,2016-09-20,0.996436788694796
邯郸487亿的大定单，低市盈率大蓝筹，为什么不,6895,2016-09-23,0.011607473510472421
真黑马！,79753,2016-05-05,0.5042906456488253
砸锅卖铁购入,19703,2016-05-30,0.6407763191912342
华夏幸福一金子总要发光,11209,2016-09-17,0.9077712980349059
华夏幸福明天5日均线跟上来了,59706,2016-08-18,0.7584771679568778
黑牛食品拟定增募资180亿元投资OLED产业，原来,11809,2016-09-13,0.9812641819701039
600340:华夏幸福关于终止《OLED显示模组项目投,43554,2016-09-09,0.7129834470325875
600340:华夏幸福关于下属子公司拟收购中科廊坊,22541,2016-08-16,0.994085202562339
600340:华夏幸福关于下属子公司拟回购大厂鼎鸿,36013,2016-07-14,0.9758778784852971
600340:华夏幸福关于终止《新一代显示技术面板,35615,2016-09-09,0.9597108608347581
随时直线拉升,13441,2016-08-19,0.30929062472816693
600340:华夏幸福关于控股股东进行股票质押的公,19225,2016-09-08,0.9684677963112429
马上重大收购公布已经签合同了,10219,2016-09-07,0.17466642760596818
华夏幸福：低调的环京地王？,13898,2016-09-07,0.9943879357431741
粤蜀再下两城，PPP产业新城舍我其谁,40996,2016-09-02,0.7947699543736132
10年100倍！腾讯涨幅秒杀房价：股王这样炼成，A,73811,2016-09-06,0.39202740266096747
华夏幸福不是靠ppp发家的吗,4482,2016-09-06,0.6780324979224435
华夏幸福拟收购廊坊科技谷,20746,2016-08-17,0.9933420201865332
廊坊楼价暴涨，我就不信华夏幸福不涨？,29728,2016-07-27,0.793410145352165
在万科也被击退的环京楼市 这家最大地主浮出水,9011,2016-09-01,0.5158482729105397
华夏幸福不涨，天理难容,11193,2016-08-21,0.8960275099929037
华夏幸福今年销售额1250亿，按净利润百分之二十,12506,2016-07-17,0.9209855615170474
27.9的成本！不知道要不要割。。。,8391,2016-08-25,0.12142602362246335
600340:华夏幸福关于取得《邢台市政府采购项目,22072,2016-08-24,0.7964287997637356
600340:华夏幸福2016年非公开发行公司债券(第七,16032,2016-08-24,0.39457158640303136
华夏幸福上半年整体销售589.32亿 完成目标额67.,13625,2016-07-13,0.9881641378553493
华夏幸福：主业扎实成长迈向千亿军团,29565,2016-08-21,0.9995911141945996
即将进入暴拉模式,12730,2016-08-08,0.8360046286195485
华夏幸福电话调研：有你想问的吗,11080,2016-08-23,0.26370755969509563
卡位国家战略：华夏幸福销售额增逾七成稳坐前十,11684,2016-08-18,0.9988425194656535
华夏幸福2016半年报发布：净利润增幅超三成,11087,2016-08-16,0.7259535748946514
华夏幸福：产业发展服务投入加大 ,7124,2016-08-18,0.9720199000517784
模式升级，扎实成长,18403,2016-08-17,0.9981523965962319
产业地产龙头华夏幸福也要进入千亿军团了,8429,2016-08-17,0.4191303481169202
华夏幸福上半年净赚40亿元 净利润以30.5%的增速,16434,2016-08-17,0.8645331842207845
华夏幸福上半年净利39亿 同比增31%,16378,2016-08-16,0.9438066430385798
600340:华夏幸福2016年半年度报告,31939,2016-08-16,0.8978067209421654
华夏幸福2016半年报发布：净利润增幅超三成 持,10480,2016-08-17,0.6652634709641838
600340:华夏幸福2016年半年度报告摘要,23454,2016-08-16,0.959560705094235
27.56卖，27.60又买回，臭手啊,5608,2016-08-15,0.1962088783798368
下午见证,10801,2016-01-06,0.7898554074992464
恒大高价举牌廊坊发展布局京津冀黄金大发展，华,11167,2016-08-08,0.4016855158721442
大厂鼎鸿今年一季度净利润高达20.24亿，华夏幸,21310,2016-07-15,0.9951189243472304
华夏幸福子公司7月份共竞得8宗地块,11163,2016-08-02,0.9533808962791486
600340:华夏幸福关于下属公司竞得土地使用权的,15528,2016-08-02,0.9671034645384952
华夏幸福比万科更有投资价值,15925,2016-07-06,0.9934985626012603
600340:华夏幸福关于大成创新增资任丘鼎兴事宜,23149,2016-07-26,0.9464070929309896
600340:华夏幸福关于与湖北省武汉市江夏区人民,19295,2016-07-28,0.9301943181646256
600340:华夏幸福2016年第七次临时股东大会会议,6215,2016-07-25,0.6353412924574479
大单出货，恶心,4812,2016-07-22,0.03620318482018414
华夏幸福上半年每股1.37元，同比增长百分之三十,10762,2016-07-16,0.9802450925556498
华夏幸福2014年布局白洋淀,12624,2016-07-08,0.8992558250962756
华夏幸福半年销售业绩同比劲增7成 跻身全球上市,26647,2016-07-12,0.9906574158604674
600340:华夏幸福2016年4-6月经营情况简报,26983,2016-07-12,0.7570993018036922
这么多利好，老子咬定你了，看你横盘到哪天。,4207,2016-07-05,0.4208409627263662
600340:华夏幸福关于设立下属企业的公告(2016/7,17804,2016-07-05,0.8056249497537284
如果我说打算持有华夏30年到退休，大家认为划算,12456,2016-05-22,0.48844417252770933
600340:华夏幸福关于与伙伴公司等签署合作协议,16272,2016-07-04,0.0529717275429471
2016上半年中国房地产企业销售TOP100排行榜发布,7112,2016-07-01,0.07857311717342574
公司公告点评：切入面板产业链，打造园区产业集,18437,2016-06-29,0.26572922547404554
600340:华夏幸福关于下属子公司签署OLED显示模,21104,2016-06-28,0.22741491041009942
600340:华夏幸福关于取得彭山区产业新城PPP项目,21762,2016-06-21,0.996363369510276
*禁止YY*量子通信等资产要注入华夏高新平台,15328,2015-12-16,0.8381715710750329
公司公告点评：中标廊涿固保城际铁路，产城模式,24535,2016-05-30,0.10423038215973734
这些股，十年翻了20倍,84989,2016-05-30,0.1507493556731706
华夏幸福，非一般的地产商？,18831,2016-05-27,0.912331585840067
华夏幸福目标价!!!!!!,16302,2016-05-11,0.9440595559801138
再次好言相劝，华夏幸福唯一的操作是卖出！,19084,2016-05-04,0.7875699829804448
600340:华夏幸福关于与江苏润恒物流发展有限公,15024,2016-05-16,0.9981419083747594
600340:华夏幸福2015年年度利润分配方案实施公,52560,2016-05-10,0.8335966495229185
600340:华夏幸福关于2015年度利润分配预案的公,29252,2016-03-29,0.5945450036892411
【热点直击】量子通信强势崛起的原因竟是它！ ,68387,2016-04-26,0.9932090507750504
国土部：新增用地向中小城市和特色小城镇倾斜,19994,2016-04-26,0.6405472535632458
600340:华夏幸福2016年第一季度报告,27560,2016-04-25,0.9713557848095604
销售保持增长，签约园区逐步走上正轨,25886,2016-04-14,0.09741613362158419
华夏幸福首季销售额211亿元 同比增长51.82%,19086,2016-04-13,0.937071524557454
销量稳步增长，拿地逐步加速,26256,2016-04-13,0.1743523013081778
600340:华夏幸福2016年1-3月经营情况简报,32144,2016-04-12,0.7570993018036922
华夏幸福与沈阳机床签约 携手打造中国首个智能,33410,2016-04-11,0.9995068576645525
足球改革里程碑：足协与总局脱钩基本完成（受益,135488,2016-02-24,0.9765878097551869
体育产业迎黄金时代 概念股站上新风口(名单),108563,2016-04-01,0.272935347454327
量价齐飞政策酿变 摸底上市公司环京“土地储备,32760,2016-04-04,0.9717413604617147
华夏幸福的合理股价在6.8元,12986,2016-02-12,0.9264061640721637
600340:华夏幸福2015年年报,41799,2016-03-29,0.7512993277609359
华夏幸福产业服务收入大增 亮丽年报催热产业地,12316,2016-03-30,0.9906339114715915
600340:华夏幸福关于非公开发行2016年公司债券(,20647,2016-03-28,0.7432989579564866
600340:华夏幸福关于控股股东股权解押的公告(20,30338,2016-03-24,0.9340863746893715
行情不稳，热点轮换较快，把握市场节奏,24037,2015-12-22,0.9994069082750417
8.7万亿元PPP项目盛宴开席(附股),156533,2015-12-23,0.22250917846567775
华夏幸福 涨就一个字，我再说一次！,10826,2016-03-08,0.923071062584033
600340:华夏幸福2016年公司债券(第二期)票面利,32804,2016-03-03,0.8694681005509027
去库存是房地产商的大利空！降低卖给农民工新市,50511,2015-12-15,0.2566126129955738
14家基金公司突击布局“供给侧改革”概念股,104142,2016-02-15,0.7538215075695177
600340:华夏幸福关于取得《南京市溧水区产业新,59204,2016-02-15,0.982683034805609
600340:华夏幸福关于签订整体合作开发建设经营,39269,2016-01-08,0.1959861550651142
15年3季度14只基金持有，15年4季度猛增到45只基,23829,2016-02-04,0.02076111056488128
中超联赛冬季转会雄霸全球第一 上市公司“玩”,35641,2016-02-02,0.7075798620026561
600340:华夏幸福关于高管增持公司股份的公告,37895,2016-01-28,0.965199814786453
如期完成定增，海外再下一城,39917,2016-01-26,0.8087023444635808
公司公告点评：海外扩张再下一城，正式进军印度,59555,2016-01-25,0.9909525708901582
印度哈里亚纳邦来华路演 将与华夏幸福共建产业,20699,2016-01-23,0.9658679118918215
华夏幸福的走势就是国际原油的走势，不断的创新,10579,2016-01-17,0.9514327701687726
公司公告点评：全年经营超市场预期，异地扩充成,36614,2016-01-14,0.1767015315513668
华夏幸福与全国智能机器人创新联盟战略签约,13294,2016-01-18,0.9982093835511204
今天不跌停，我吃10000斤大便！,13436,2016-01-13,0.25991864629547745
1月13日晚间重要行业研究汇总(附股),64316,2016-01-13,0.15450186857311066
独特模式助高增长，二次创业与腾飞在即,34652,2016-01-15,0.9996960202582098
600340:华夏幸福2015年1-12月经营情况简报,44630,2016-01-13,0.7570993018036922
华夏幸福2015年销售723亿元 部分子公司引入少数,12426,2016-01-13,0.9577623717845901
600340:华夏幸福关于在廊坊银行购买理财产品的,24938,2016-01-12,0.6286971703486449
华夏幸福:吸引京东方30亿元移动显示项目落地,123566,2016-01-09,0.9650094210268276
600340:华夏幸福关于下属公司竞得土地使用权的,36185,2016-01-07,0.9671034645384952
华夏幸福“冰山效应”初露峥嵘 产业新城落地印,14938,2016-01-05,0.9973266634184861
周二机构强烈推荐6只牛股,62137,2016-01-05,0.04656296455949882
机构荐股：节后7股即将爆发,133338,2016-01-03,0.7931075722553592
发改委力推园区建设 成为区域合作重要抓手,80606,2015-12-31,0.0076227415844135615
高盛：楼市加速去库存 3股价值重估可期,56753,2015-12-25,0.7202804840621755
中国华夏，世界幸福，打造新大航海时代！-海外,33831,2015-12-29,0.9999880891256198
600340:华夏幸福关于无锡市财政局同意下属企业,25505,2015-12-29,0.9552237039286844
600340:华夏幸福关于下属子公司拟收购涿州致远,35577,2015-12-28,0.8920859332950235
华夏幸福，于无声处听惊雷,13767,2015-12-23,0.9118937718557532
海通证券：华夏幸福买入评级,50387,2015-12-21,0.9531079766583241
机构最新动向揭示 周一挖掘15只黑马股,110983,2015-12-27,0.9325407882845758
今日最具爆发力六牛股(名单),63291,2015-12-25,0.5466123195696795
600340:华夏幸福关于下属子公司与乐视虚拟现实,45015,2015-12-23,0.9491561309820862
600340:华夏幸福关于收购苏州火炬创新创业孵化,35679,2015-12-23,0.9987643535130264
600340:华夏幸福关于下属公司竞得土地使用权的,34145,2015-12-21,0.9671034645384952
机构最新动向 挖掘10只黑马股,96258,2015-12-21,0.4787760406218753
楼市暖意渐浓 高盛：政策暖风或引爆3股,42039,2015-12-21,0.1651998877744758
哎追高了30.5进的不知道怎么今天,15903,2015-12-16,0.18612701862519798
公司公告点评：定增顺利过会，基本面拐点到来,38600,2015-12-16,0.9536891333031648
定增再启腾飞，创新加码未来,30726,2015-12-16,0.9249430442448177
600340:华夏幸福关于非公开发行股票申请获得中,38911,2015-12-14,0.815408090108859
量子通信惹火 华夏幸福携手问天量子推动创新技,42978,2015-12-14,0.9999563541821976
闲人来看华夏幸福请各位多多关注予支持！,10730,2015-12-13,0.9250763578238207
华夏幸福正式成为新城PPP项目供应商,33076,2015-12-07,0.9890277577700627
11.12机构荐股一览：4只股票还能涨3成以上,61060,2015-11-12,0.9751514415456741
定增获批产业提速，足球冲超幸福时刻,14830,2015-11-12,0.9731826799487268
河北启动冬奥会筹办工作 火线潜伏6只个股,99895,2015-10-16,0.10792945344092764
华夏幸福首次股权融资70亿元获批 产业扩张加速,7749,2015-11-19,0.9977955434998198
完善产投体系，加速孵化升级,7603,2015-11-24,0.6684936444700026
华夏幸福拟1500万资金捐助上海师大,6407,2015-11-23,0.691356384843722
多重利好助华夏幸福跨越发展 首次70亿定增获批,14483,2015-11-21,0.9990917101720609
70亿定增助力华夏幸福跨越发展,9216,2015-11-20,0.9919046943696441
人与猪的区别,7945,2015-11-18,0.7858674092576354
华夏幸福携手问天量子 破译量子保密通信“产业,10181,2015-11-16,0.9846721883648584
600340:华夏幸福关于非公开发行A股股票获得中国,13017,2015-11-12,0.9152937948862255
600340:华夏幸福关于签订整体合作建设经营马鞍,11413,2015-11-11,0.2554278887481195
持有三年涨十倍的公司：比亚迪，华夏幸福,19417,2015-10-25,0.6589966170991541
600340:华夏幸福关于收到《非公开发行公司债券,7986,2015-11-10,0.6127389709039907
600340:华夏幸福关于下属公司竞得土地使用权的,7535,2015-11-06,0.9671034645384952
京津冀区域多个项目落地 概念股或受益,19640,2015-11-05,0.8424165251136784
模式升级 换挡提速,9253,2015-11-02,0.43805535151602304
业绩靓丽，一马当先,9095,2015-11-01,0.9763802872918306
三季报点评：业绩维持高增长，国家队出手增持,22403,2015-11-01,0.9401373609273127
三季报点评：响应时代呼唤，铸就高成长典范,10398,2015-10-30,0.997528361571162
600340:华夏幸福2015年第三季度季报,11523,2015-10-29,0.9578451208090628
600340:华夏幸福关于与中国科技产业化促进会签,7596,2015-10-28,0.9331938257165389
浅析华夏的八大亮点,9796,2015-10-24,0.5092223855269442
割了华夏你就赔定了！,22192,2015-09-23,0.32719906417647937
600340:华夏幸福2015年公司债券信用评级报告,7692,2015-10-19,0.48991257455344306
华夏幸福第三季度整体销售额同比增长超一成,6569,2015-10-13,0.9854709735380972
600340:华夏幸福关于与北京北方车辆集团有限公,10458,2015-10-08,0.6642223964156885
600340:华夏幸福关于收到《非公开发行公司债券,12824,2015-09-24,0.6127389709039907
600340:华夏幸福关于非公开发行公司债券的公告,5551,2015-09-16,0.7252268528286988
600340:华夏幸福关于下属子公司京御地产拟签署,6700,2015-09-16,0.04178588435948283
600340:华夏幸福关于控股股东进行股票质押式回,6971,2015-09-14,0.9528097725965117
600340:华夏幸福关于非公开发行2015年公司债券,9640,2015-09-11,0.7432989579564866
600340:华夏幸福关于签订整体合作建设经营来安,9927,2015-09-08,0.5256163677916144
600340:华夏幸福关于下属公司竞得土地使用权的,7616,2015-09-07,0.9671034645384952
2015年半年报点评：PPP模式广受认可 发展空间广,8675,2015-09-02,0.9255763652160582
华夏幸福：“模式”铸就高增长蓝筹,6850,2015-09-01,0.9993761304215434
600340:华夏幸福关于下属公司竞得土地使用权的,7700,2015-08-31,0.9671034645384952
2015年半年报点评：PPP模式得全面认可，京津冀,6928,2015-08-29,0.3144299303285475
模式为王 华夏幸福上半年净利润强势增三成,8860,2015-08-27,0.9789659649699916
600340:华夏幸福2015年半年报,15084,2015-08-27,0.789614787460239
华夏幸福半年报概况,12525,2015-08-22,0.9096356205358672
下午2点拉升！,3623,2015-08-27,0.09103736642613403
600340:华夏幸福关于签署华油智慧新城框架协议,11977,2015-08-26,0.9672870426534029
肠子悔青,7417,2015-08-25,0.18465250974878789
尾市拉升是大股东保质押股,20494,2015-08-25,0.02167845391049661
一秒钟的幸福,8797,2015-08-25,0.8706737690324271
京津冀主题升温 三细分领域仍具投资潜力(附股),12346,2015-08-25,0.9973125866759749
这只股完完全全的被操纵了，尾盘一根大红线跟着,9317,2015-08-25,0.5385372853498673
怎么回事？？？刚才,3663,2015-08-24,0.03262244144069559
官方定调京津冀协同发展 你要的干货都在这里（,24924,2015-08-23,0.6324596506601868
8月19日晚间重要行业研究汇总(附股),46674,2015-08-19,0.18825324887314088
