日期,日内波动率,上证日收益率,日收益率,简单情感指数,看涨,意见分散指数,影响力指数,总评论数,平均每篇的字数,发帖量,实际涨跌,涨跌幅,上证指数
2017-10-03,0,0,0,-2,-1.0986122886681098,1.0,-0.7698224886279624,72,2360.0,2,2,0,0
2017-09-20,0,0,0,0,0.0,0.0,-0.8541756697312423,89,1148.5,2,2,0,0
2017-03-21,0.0002353413513669981,0.0033167424400455574,0.019477307765840984,-2,-0.3364722366212129,0.020204102886728803,0.7987411433279494,1003,619.9,10,1,1.97,0.33
2017-04-30,0,0,0,-1,-0.40546510810816444,0.057190958417936644,-0.9747226286828882,163,959.6666666666666,3,2,0,0
2017-06-27,2.663524582624706e-05,0.0018065945597103685,-0.0011973824176731516,-6,-0.7884573603642702,0.09649209709474871,-1.06126476602515,831,1349.7142857142858,14,0,-0.12,0.18
2017-08-09,0.00018197895090426707,-0.0019214821449677264,0.016991871994497948,-3,-0.5596157879354228,0.057190958417936644,-0.5923294323407514,393,703.8888888888889,9,1,1.71,-0.19
2017-10-04,0,0,0,-1,-0.6931471805599453,1.0,-1.791759469228055,23,813.0,1,2,0,0
2017-09-29,0,0,0,-1,-0.40546510810816444,0.057190958417936644,-0.5372261755441827,57,615.6666666666666,3,2,0,0
2017-04-26,0.0005001595484971764,0.0020014603313852383,-0.0022226214563029058,-8,-2.1972245773362196,1.0,-0.7591119718980128,82,1010.0,8,0,-0.22,0.2
2017-05-29,0,0,0,-1,-0.15415067982725836,0.004140804536061582,-0.3899406034940769,705,963.2727272727273,11,2,0,0
2017-08-22,0.0002812705124965593,0.0010095574313395495,-0.0051384523727314385,-7,-1.0116009116784799,0.1573499115305136,-0.5031707183873634,216,1274.7692307692307,13,0,-0.51,0.1
2017-05-15,0.00010856578477823158,0.002176963284470877,0.01459774787488008,-5,-1.791759469228055,1.0,-0.9302486788749526,67,1106.2,5,1,1.47,0.22
2017-07-27,3.630069554332247e-05,0.0006494855902461546,0.004738242603577254,-4,-0.5108256237659907,0.041685152500090084,-0.3621631357678103,336,1113.4285714285713,14,1,0.47,0.06
2017-06-12,0.00017780707313512986,-0.005880987627644262,0.015214118011024317,-4,-0.8472978603872037,0.1339745962155614,-0.6408433887274065,424,435.75,8,1,1.53,-0.59
2017-06-25,0,0,0,1,0.6931471805599453,1.0,1.7047480922384253,39,190.0,1,2,0,0
2017-08-19,0,0,0,-4,-1.6094379124341003,1.0,-0.8600325098638704,298,564.5,4,2,0,0
2017-06-23,6.957517518170559e-05,0.003305148504969669,-4.230655329141924e-05,-1,-0.40546510810816444,0.057190958417936644,-1.2541190579067734,254,1826.0,3,2,-0.00,0.33
2017-05-05,0.00012121536031558036,-0.007810119614360909,0.00045662649948050846,-2,-0.6931471805599453,0.1339745962155614,-1.357517980090343,428,561.0,4,1,0.05,-0.78
2017-10-02,0,0,0,-1,-0.6931471805599453,1.0,-0.6931471805599453,57,4467.0,1,2,0,0
2017-08-07,0.00020155524141528822,0.005313745966537152,0.016583294604069678,1,0.4054651081081644,0.057190958417936644,0.6991295177793866,117,519.6666666666666,3,1,1.67,0.53
2017-09-14,0,0,0,0,0.0,0.0,-0.09840125840069952,93,813.3333333333334,6,2,0,0
2017-08-15,5.3926886464471705e-05,0.004284430668697165,-0.007752599584350286,-7,-1.2039728043259361,0.22861078416012992,-0.31528187757857645,171,1367.8181818181818,11,0,-0.77,0.43
2017-05-28,0,0,0,0,0.0,0.0,-0.32461480590182684,957,361.0,12,2,0,0
2017-09-26,0,0,0,1,0.28768207245178085,0.020204102886728803,0.45316062445758426,46,827.2,5,2,0,0
2017-05-21,0,0,0,3,0.9162907318741551,0.19999999999999996,-0.16095698125111146,1840,543.2,5,2,0,0
2017-04-20,0.00043436344847717543,0.0004445993082622114,0.02331266895268169,-1,-0.15415067982725836,0.004140804536061582,-0.05845195210792933,246,837.5454545454545,11,1,2.36,0.04
2017-07-03,0.00044127902436975745,0.0010894850130779528,-0.024630624472467236,-6,-1.3862943611198906,0.3385621722338523,0.1917964514159971,363,783.375,8,0,-2.43,0.11
2017-02-15,8.092898468033683e-05,-0.0015363279193826756,-0.004808664846022388,-1,-0.6931471805599453,1.0,-1.0986122886681098,195,243.0,1,0,-0.48,-0.15
2017-06-10,0,0,0,-12,-1.6094379124341003,0.3385621722338523,-1.336707914699775,2877,595.375,16,2,0,0
2017-08-05,0,0,0,-1,-0.2231435513142097,0.010256681389212985,-0.9437237906872149,265,135.71428571428572,7,2,0,0
2017-09-27,0,0,0,-1,-0.6931471805599453,1.0,-0.6931471805599453,25,3086.0,1,2,0,0
2017-09-28,0,0,0,2,1.0986122886681098,1.0,1.0553672725575527,12,1364.0,2,2,0,0
2017-09-23,0,0,0,-1,-0.6931471805599453,1.0,-0.6931471805599453,6,536.0,1,2,0,0
2017-05-19,0.00028423613257483397,0.0001585562967159373,0.025921760224092462,-5,-0.9808292530117262,0.1685205807169019,-0.393853339166544,424,418.0,9,1,2.63,0.02
2017-05-22,0.00017840392439441642,-0.004848938600971435,0.0021753917484392746,-6,-0.6190392084062235,0.057190958417936644,-0.06221758529723663,1751,926.7222222222222,18,1,0.22,-0.48
2017-04-18,0.0003210310940237283,-0.007932889699732989,0.022138728377915858,-13,-1.1526795099383855,0.17505800169520536,-0.6894744112302327,1158,888.6086956521739,23,1,2.24,-0.79
2017-09-25,0,0,0,4,1.6094379124341003,1.0,0.7922634625358658,44,698.75,4,2,0,0
2017-09-22,0,0,0,-1,-0.6931471805599453,1.0,-0.6931471805599453,4,536.0,1,2,0,0
2016-10-26,0.00016126102307749142,-0.005003011275707708,0.00236187911016502,2,1.0986122886681098,1.0,1.7892537500248047,2538,303.5,2,1,0.24,-0.5
2017-09-11,0,0,0,2,1.0986122886681098,1.0,0.6931471805599453,32,1548.0,2,2,0,0
2016-10-12,4.9693772792373645e-05,-0.0022045324298767856,-0.010085650121057794,3,1.3862943611198906,1.0,1.6970121363695796,845,545.0,3,0,-1.00,-0.22
2017-03-22,0.00021878485216248608,-0.005037794029957293,0.00119215222936189,-5,-1.252762968495368,0.3001457877762348,-0.42800162931050334,352,764.7142857142857,7,1,0.12,-0.5
2017-08-01,4.9051933880925474e-05,0.00597351323222333,-0.0020385670529958523,0,0.0,0.0,-1.44304367364011,103,161.0,2,0,-0.20,0.6
2016-02-10,0,0,0,-1,-0.6931471805599453,1.0,-1.7047480922384253,30,51.0,1,2,0,0
2017-06-21,7.948718417644476e-05,0.005145956065433063,0.013652888827788527,2,1.0986122886681098,1.0,1.4879811687594657,17,625.0,2,1,1.37,0.52
2017-09-21,0,0,0,-3,-1.3862943611198906,1.0,-1.3560447429737956,21,714.0,3,2,0,0
2017-08-17,9.003172400563767e-05,0.006747655642863546,-0.007683169277907291,-2,-0.40546510810816444,0.031754163448145745,-0.5440447286050842,799,1447.625,8,0,-0.77,0.68
2017-07-23,0,0,0,-1,-0.40546510810816444,0.057190958417936644,-0.8369252024067173,89,337.3333333333333,3,2,0,0
2017-01-08,0,0,0,-4,-1.6094379124341003,1.0,-0.6931471805599453,230,1229.0,4,2,0,0
2016-12-08,0.0005481754445645957,-0.002134333272116212,0.030852167370759662,-2,-1.0986122886681098,1.0,-1.3500423027604183,179,1342.5,2,1,3.13,-0.21
2017-09-02,0,0,0,1,0.4054651081081644,0.057190958417936644,0.4269611151964061,34,155.33333333333334,3,2,0,0
2017-08-21,8.337386276070892e-05,0.005549442748311529,0.00016336866216999266,1,0.28768207245178085,0.020204102886728803,0.2976928925165636,144,251.0,5,1,0.02,0.56
2017-05-09,0.00031201560908777307,0.0006234636855771633,0.008056636229809351,-1,-0.6931471805599453,1.0,-0.6931471805599453,24,164.0,1,1,0.81,0.06
2017-08-06,0,0,0,-1,-0.6931471805599453,1.0,-0.6931471805599453,63,233.0,1,2,0,0
2017-06-15,0.00021544006493150037,0.0005811762915932049,-0.021498873177458792,0,0.0,0.0,-0.2605746495266909,31,189.0,2,0,-2.13,0.06
2017-09-19,0,0,0,2,1.0986122886681098,1.0,0.6931471805599453,21,880.0,2,2,0,0
2017-09-10,0,0,0,-1,-0.6931471805599453,1.0,-1.7047480922384253,69,288.0,1,2,0,0
2017-09-08,0,0,0,-3,-1.3862943611198906,1.0,-0.6931471805599453,248,369.6666666666667,3,2,0,0
2017-09-12,0,0,0,-4,-1.0986122886681098,0.2546440075000701,-0.6621714150091138,77,500.6666666666667,6,2,0,0
2017-07-12,0.0002054477189078403,-0.0017185946753946032,-0.012296483418364538,-1,-0.6931471805599453,1.0,-1.7047480922384253,35,154.0,1,0,-1.22,-0.17
2017-07-10,0.0002547297228569547,-0.0016577020834975967,0.018880219654631814,-1,-0.6931471805599453,1.0,-1.7047480922384253,227,226.0,1,1,1.91,-0.17
2017-09-01,5.793210737984006e-05,0.001875763228849927,0.008171752711769337,-3,-0.916290731874155,0.19999999999999996,-0.6708853141399697,66,1149.8,5,1,0.82,0.19
2017-09-18,0,0,0,1,0.6931471805599453,1.0,1.6094379124341003,9,9.0,1,2,0,0
2017-05-23,0.00026795200465354346,-0.004474047116847419,0.027725609062777726,-6,-0.7884573603642702,0.09649209709474871,-0.5597673214438343,1789,1347.142857142857,14,1,2.81,-0.45
2017-09-05,0,0.0014015585020253336,0,1,0.6931471805599453,1.0,1.791759469228055,23,130.0,1,2,0,0.14
2017-07-28,0.0004263375083787586,0.0010641210780513296,0.02098658132354947,1,0.11778303565638346,0.0022246968602822603,-0.4514731841130623,635,938.0666666666667,15,1,2.12,0.11
2017-01-13,3.7196392127678074e-05,-0.002095619383597079,-0.006301327359763805,-1,-0.2876820724517809,0.020204102886728803,0.05254156295778886,147,976.0,5,0,-0.63,-0.21
2017-06-03,0,0,0,-1,-0.40546510810816444,0.057190958417936644,0.2049243107445562,100,934.6666666666666,3,2,0,0
2017-03-20,0.00015091619430407404,0.004118213167096118,0.02073575059777539,0,0.0,0.0,-0.04891585456530596,162,543.8333333333334,6,1,2.10,0.41
2017-08-02,6.307565860467195e-05,-0.002304758002145359,0.005399356889338645,1,0.28768207245178085,0.020204102886728803,0.7643762350172372,93,1194.0,5,1,0.54,-0.23
2017-05-27,0,0,0,3,0.47000362924573563,0.03790861415833069,0.16372422572401338,614,480.90909090909093,11,2,0,0
2017-07-31,7.443826780851222e-05,0.006064738559100664,-0.005595057802075239,-3,-0.916290731874155,0.19999999999999996,-0.38818972909814004,48,910.8,5,0,-0.56,0.61
2016-05-11,0.0003626448863364973,0.0015697676616626668,0.01882362289184509,-1,-0.40546510810816444,0.057190958417936644,-1.1534357156026656,148,175.66666666666666,3,1,1.90,0.16
2017-09-06,0,0,0,-3,-1.3862943611198906,1.0,-0.7679062596273127,48,1447.6666666666667,3,2,0,0
2016-09-26,0.00030118469682432927,-0.017781335184336725,-0.030527088670494154,-2,-1.0986122886681098,1.0,-1.7153122777580332,84,689.0,2,0,-3.01,-1.76
2017-09-13,0,0,0,-1,-0.6931471805599453,1.0,-0.6931471805599453,11,312.0,1,2,0,0
2017-09-09,0,0,0,0,0.0,0.0,-0.31910469193441776,140,3147.5,2,2,0,0
2017-08-30,3.146144871197307e-05,-0.0004755634773659953,0.007186439861565584,-3,-0.916290731874155,0.19999999999999996,-0.7286848542256383,150,652.4,5,1,0.72,-0.05
2017-08-14,0.00032952189810814855,0.008942177831837768,0.03205917463357305,0,0.0,0.0,-0.12894226060755157,518,1335.9,10,1,3.26,0.9
2016-03-25,0.000460722449275213,0.0062150896982312515,0.009515287935812383,-1,-0.15415067982725836,0.004140804536061582,-0.5412844267444656,345,859.9090909090909,11,1,0.96,0.62
2016-07-21,0.0002717973412195548,0.003662494554559723,0.018686131400119623,-3,-0.6931471805599453,0.09649209709474871,-1.037452141211809,286,1307.857142857143,7,1,1.89,0.37
2016-10-28,7.078989560581477e-05,-0.002599484784313341,0.0005678950177863677,-1,-0.2876820724517809,0.020204102886728803,-0.44026814374015383,82,1039.4,5,1,0.06,-0.26
2017-01-04,0.0009446805773018278,0.007266450918439817,0.050559225407423226,-2,-0.2876820724517809,0.013986702816730645,-0.31135718496856857,247,1248.5833333333333,12,1,5.19,0.73
2017-01-09,0.00011854977987576957,0.005349736735951768,-0.006435304717661767,0,0.0,0.0,0.04851139948286625,55,119.5,2,0,-0.64,0.54
2017-06-07,0.00020664808056319387,0.012235733233255336,0.023234069058694046,-3,-1.3862943611198906,1.0,-1.0373255082849684,96,307.3333333333333,3,1,2.35,1.23
2016-01-22,0.00018790221090605208,0.012447892676915557,0.012307847674596993,-3,-1.3862943611198906,1.0,-1.0234079954603947,368,2501.3333333333335,3,1,1.24,1.25
2017-06-24,0,0,0,1,0.6931471805599453,1.0,1.7047480922384253,35,491.0,1,2,0,0
2017-08-27,0,0,0,-3,-0.916290731874155,0.19999999999999996,-0.6897782465394973,360,2405.0,5,2,0,0
2017-08-20,0,0,0,-4,-1.6094379124341003,1.0,-0.7317299014667925,681,1520.5,4,2,0,0
2017-08-11,0.0002566247106482575,-0.016447856148161306,-0.015517535078161651,-1,-0.15415067982725836,0.004140804536061582,-0.19723355498795414,683,1598.7272727272727,11,0,-1.54,-1.63
2017-09-03,0,0,0,0,0.0,0.0,-0.15873212190385388,30,142.0,2,2,0,0
2017-08-25,3.624641879693903e-05,0.01817700427944759,0.0003651856400901136,1,0.4054651081081644,0.057190958417936644,0.44228550006631134,53,663.6666666666666,3,1,0.04,1.83
2017-09-04,4.2944578091914495e-05,0.003693661839453739,-0.005589321962972582,-1,-0.6931471805599453,1.0,-0.6931471805599453,25,641.0,1,0,-0.56,0.37
2017-08-29,7.048428930234658e-05,0.0007669578311350367,-0.005298133597990977,-2,-0.6931471805599453,0.1339745962155614,0.25965852963244634,226,762.5,4,0,-0.53,0.08
2017-09-07,0,0,0,1,0.6931471805599453,1.0,0.6931471805599453,11,773.0,1,2,0,0
2017-08-26,0,0,0,-3,-1.3862943611198906,1.0,-1.3838162625041717,26,282.6666666666667,3,2,0,0
2017-04-24,0.0005859911929094412,-0.01384195182444036,-0.004955709196181018,-7,-1.2039728043259361,0.22861078416012992,-0.7161703000821052,410,699.3636363636364,11,0,-0.49,-1.37
2017-06-30,6.577139412775252e-05,0.0013698009661658888,-0.0024553914501580006,-5,-0.9808292530117262,0.1685205807169019,-0.6151064659085583,495,569.6666666666666,9,0,-0.25,0.14
2017-08-28,5.788148347101167e-05,0.009300697294152414,-0.0019288758607240006,-1,-0.6931471805599453,1.0,-1.7047480922384253,14,148.0,1,0,-0.19,0.93
2017-08-23,0.00016003057410110145,-0.0007692389930437725,0.013839993441775304,-2,-0.6931471805599453,0.1339745962155614,-0.6601947167282641,164,1421.25,4,1,1.39,-0.08
2017-04-22,0,0,0,1,0.13353139262452257,0.002962969475713839,-0.4580459888555212,705,719.8461538461538,13,2,0,0
2016-07-28,0.0002206097217562885,0.0007751006014215291,0.0064755963834057535,2,0.6931471805599453,0.1339745962155614,0.6275738615764123,133,293.5,4,1,0.65,0.08
2017-03-28,5.06473493537813e-05,-0.004297611949581574,0.003794071052844533,-1,-0.40546510810816444,0.057190958417936644,-0.4614157248346977,67,2486.6666666666665,3,1,0.38,-0.43
2017-07-17,0.00024400227570713206,-0.01436526090779734,-0.013988402130209451,-2,-1.0986122886681098,1.0,-1.1436882128421575,30,367.5,2,0,-1.39,-1.43
2017-08-24,2.8329923150994916e-05,-0.00493658013051556,-0.0024320556767990437,-3,-1.3862943611198906,1.0,-0.968811941007709,35,441.6666666666667,3,0,-0.24,-0.49
2017-07-25,7.043550657404745e-05,-0.00212802403577702,0.00033481208984399865,1,0.22314355131420976,0.010256681389212985,1.0446379865328321,271,1256.4285714285713,7,1,0.03,-0.21
2017-08-18,6.199356933424129e-05,8.872367933730924e-05,-0.00618932285077577,-4,-1.6094379124341003,1.0,-0.6931471805599453,306,1271.75,4,0,-0.62,0.01
2017-07-04,0.00021128785980136351,-0.004110554786029235,-0.01852534097786809,1,0.22314355131420976,0.010256681389212985,-0.1370742775662639,472,818.8571428571429,7,0,-1.84,-0.41
2017-07-30,0,0,0,-3,-0.916290731874155,0.19999999999999996,0.29955193286165493,328,1439.0,5,2,0,0
2017-07-24,0.0001715346202770263,0.0038899161028251106,0.009674102787477481,-1,-0.2231435513142097,0.010256681389212985,-0.1918865216945032,224,991.8571428571429,7,1,0.97,0.39
2017-07-20,0.00020615735223426272,0.004286709138816172,0.020816711310111122,-1,-0.6931471805599453,1.0,-1.3862943611198906,91,221.0,1,1,2.10,0.43
2017-08-13,0,0,0,-2,-1.0986122886681098,1.0,-1.791759469228055,186,262.5,2,2,0,0
2017-08-16,4.933921322151559e-05,-0.0014805218695833238,0.0010479012707499218,-9,-1.7047480922384253,0.42504042542393117,-0.6243370865076218,396,1952.4545454545455,11,1,0.10,-0.15
2017-06-02,5.1374000216279726e-05,0.0009406974740755004,-0.0043944348481042735,1,0.22314355131420976,0.010256681389212985,0.32562729696024634,206,471.14285714285717,7,0,-0.44,0.09
2017-06-06,4.166466999965223e-05,0.003380808833544056,0.009874356732902252,-4,-1.6094379124341003,1.0,-1.164914178172983,75,305.0,4,1,0.99,0.34
2017-06-08,5.896320789290187e-05,0.0031825036995264894,0.010696447038653401,-6,-0.916290731874155,0.1339745962155614,-0.5954508126652833,262,231.83333333333334,12,1,1.08,0.32
2017-06-09,0.00010066446896227725,0.002558361001867015,0.0030751059123117833,-4,-0.6931471805599453,0.08348486100883201,0.08196672474973378,202,411.6,10,1,0.31,0.26
2017-06-13,9.15534659997157e-05,0.004404467510343322,0.00033829499646035607,-6,-1.9459101490553135,1.0,-1.095439501259735,241,641.3333333333334,6,1,0.03,0.44
2017-06-14,7.911635869558097e-05,-0.0073420109867147814,0.0028498166907604356,-3,-0.5596157879354228,0.057190958417936644,-0.14537014865058012,779,561.0,9,1,0.29,-0.73
2017-07-08,0,0,0,-1,-0.40546510810816444,0.057190958417936644,-0.3623935935077747,42,353.3333333333333,3,2,0,0
2017-07-05,9.267238554853968e-05,0.007615143694985624,0.018003885235470942,1,0.4054651081081644,0.057190958417936644,1.247714743593514,145,275.3333333333333,3,1,1.82,0.76
2017-07-26,0.000364488177094417,0.0012262455013185357,-0.013332267110020966,-1,-0.2231435513142097,0.010256681389212985,0.2969910014626326,116,826.1428571428571,7,0,-1.32,0.12
2017-08-10,0.0001658740104583946,-0.004228038580808216,0.0015878189151451994,-2,-1.0986122886681098,1.0,-0.6931471805599453,18,1107.0,2,1,0.16,-0.42
2016-07-01,0.0002701576044367102,0.0009791730353195108,-0.019893752302965858,0,0.0,0.0,0.1821305914636324,53,301.5,2,1,0.15,0.1
2017-05-24,0.00019456332378982422,0.000695393292502319,-0.008579188515686901,-4,-0.5108256237659907,0.041685152500090084,-0.6313708904642117,374,845.3571428571429,14,0,-0.85,0.07
2017-08-04,6.485422895789506e-05,-0.0033205794542208998,-0.007530061031122855,1,0.4054651081081644,0.057190958417936644,0.08236756312783106,72,737.0,3,0,-0.75,-0.33
2017-06-26,0.0002662507247870501,0.008692677357703274,0.024964478378046277,-4,-0.8472978603872037,0.1339745962155614,-0.7639382629094427,1583,583.875,8,1,2.53,0.87
2016-11-16,4.2369354468453525e-05,-0.0006019915809405598,-0.0027425235634802804,1,0.6931471805599453,1.0,0.6931471805599453,53,60.0,1,0,-0.27,-0.06
2017-04-23,0,0,0,-3,-0.6931471805599453,0.09649209709474871,0.23956039221645467,696,815.5714285714286,7,2,0,0
2017-08-12,0,0,0,-1,-0.6931471805599453,1.0,-0.6931471805599453,131,2845.0,1,2,0,0
2017-04-02,0,0,0,-1,-0.6931471805599453,1.0,-1.6094379124341003,87,610.0,1,2,0,0
2017-06-28,0.00019371843397746776,-0.005656479163349057,-0.018345313325684964,-3,-0.916290731874155,0.19999999999999996,-0.5710775028784718,300,663.2,5,0,-1.82,-0.56
2017-07-01,0,0,0,0,0.0,0.0,0.3478099034988555,47,201.5,2,2,0,0
2017-08-08,3.4606982826494695e-05,0.00073460719347412,0.0021158760772070056,0,0.0,0.0,0.04129473556946606,25,1197.5,2,1,0.21,0.07
2017-07-21,0.00021095154950504885,-0.0021225273438605923,0.014324422566397089,-1,-0.6931471805599453,1.0,-1.7047480922384253,77,266.0,1,1,1.44,-0.21
2017-07-07,0.00017760647074576875,0.001716845408023304,-0.022197263719690642,2,1.0986122886681098,1.0,1.791759469228055,34,137.0,2,0,-0.72,0.17
2016-12-15,0.00018266011413132133,-0.007302440007860867,-0.012781855626599909,-1,-0.40546510810816444,0.057190958417936644,-1.2716536257939046,34,379.0,3,0,-1.27,-0.73
2017-05-14,0,0,0,-1,-0.6931471805599453,1.0,-0.6931471805599453,136,172.0,1,2,0,0
2017-06-01,0.00014526544384841305,-0.0046818311185896225,0.014211980705692365,2,0.5108256237659907,0.057190958417936644,0.4887091649725655,255,619.6666666666666,6,1,1.43,-0.47
2017-07-06,0.00016028878175273725,0.0016543167878900564,-0.009060109349076834,1,0.4054651081081644,0.057190958417936644,0.287006238681158,55,93.33333333333333,3,0,-0.90,0.17
2017-08-03,0.00019607226829023008,-0.0036993084262503355,-0.011707735339047313,0,0.0,0.0,-0.11521272737488873,100,183.83333333333334,6,0,-1.16,-0.37
2017-07-18,6.362642281243978e-05,0.003491501858554478,0.0054951280507696335,1,0.4054651081081644,0.057190958417936644,0.9621471781214368,189,202.0,3,1,0.55,0.35
2016-12-05,0.00026755483853801125,-0.012136210552498812,-0.018316334545923903,-2,-0.6931471805599453,0.1339745962155614,-0.4185045744807875,103,878.25,4,0,-1.82,-1.21
2017-07-29,0,0,0,-4,-1.0986122886681098,0.2546440075000701,0.2868043792357715,185,711.6666666666666,6,2,0,0
2017-06-11,0,0,0,-3,-0.6931471805599453,0.09649209709474871,-0.291725745955527,292,234.57142857142858,7,2,0,0
2017-05-01,0,0,0,1,0.4054651081081644,0.057190958417936644,-0.2849976080142296,173,894.3333333333334,3,2,0,0
2016-06-14,0.0001824873580352497,0.0032139524358042017,0.021082272457362244,0,0.0,0.0,0.7498303103684653,90,247.5,2,1,2.13,0.32
2016-12-14,0.00010196282409217262,-0.004609598715556467,-0.0022246281420950603,-4,-1.0986122886681098,0.2546440075000701,-1.047846023439614,333,942.0,6,0,-0.22,-0.46
2017-06-17,0,0,0,1,0.6931471805599453,1.0,1.7047480922384253,18,39.0,1,2,0,0
2017-02-19,0,0,0,-2,-1.0986122886681098,1.0,-1.791759469228055,76,459.5,2,2,0,0
2016-07-29,0.0001249352656239252,-0.005015361235950504,-0.009218119946886006,-2,-1.0986122886681098,1.0,-1.791759469228055,54,238.5,2,0,-0.92,-0.5
2017-04-25,0.0005008947470796458,0.001609170060362896,0.049775394748280764,-5,-0.6931471805599453,0.07692307692307687,-0.5067712583288823,1640,1072.6923076923076,13,1,5.10,0.16
2015-11-13,0.0001668023320950162,-0.014433817637989196,-0.02252347466708288,0,0.0,0.0,-0.3223781848139459,106,573.75,4,0,-2.23,-1.43
2017-03-10,0.00019386917611538922,-0.0012411522844516221,-0.00013518080453149984,-3,-1.3862943611198906,1.0,-1.4243380382295712,157,248.66666666666666,3,0,-0.01,-0.12
2016-12-30,0.00024812985484575184,0.002432361265943153,0.02068225990720647,0,0.0,0.0,-0.26715890291813454,25,949.5,2,1,2.09,0.24
2017-07-22,0,0,0,1,0.6931471805599453,1.0,0.6931471805599453,48,2135.0,1,2,0,0
2016-07-26,0.0004427203279457245,0.011322244261611263,0.02468791099660966,0,0.0,0.0,0.09419085866976303,51,139.5,2,1,2.50,1.14
2016-05-08,0,0,0,-1,-0.6931471805599453,1.0,-1.791759469228055,12,224.0,1,2,0,0
2016-09-04,0,0,0,1,0.6931471805599453,1.0,1.791759469228055,30,246.0,1,2,0,0
2016-03-04,0.0015313824305910539,0.005019273134986771,0.04703067771137884,-7,-2.0794415416798357,1.0,-0.8719011549283268,314,810.2857142857143,7,1,4.82,0.5
2017-07-16,0,0,0,-1,-0.6931471805599453,1.0,-0.6931471805599453,13,144.0,1,2,0,0
2017-07-09,0,0,0,-2,-1.0986122886681098,1.0,-0.6931471805599453,86,2470.5,2,2,0,0
2017-06-16,6.491813082856324e-05,-0.002979703786886865,-0.0036032964882012847,-1,-0.40546510810816444,0.057190958417936644,-1.6689907015307022,91,401.0,3,0,-0.36,-0.3
2017-07-15,0,0,0,-1,-0.6931471805599453,1.0,-1.7047480922384253,12,178.0,1,2,0,0
2016-08-19,2.7028013263376203e-05,0.0012845671825847756,0.00016315609179469844,-6,-1.9459101490553135,1.0,-1.690220371754563,98,325.8333333333333,6,1,0.02,0.13
2017-07-11,0.00019140369370182624,-0.002989557487375231,0.018875887375053198,0,0.0,0.0,-0.2298743168027536,19,2429.5,2,1,1.91,-0.3
2017-06-29,8.68451813989103e-05,0.004672038882317386,-0.004829653702463714,-4,-1.0986122886681098,0.2546440075000701,-0.7479332587812207,839,421.8333333333333,6,0,-0.48,0.47
2016-12-27,9.524685306484057e-05,-0.002536383696153187,0.00516415754823431,-1,-0.40546510810816444,0.057190958417936644,0.021066498611726176,31,668.6666666666666,3,1,0.52,-0.25
2017-07-02,0,0,0,-2,-0.5108256237659907,0.057190958417936644,-0.4414053027000216,639,2097.0,6,2,0,0
2017-03-18,0,0,0,-4,-1.6094379124341003,1.0,-1.3382788904422889,123,633.5,4,2,0,0
2017-05-31,0.00019636763372018817,0.002286728342769619,-0.02007085232530748,-6,-1.3862943611198906,0.3385621722338523,-0.8264667889010957,178,238.625,8,0,-1.99,0.23
2017-06-20,0.00013864674062246212,-0.0013875674925899115,-0.008265127619043496,-2,-1.0986122886681098,1.0,-1.0624699966108646,27,153.0,2,0,-0.82,-0.14
2017-04-19,8.521019297249502e-05,-0.008172926104028503,0.002690064431472613,-2,-0.2876820724517809,0.013986702816730645,0.10386180187719732,214,981.25,12,1,0.27,-0.81
2016-07-11,0.0008071077357647715,0.002283132726467831,0.016735051787111592,-4,-1.0986122886681098,0.2546440075000701,-0.6993031674540857,145,1385.6666666666667,6,1,1.69,0.23
2016-03-05,0,0,0,-2,-1.0986122886681098,1.0,-1.0510603971778862,84,705.0,2,2,0,0
2016-07-14,0.00011185587752154624,-0.00218162517780308,-0.00031531815863208396,0,0.0,0.0,0.07099398930333509,311,535.4375,16,0,-0.03,-0.22
2017-04-15,0,0,0,-3,-1.3862943611198906,1.0,-1.1198149893393885,92,320.0,3,2,0,0
2016-12-16,0.00013410486505976513,0.0016985387039907829,-0.0014337357366531976,-4,-1.0986122886681098,0.2546440075000701,-0.6163567882072374,312,683.0,6,0,-0.14,0.17
2016-11-22,1.629955685042437e-05,0.009340514827746308,-0.002037615725127561,-2,-1.0986122886681098,1.0,-1.3714652020709017,10,1273.0,2,0,-0.20,0.94
2017-06-22,7.253837515113574e-05,-0.002779339507223078,8.46148965031492e-05,-1,-0.6931471805599453,1.0,-1.6094379124341003,8,180.0,1,1,0.01,-0.28
2017-06-19,0.00011794931099647555,0.006765040463340583,0.016166732895643833,0,0.0,0.0,-0.3039502789802045,99,986.5,2,1,1.63,0.68
2017-04-14,5.437784045094827e-05,-0.00916592204111128,-0.007407068028390124,-6,-1.0986122886681098,0.19999999999999996,-0.44766698427998547,260,961.5,10,0,-0.74,-0.91
2016-11-28,4.560063752258782e-05,0.004606259310563974,0.008202563314408962,-2,-1.0986122886681098,1.0,-0.6931471805599453,155,394.5,2,1,0.82,0.46
2017-06-05,8.030404240359513e-05,-0.004479449818967694,-0.0065043067867590326,-4,-1.0986122886681098,0.2546440075000701,-0.9450782953794312,204,231.66666666666666,6,0,-0.65,-0.45
2016-05-05,3.840072363239272e-05,0.00219398295754281,0.006070293747996586,1,0.1823215567939546,0.006192010000093506,0.33169943314113304,213,1039.3333333333333,9,1,0.61,0.22
2017-04-17,0.00022063920136882785,-0.00738998824058912,0.000859410598368672,0,0.0,0.0,-0.09077233020673134,69,1459.5,8,1,0.09,-0.74
2017-03-04,0,0,0,-1,-0.40546510810816444,0.057190958417936644,0.1279899968239278,130,224.33333333333334,3,2,0,0
2016-12-13,0.00029849427541785704,0.00065630843143965,0.01864057489466954,0,0.0,0.0,0.0982672497161153,23,222.5,2,1,1.88,0.07
2017-05-16,0.00033585020851380394,0.007328520238881631,0.024881531206247115,0,0.0,0.0,0.1204035696224447,42,287.75,4,1,2.52,0.74
2017-05-20,0,0,0,0,0.0,0.0,0.27641930938951886,1152,806.1666666666666,6,2,0,0
2017-05-10,0.00011771535895721833,-0.009045733518730174,0.003248461060190452,-1,-0.40546510810816444,0.057190958417936644,0.030036783752465414,144,957.6666666666666,3,1,0.33,-0.9
2017-05-30,0,0,0,-1,-0.2231435513142097,0.010256681389212985,0.13971184660507802,242,1605.5714285714287,7,2,0,0
2017-06-04,0,0,0,-1,-0.6931471805599453,1.0,-1.7047480922384253,62,416.0,1,2,0,0
2015-11-09,0.00023483021574177647,0.015711448517457705,0.010973359969142017,-2,-0.5108256237659907,0.057190958417936644,1.8017352150886974,689,2203.5,6,1,1.10,1.58
2015-12-22,8.824663337004139e-05,0.0025499586082369783,-0.008848440689879328,-1,-0.40546510810816444,0.057190958417936644,-0.7671997034996685,53,1581.0,3,0,-0.88,0.26
2017-05-25,5.3044653725891856e-05,0.014177372256669672,0.0006215868423730501,-3,-0.916290731874155,0.19999999999999996,-0.9326841299411479,52,1350.8,5,1,0.06,1.43
2017-05-26,0.00010206333647803366,0.0007172851548067617,0.0029251450188626715,1,0.28768207245178085,0.020204102886728803,0.35223717801290133,175,189.4,5,1,0.29,0.07
2016-03-23,0.0001220569160206934,0.0035278570599555623,0.0020449033666985255,-9,-1.0296194171811581,0.15163499400847313,-0.5587878624501211,594,1219.0,17,1,0.20,0.35
2016-04-20,0.0004628284067489398,-0.023354454419571943,-0.01968420351654644,-3,-1.3862943611198906,1.0,-0.6931471805599453,48,929.3333333333334,3,0,-1.95,-2.31
2016-05-09,8.229829759684324e-05,-0.028247279586176177,-0.005566172131824783,1,0.22314355131420976,0.010256681389212985,0.07456402591270142,199,638.1428571428571,7,0,-0.56,-2.79
2016-04-27,2.389577159008079e-05,-0.0037273819549386617,0.004174004505038347,-3,-1.3862943611198906,1.0,-0.6931471805599453,266,1477.3333333333333,3,1,0.42,-0.37
2016-05-18,0.00045098125116523654,-0.012801018517626236,-0.022611030636107584,-5,-1.791759469228055,1.0,-0.9703678964936611,95,1164.8,5,0,-2.24,-1.27
2016-06-05,0,0,0,-1,-0.2231435513142097,0.010256681389212985,-0.041576654620927966,188,505.85714285714283,7,2,0,0
2016-05-19,9.497728339518114e-05,-0.00021373534658417442,0.0054262592089394,-3,-1.3862943611198906,1.0,-1.1418229264442425,56,451.6666666666667,3,1,0.54,-0.02
2016-06-26,0,0,0,1,0.6931471805599453,1.0,0.6931471805599453,47,2020.0,1,2,0,0
2016-08-26,6.789618866596286e-05,0.000645094049712745,-0.005161643329687732,-9,-2.3025850929940455,1.0,-0.6931471805599453,140,1235.6666666666667,9,0,-0.51,0.06
2016-09-20,0.0001885768115225507,-0.0010084228956502668,-0.017375960201871106,-1,-0.40546510810816444,0.057190958417936644,-0.4576712432797363,23,1276.0,3,0,-1.72,-0.1
2016-09-21,0.0001665552090689579,0.0009489376413661784,-0.0030899330199239843,-3,-0.916290731874155,0.19999999999999996,-0.2867806540734079,50,664.6,5,0,-0.31,0.1
2016-09-05,3.8840235473445844e-05,0.001547370187155197,0.00885595421297489,0,0.0,0.0,0.11259362599570917,20,1482.5,2,1,0.89,0.15
2016-12-22,4.331823861006656e-05,0.0006786692608256362,-0.010583404079488516,-6,-1.9459101490553135,1.0,-0.8342289682208334,112,820.0,6,0,-1.05,0.07
2017-02-21,7.679168141865913e-05,0.004118103117185383,-0.007083067819630159,1,0.28768207245178085,0.020204102886728803,-0.22732867108528057,113,865.8,5,0,-0.71,0.41
2017-05-11,0.00014350356250625375,0.0028490653507486784,0.005034975671735575,1,0.4054651081081644,0.057190958417936644,-0.18807384539602467,42,650.3333333333334,3,1,0.50,0.29
2017-05-17,5.5637986876349794e-05,-0.0027406971831017367,-0.008217433485075308,-2,-0.6931471805599453,0.1339745962155614,-0.35270781701328907,23,542.5,4,0,-0.82,-0.27
2016-03-16,0.00038778650152432315,0.0021134136345090024,-0.01437498967752031,-3,-0.916290731874155,0.19999999999999996,0.5264998188694066,320,545.0,5,0,-1.43,0.21
2017-02-23,8.97472415111103e-05,-0.0030218368970387067,-0.0005251592873497278,1,0.4054651081081644,0.057190958417936644,0.30212588760291653,78,1478.3333333333333,3,0,-0.05,-0.3
2016-04-21,9.994177199422394e-05,-0.006645910779224841,0.008061696508844352,-4,-0.8472978603872037,0.1339745962155614,-0.5394440448636606,227,1012.875,8,1,0.81,-0.66
2016-04-22,0.0003413802685703704,0.0021481267975542112,0.02882705709781722,-1,-0.6931471805599453,1.0,-0.6931471805599453,15,1506.0,1,1,2.92,0.22
2016-06-15,0.0002767812507772968,0.015715756135561542,0.013619029229910252,-4,-1.0986122886681098,0.2546440075000701,-0.6136510378219648,105,435.8333333333333,6,1,1.37,1.58
2016-05-23,0.00015730535905822117,0.006410176594157142,0.011633099179081893,-4,-1.6094379124341003,1.0,-1.1556730695179007,93,530.75,4,1,1.17,0.64
2016-06-29,0.00012084352945208673,0.006512518419183936,-0.00010409618496877053,-5,-0.9808292530117262,0.1685205807169019,-0.5545565283757334,168,394.44444444444446,9,0,-0.01,0.65
2016-06-28,4.851347694957261e-05,0.005805541540679294,0.0018406298065013064,-6,-1.3862943611198906,0.3385621722338523,-1.0363705662496319,206,310.125,8,1,0.18,0.58
2016-07-07,0.0007661350074944385,-0.00014583685522048044,-0.0008831415177370775,-1,-0.0953101798043249,0.001386002052090718,0.06735253337446652,735,591.8947368421053,19,0,-0.09,-0.01
2016-07-06,0.0013674593750899013,0.00361905409880372,0.05378702190659653,-4,-0.8472978603872037,0.1339745962155614,-1.1424541702750828,782,1383.25,8,1,5.53,0.36
2016-07-10,0,0,0,-1,-0.40546510810816444,0.057190958417936644,-0.5049562407000522,98,1363.3333333333333,3,2,0,0
2016-08-02,0.00022445315436459,0.00603917327819612,-0.0024463048551802476,-1,-0.2876820724517809,0.020204102886728803,-0.21523216556404517,77,692.6,5,0,-0.24,0.61
2016-07-18,5.273285564055454e-05,-0.0035225508967029373,-0.004134258646068417,-3,-0.916290731874155,0.19999999999999996,-0.7451732452966482,81,370.8,5,0,-0.41,-0.35
2016-08-01,0.00030169632395897955,-0.008748136353980524,-0.01996486303272495,-2,-1.0986122886681098,1.0,-0.6931471805599453,44,732.0,2,0,-1.98,-0.87
2016-08-09,0.0004688989183204839,0.007097920996198263,0.02452635562797828,-2,-0.6931471805599453,0.1339745962155614,0.9427631635096414,181,923.5,4,1,2.48,0.71
2016-08-28,0,0,0,-2,-1.0986122886681098,1.0,-0.6931471805599453,15,1387.0,2,2,0,0
2016-08-29,4.959669664095672e-05,-9.120016161764728e-05,0.01996847852800514,2,0.6931471805599453,0.1339745962155614,0.9458738591669743,61,947.0,4,1,2.02,-0.01
2016-08-30,5.628874766833827e-05,0.001513497264357663,-0.00544516254344243,-1,-0.2876820724517809,0.020204102886728803,-0.15137327205511458,86,1450.8,5,0,-0.54,0.15
2016-09-13,1.1166483906111827e-05,0.0005061624558689113,0.00791997322717941,0,0.0,0.0,0.4051834332241179,44,1558.5,4,1,0.80,0.05
2016-09-09,3.1624930242076336e-05,-0.005535407125882893,-0.0038987681460297347,-1,-0.6931471805599453,1.0,-0.6931471805599453,9,1335.0,1,0,-0.39,-0.55
2016-10-31,0.00012696546551235378,-0.0012184195577692408,0.0028346475673761908,-3,-0.5596157879354228,0.057190958417936644,-0.335491285550333,82,1002.1111111111111,9,1,0.28,-0.12
2016-09-22,0.00014574517381636332,0.005418441846653067,0.00991497556195041,0,0.0,0.0,-0.049076026819918114,28,692.5,2,1,1.00,0.54
2016-10-25,0.00011797618806833221,0.0011788780939074683,0.019391770314952934,-2,-1.0986122886681098,1.0,-0.6931471805599453,22,905.0,2,1,1.96,0.12
2016-11-01,4.264710847899224e-05,0.007054583944330114,-0.004002337410183768,-2,-0.6931471805599453,0.1339745962155614,-1.1599493965459189,58,1305.75,4,0,-0.40,0.71
2016-11-03,1.9358900028025717e-05,0.008411919935528651,0.002155173247983412,-3,-1.3862943611198906,1.0,-1.3913791722965883,31,1573.6666666666667,3,1,0.22,0.84
2016-11-02,4.39039294268251e-05,-0.006332378348732326,-0.004747896109307834,-2,-1.0986122886681098,1.0,-0.6931471805599453,18,751.5,2,0,-0.47,-0.63
2016-11-04,6.58102130289339e-05,-0.0011576111016339138,-0.003298030515233216,-1,-0.6931471805599453,1.0,-0.6931471805599453,6,870.0,1,0,-0.33,-0.12
2016-11-14,0.00012735041265082557,0.004473651826692043,-0.013065817513687277,-1,-0.40546510810816444,0.057190958417936644,-0.40974245762479916,24,1201.6666666666667,3,0,-1.30,0.45
2016-12-26,0.00027116474504039093,0.003985424161370213,0.013809159563248241,-1,-0.6931471805599453,1.0,-0.6931471805599453,5,1219.0,1,1,1.39,0.4
2016-12-29,8.077187456023409e-05,-0.0019811762531005608,0.011028789422371444,-1,-0.6931471805599453,1.0,-0.6931471805599453,12,1272.0,1,1,1.11,-0.2
2017-01-16,0.00011114635808639994,-0.0030018410010280326,-0.009907707004422343,-1,-0.6931471805599453,1.0,-0.6931471805599453,13,608.0,1,0,-0.99,-0.3
2017-01-05,0.00010730415817357443,0.0020935461933269946,-0.014800241530004948,-3,-0.916290731874155,0.19999999999999996,-0.47319031374440035,146,671.6,5,0,-1.47,0.21
2017-03-31,3.5307848362513424e-05,0.003814858304950817,0.0005695793034245712,-1,-0.6931471805599453,1.0,-0.6931471805599453,12,534.0,1,1,0.06,0.38
2017-01-10,8.620296334344394e-05,-0.0030223095811078705,0.001404998008934124,-1,-0.6931471805599453,1.0,-0.6931471805599453,17,485.0,1,1,0.14,-0.3
2017-04-27,0.0002773177481306471,0.003603985442434694,0.008291684389006218,-3,-1.3862943611198906,1.0,-0.6931471805599453,236,855.0,3,1,0.83,0.36
2017-02-06,4.628473090359403e-05,0.0053389358454745345,0.0,-1,-0.6931471805599453,1.0,-0.6931471805599453,16,478.0,1,2,0.00,0.54
2017-05-04,3.08104106186649e-05,-0.0025484148481131727,-0.0038627223806094683,-4,-1.0986122886681098,0.2546440075000701,-0.3681454160340308,248,1082.3333333333333,6,0,-0.39,-0.25
2017-02-09,5.2428803853561156e-05,0.0051022447133304595,0.009829225445433685,-1,-0.6931471805599453,1.0,-0.6931471805599453,11,476.0,1,1,0.99,0.51
2017-01-25,4.253276230869835e-05,0.002225013234976847,-0.007679780989689039,0,0.0,0.0,0.211759070214235,80,1723.0,2,0,-0.77,0.22
2017-01-18,0.00026608664589621397,0.0013629542209361285,0.01689877051924872,-3,-0.916290731874155,0.19999999999999996,-0.18821794549513318,190,396.6,5,1,1.70,0.14
2017-01-03,5.645607229564195e-05,0.010346975745288672,0.0012262417232442935,-3,-0.916290731874155,0.19999999999999996,-0.7972460055075684,145,1130.0,5,1,0.12,1.04
2017-02-07,5.4906919062148217e-05,-0.001232950028379086,-0.00947242863301095,-2,-1.0986122886681098,1.0,-1.0628669459679974,43,317.5,2,0,-0.94,-0.12
2017-05-08,0.0003222465116829008,-0.007904079715767948,-0.026070336246544933,0,0.0,0.0,-0.31782422566132584,43,780.0,2,0,-2.57,-0.79
2017-02-22,0.00011619779873015264,0.002422271333496166,0.00874240612453402,-1,-0.2876820724517809,0.020204102886728803,0.16108349350331352,49,398.4,5,1,0.88,0.24
2017-04-06,9.631538120900967e-05,0.0032634723399130087,0.0057576575757462495,-2,-1.0986122886681098,1.0,-1.3304777363698714,22,1302.0,2,1,0.58,0.33
2017-05-12,5.927390826955068e-05,0.00716356657622197,0.0031733369652640576,-1,-0.40546510810816444,0.057190958417936644,0.39814384293913746,32,301.0,3,1,0.32,0.72
2017-04-21,0.0005279286614409818,0.0003309562301199069,-0.03623655925575196,1,0.1823215567939546,0.006192010000093506,-0.19113462853560922,275,1164.4444444444443,9,0,-3.56,0.03
2016-12-09,9.276472429584099e-05,0.005430944221556635,0.0001480450651881253,-1,-0.6931471805599453,1.0,-1.6094379124341003,5,335.0,1,1,0.01,0.54
2015-08-28,0.0006570607294149444,0.047114924239952075,-0.022683924500324585,-2,-0.5108256237659907,0.057190958417936644,0.05808212464875894,69,1250.1666666666667,6,0,-2.24,4.82
2017-05-18,6.379088965508336e-05,-0.004616947525676165,0.006868062598898465,1,0.6931471805599453,1.0,1.7047480922384253,31,575.0,1,1,0.69,-0.46
2016-08-17,7.560891998595233e-05,-0.00015435076241336168,-0.004403581782496638,0,0.0,0.0,1.0188966873526557,99,260.0,4,0,-0.44,-0.02
2015-11-22,0,0,0,1,0.6931471805599453,1.0,1.6094379124341003,9,126.0,1,2,0,0
2016-07-09,0,0,0,0,0.0,0.0,0.05933760447463232,444,842.25,4,2,0,0
2015-09-17,0.0005947964660499792,-0.02122445950722344,-0.0325454136808724,3,1.3862943611198906,1.0,0.9697857565875531,97,1625.3333333333333,3,0,-3.20,-2.1
2015-08-30,0,0,0,-1,-0.6931471805599453,1.0,-0.6931471805599453,70,2550.0,1,2,0,0
2015-08-29,0,0,0,0,0.0,0.0,-0.5188380196014997,22,1731.5,2,2,0,0
2017-05-03,9.31942137220323e-05,-0.0026628205303957527,0.013330477384542967,-1,-0.6931471805599453,1.0,-0.6931471805599453,17,705.0,1,1,1.34,-0.27
2017-05-02,7.194337427846588e-05,-0.003477093607484734,-0.0033916404429543655,-2,-1.0986122886681098,1.0,-1.5928130264644649,50,342.5,2,0,-0.34,-0.35
2015-10-26,0.00084253390249164,0.005013157220593864,0.03149242081056482,-4,-1.0986122886681098,0.2546440075000701,-0.23991351445591094,97,2363.1666666666665,6,1,3.20,0.5
2015-09-21,6.616417079753487e-05,0.018745572459264292,-0.0006520703463811411,1,0.6931471805599453,1.0,0.6931471805599453,9,1956.0,1,0,-0.07,1.89
2015-11-26,3.059488089616488e-05,-0.0033994771516902313,-0.0006575548590690899,-4,-1.6094379124341003,1.0,-0.6931471805599453,262,1814.0,4,0,-0.07,-0.34
2016-04-11,0.0007917265182066383,0.01628235050403729,-0.024880735623389598,-2,-1.0986122886681098,1.0,-0.6931471805599453,29,316.0,2,0,-2.46,1.64
2016-05-04,0.0002199288216974127,-0.0004578945953187014,-0.01468421030837775,-4,-0.8472978603872037,0.1339745962155614,-0.8327210033015942,279,928.125,8,0,-1.46,-0.05
2015-10-22,9.714583148975532e-05,0.014369205977751875,0.011021857184001607,-1,-0.6931471805599453,1.0,-0.6931471805599453,22,1116.0,1,1,1.11,1.45
2015-10-31,0,0,0,0,0.0,0.0,1.032715976279263,49,343.0,2,2,0,0
2016-05-07,0,0,0,-1,-0.6931471805599453,1.0,-1.791759469228055,1247,1581.0,1,2,0,0
2016-11-25,7.59073902950371e-05,0.006211887717620265,-0.000126218800457927,-1,-0.6931471805599453,1.0,-0.6931471805599453,22,469.0,1,0,-0.01,0.62
2017-03-07,0.00032146762330422126,0.0026373180127970378,0.02269569707860743,-1,-0.40546510810816444,0.057190958417936644,-1.4788857900890902,54,727.3333333333334,3,1,2.30,0.26
2016-07-13,0.0003303164641058514,0.0037020894743920243,-0.023493104406420866,-5,-1.791759469228055,1.0,-1.0300469489008874,102,511.4,5,0,-2.32,0.37
2017-02-26,0,0,0,-1,-0.6931471805599453,1.0,-1.791759469228055,31,191.0,1,2,0,0
2016-12-23,0.00010043167549241011,-0.009411706173572272,-0.016025636274139943,0,0.0,0.0,0.10360416878973619,32,322.5,2,0,-1.59,-0.94
2016-10-30,0,0,0,-2,-1.0986122886681098,1.0,-1.3020422035614556,59,1116.0,2,2,0,0
2016-05-13,0.00039236834975661693,-0.003090253687834552,-0.019727618388836812,-2,-1.0986122886681098,1.0,-1.0210739076852964,105,387.5,2,0,-1.95,-0.31
2015-09-03,0,0,0,1,0.6931471805599453,1.0,1.7047480922384253,8,916.0,1,2,0,0
2016-04-28,4.49760978881656e-05,-0.0027393283403812163,0.006350261509212969,-1,-0.6931471805599453,1.0,-0.6931471805599453,104,490.0,1,1,0.64,-0.27
2016-06-24,0.0004679543842788624,-0.01311134727675259,-0.009705461400457603,-4,-1.0986122886681098,0.2546440075000701,-0.6664370356935403,127,326.6666666666667,6,0,-0.97,-1.3
2016-09-30,0.0003848976044651431,0.0020722357903000333,0.023536891180104654,1,0.4054651081081644,0.057190958417936644,0.3999942846947649,57,1158.3333333333333,3,1,2.38,0.21
2016-11-09,0.00023826837632436493,-0.006220284991016051,-0.010018770695120608,0,0.0,0.0,0.37744519162784745,21,1140.0,2,0,-1.00,-0.62
2016-12-01,0.00012178318973986847,0.0071374782950124165,0.0060615714421428345,-2,-1.0986122886681098,1.0,-0.6931471805599453,16,511.5,2,1,0.61,0.72
2016-12-20,9.231934440060372e-05,-0.004886715313382755,0.0015940166455314284,-1,-0.40546510810816444,0.057190958417936644,-0.24240536780900585,39,589.0,3,1,0.16,-0.49
2016-10-18,0.00016355459050942928,0.013946234641883621,0.015452809909419643,-2,-1.0986122886681098,1.0,-0.945001361647176,48,729.5,2,1,1.56,1.4
2016-07-19,0.00043122777515339233,-0.0022894144364695485,-0.02594968775835369,-1,-0.2876820724517809,0.020204102886728803,-0.3792586290167865,80,236.4,5,0,-2.56,-0.23
2016-08-11,0.00020413555343458541,-0.005350936723628618,0.009388251263871281,-2,-1.0986122886681098,1.0,-0.6931471805599453,20,507.0,2,1,0.94,-0.53
2015-12-30,7.408727156865339e-05,0.0025614380469376826,-0.004422264381728696,3,1.3862943611198906,1.0,1.4055146107679617,46,913.0,3,0,-0.44,0.26
2016-01-29,0.00027347726721181707,0.030388412784039,0.020187450895201044,1,0.6931471805599453,1.0,0.6931471805599453,14,407.0,1,1,2.04,3.09
2015-10-14,5.689529606994681e-05,-0.009393464406093751,-0.00458936176321663,-1,-0.6931471805599453,1.0,-0.6931471805599453,10,485.0,1,0,-0.46,-0.93
2015-10-16,7.988982433547536e-05,0.015835276547432733,0.0037431730876592716,-1,-0.6931471805599453,1.0,-0.6931471805599453,8,493.0,1,1,0.38,1.6
2015-11-05,0.0007235556707554425,0.018097267821525237,0.007322644761128279,-1,-0.6931471805599453,1.0,-0.6931471805599453,15,480.0,1,1,0.74,1.83
2016-01-12,0.00033878005853605,0.00203988440748865,-0.01547995111464504,-1,-0.6931471805599453,1.0,-0.6931471805599453,15,334.0,1,0,-1.54,0.2
2016-01-14,0.0009815566981369998,0.01948947499688784,0.02491478354328778,-1,-0.1823215567939546,0.006192010000093506,0.07768370685802595,285,483.44444444444446,9,1,2.52,1.97
2016-04-12,5.113809413283729e-05,-0.003403986045739525,0.0049116012294600836,-1,-0.40546510810816444,0.057190958417936644,-0.5750236079939407,241,1553.0,3,1,0.49,-0.34
2016-04-14,8.966468418902124e-05,0.005113037647590604,0.002144330718570486,0,0.0,0.0,-0.1354549752997975,123,683.5,2,1,0.21,0.51
2016-05-12,0.00011599602472204961,-0.00041601297996369017,-0.0035489380696047757,1,0.4054651081081644,0.057190958417936644,0.2094546827085589,120,241.66666666666666,3,0,-0.35,-0.04
2016-05-25,8.704862359208786e-05,-0.0023346755898089127,-0.00031758634645652294,-2,-0.6931471805599453,0.1339745962155614,-0.46383236882626894,132,579.75,4,0,-0.03,-0.23
2016-05-27,6.171940444711306e-05,-0.0004926029914495377,-0.0010689895108843752,-2,-1.0986122886681098,1.0,-0.9292705904087933,89,331.5,2,0,-0.11,-0.05
2016-05-20,0.0003616210423226859,0.006594027504170081,0.02209212034061764,-3,-0.916290731874155,0.19999999999999996,-0.7859651387728959,175,562.4,5,1,2.23,0.66
2016-08-24,5.171420814918497e-05,-0.0012403674761573657,-0.005227403435151799,-5,-1.791759469228055,1.0,-1.086780224104217,55,291.4,5,0,-0.52,-0.12
2016-09-14,7.030888991782352e-05,-0.006856570447132694,-0.002866668629804918,-1,-0.40546510810816444,0.057190958417936644,-0.5182094303634637,57,314.6666666666667,3,0,-0.29,-0.68
2016-09-07,6.660948172018204e-05,0.00039465342178576817,-0.010834763921475104,-1,-0.6931471805599453,1.0,-0.6931471805599453,14,298.0,1,0,-1.08,0.04
2016-09-23,5.147034038006874e-05,-0.002768174691242982,0.0023542875704515237,-2,-1.0986122886681098,1.0,-0.9514575141057842,52,708.5,2,1,0.24,-0.28
2016-09-29,0.00011341846644620721,0.0035480815126298355,0.00887145741377977,-2,-1.0986122886681098,1.0,-0.6931471805599453,21,382.5,2,1,0.89,0.36
2016-09-28,7.691104034647832e-05,-0.0034446904525292834,-0.00952421016391755,-1,-0.6931471805599453,1.0,-0.6931471805599453,11,480.0,1,0,-0.95,-0.34
2016-10-17,6.265124599899261e-05,-0.007416929715424141,-0.010361082739442268,-2,-1.0986122886681098,1.0,-1.0172677751786163,39,797.0,2,0,-1.03,-0.74
2016-10-19,5.100890306571916e-05,0.00027234704963576543,-0.0023141745306021378,-2,-1.0986122886681098,1.0,-1.1166566836850034,22,335.0,2,0,-0.23,0.03
2016-11-07,5.245603514723924e-05,0.002559658831652686,0.0016186625766971814,-1,-0.6931471805599453,1.0,-0.6931471805599453,15,510.0,1,1,0.16,0.26
2016-11-08,0.0001498237220776811,0.004636050346308225,0.01470128629039957,-2,-1.0986122886681098,1.0,-1.2711101729620289,27,1338.0,2,1,1.48,0.46
2016-11-18,1.3760872345290613e-05,-0.004870887622510504,-0.0033492237928823584,-1,-0.6931471805599453,1.0,-0.6931471805599453,11,468.0,1,0,-0.33,-0.49
2016-11-15,0.00011640348545139469,-0.0010533927697831016,0.00966407521346592,-2,-1.0986122886681098,1.0,-0.6931471805599453,19,523.0,2,1,0.97,-0.11
2016-11-10,3.781316271189976e-05,0.013623189745938314,0.007296318182011744,-1,-0.6931471805599453,1.0,-0.6931471805599453,13,515.0,1,1,0.73,1.37
2016-11-24,0.00011375376205455036,0.00018510291775048778,0.012637495932928067,-3,-1.3862943611198906,1.0,-1.2940066156966663,30,594.6666666666666,3,1,1.27,0.02
2016-11-21,4.06208568763964e-05,0.007889593428381489,-0.0016142053545411135,-1,-0.6931471805599453,1.0,-0.6931471805599453,15,485.0,1,0,-0.16,0.79
2015-11-01,0,0,0,-1,-0.6931471805599453,1.0,-1.791759469228055,15,165.0,1,2,0,0
2017-04-28,0.0003569464247636481,0.000783275367666143,-0.019068272854632192,-1,-0.2876820724517809,0.020204102886728803,0.14758529643379226,119,252.2,5,0,-1.89,0.08
2015-11-27,0.00028683138900426893,-0.05636509514261684,-0.024253411928503124,-1,-0.6931471805599453,1.0,-0.6931471805599453,141,2362.0,1,0,-2.40,-5.48
2015-09-15,0.00043558495149272503,-0.03583080595431203,-0.0026203263206840332,1,0.6931471805599453,1.0,1.8718021769015913,8,1465.0,1,0,-0.26,-3.52
2016-06-03,0.0019525314086983729,0.004587390866156502,0.0585704788304992,-2,-0.40546510810816444,0.031754163448145745,-0.44852453960965466,181,325.0,8,1,6.03,0.46
2015-08-24,0.002088842126368038,-0.08872905609190808,-0.09384075063293153,-1,-0.40546510810816444,0.057190958417936644,-0.7456741336200925,26,1519.3333333333333,3,0,-8.96,-8.49
2015-08-20,0.00034255629135859534,-0.03481527208817908,-0.03302626911895429,1,0.4054651081081644,0.057190958417936644,0.7413583419015519,55,607.0,3,0,-3.25,-3.42
2015-08-21,0.0007595309198180018,-0.043662636693824315,-0.04583917326751984,-1,-0.6931471805599453,1.0,-1.8718021769015913,18,895.0,1,0,-4.48,-4.27
2015-08-25,0.00316073182966515,-0.07937598501103606,0.0401521168186431,1,0.4054651081081644,0.057190958417936644,-0.5201183380964615,13,394.6666666666667,3,1,4.10,-7.63
2015-09-02,0.0003288378460943085,-0.0020389493675485363,0.0012339967630982437,1,0.6931471805599453,1.0,1.3862943611198906,34,3327.0,1,1,0.12,-0.2
2015-09-01,0.00048202526220915437,-0.012356162043213987,-0.005131637473568506,3,1.3862943611198906,1.0,1.311656633142573,73,2684.0,3,0,-0.51,-1.23
2015-09-27,0,0,0,2,1.0986122886681098,1.0,1.7402740195115711,41,508.5,2,2,0,0
2015-09-16,0.0012138165144503518,0.0477855171370045,0.012544746974202933,1,0.4054651081081644,0.057190958417936644,1.1736737400812025,76,1117.3333333333333,3,1,1.26,4.89
2015-09-19,0,0,0,-1,-0.6931471805599453,1.0,-1.7047480922384253,23,182.0,1,2,0,0
2015-09-11,9.047582883038267e-05,0.0007314649004185527,-0.0015539213734942154,0,0.0,0.0,0.05227181539361068,16,1210.0,2,0,-0.16,0.07
2017-04-29,0,0,0,-1,-0.6931471805599453,1.0,-1.3862943611198906,7,272.0,1,2,0,0
2015-09-25,0.0002847425972017619,-0.016147801408731413,-0.0027873863089271124,1,0.6931471805599453,1.0,1.7047480922384253,8,211.0,1,0,-0.28,-1.6
2015-10-23,0.0011705630587135459,0.012885860269521458,0.04087531853177391,-2,-1.0986122886681098,1.0,-1.2508118517231883,15,997.0,2,1,4.17,1.3
2015-09-29,9.433169891506291e-05,-0.02040175667320155,-0.006342571386932186,1,0.6931471805599453,1.0,1.791759469228055,26,128.0,1,0,-0.63,-2.02
2015-11-03,0.00043446813799897653,-0.0025234212656080755,-0.013498677508530132,0,0.0,0.0,0.5858193431625174,64,229.0,2,0,-1.34,-0.25
2015-11-19,3.442588764061651e-05,0.01352460866525448,0.0017221722239190796,-1,-0.6931471805599453,1.0,-1.6094379124341003,24,967.0,1,1,0.17,1.36
2015-12-02,0.0016856453657984405,0.023051918613823927,0.03574269950158197,-2,-1.0986122886681098,1.0,-1.7023258734721751,34,963.0,2,1,3.64,2.33
2017-03-24,0.0001609702809706672,0.006413032104768939,-0.007648664012170958,1,0.28768207245178085,0.020204102886728803,-0.4269334673697474,205,585.0,5,0,-0.76,0.64
2017-03-23,0.00012931336111547377,0.001025598471115983,-0.011960309353115981,-1,-0.6931471805599453,1.0,-1.6094379124341003,23,136.0,1,0,-1.19,0.1
2015-09-06,0,0,0,-1,-0.6931471805599453,1.0,-1.6094379124341003,34,2464.0,1,2,0,0
2015-10-18,0,0,0,1,0.6931471805599453,1.0,1.791759469228055,22,136.0,1,2,0,0
2017-02-25,0,0,0,-1,-0.6931471805599453,1.0,-0.6931471805599453,73,241.0,1,2,0,0
2015-11-02,8.87673158995552e-05,-0.01713908529593232,-0.00609729387695256,-2,-1.0986122886681098,1.0,-1.2709316605059287,26,2246.0,2,0,-0.61,-1.7
2015-09-09,0.00013612392162163083,0.022653045371130043,0.013327234351754303,-2,-1.0986122886681098,1.0,-0.6931471805599453,49,2065.0,2,1,1.34,2.29
2015-11-18,4.540559904049975e-05,-0.010129358195848988,0.0013985364267287016,1,0.6931471805599453,1.0,0.6931471805599453,12,2124.0,1,1,0.14,-1.01
2015-09-23,0.0002232816710420233,-0.02213210684364413,-0.02309805980527586,-1,-0.6931471805599453,1.0,-0.6931471805599453,9,409.0,1,0,-2.28,-2.19
2015-09-22,4.360751142135327e-05,0.00917044155138733,-0.00015053817425629033,-1,-0.6931471805599453,1.0,-0.6931471805599453,14,1739.0,1,0,-0.02,0.92
2015-09-14,0.002100301355604676,-0.027057737502102743,0.04866426482209092,-3,-1.3862943611198906,1.0,-1.053105855449113,42,1932.3333333333333,3,1,4.99,-2.67
2015-08-27,0.0021975017120291476,0.05201742227923937,0.069275624634464,-2,-1.0986122886681098,1.0,-0.6931471805599453,27,1932.0,2,1,7.17,5.34
2015-08-26,0.0019917408590133245,-0.012789833998954572,0.040452709512994206,-1,-0.6931471805599453,1.0,-0.6931471805599453,5,518.0,1,1,4.13,-1.27
2017-04-16,0,0,0,-2,-1.0986122886681098,1.0,-0.6931471805599453,235,1946.0,2,2,0,0
2016-06-07,5.7030768211856915e-05,0.0006609723347755697,0.0064993909958767524,-1,-0.40546510810816444,0.057190958417936644,-0.8324410439616363,106,419.0,3,1,0.65,0.07
2017-03-15,9.821964225320345e-05,0.0007498738989485359,0.01392158795267329,-1,-0.40546510810816444,0.057190958417936644,-0.45268110443874626,55,1116.0,3,1,1.40,0.08
2016-07-24,0,0,0,-1,-0.6931471805599453,1.0,-0.6931471805599453,96,4036.0,1,2,0,0
2017-04-13,0.00015127373559562307,0.0006504025549175471,0.020695116110791167,-3,-0.6931471805599453,0.09649209709474871,-0.5697534903837754,821,1649.4285714285713,7,1,2.09,0.07
2016-02-29,0.001564789483452692,-0.02904961023846285,-0.008940418555022837,-2,-1.0986122886681098,1.0,-1.393605031222624,47,238.0,2,0,-0.89,-2.86
2016-02-17,0.00017070813317125345,0.010789194950716958,-0.00797601589416015,-1,-0.6931471805599453,1.0,-1.7047480922384253,38,449.0,1,0,-0.79,1.08
2015-12-23,0.00011373558006727912,-0.004303053075821836,-0.009061955189535884,-2,-1.0986122886681098,1.0,-1.4868823707888863,34,1620.0,2,0,-0.90,-0.43
2016-01-15,0.0005910852455223969,-0.03611387911052383,-0.028826719922799088,-2,-1.0986122886681098,1.0,-0.6931471805599453,35,1375.0,2,0,-2.84,-3.55
2017-04-12,9.214607895493894e-05,-0.004613892502698677,0.012740011389950987,1,0.6931471805599453,1.0,0.6931471805599453,8,2527.0,1,1,1.28,-0.46
2017-01-24,0.00010791192069883128,0.0018409641911672587,-0.002594330991975373,-1,-0.6931471805599453,1.0,-0.6931471805599453,109,1235.0,1,0,-0.26,0.18
2016-03-11,0.0002807487918743889,0.001987519888321001,-4.384907150294476e-05,-2,-1.0986122886681098,1.0,-0.6931471805599453,70,1162.0,2,2,-0.00,0.2
2017-04-11,0.00024741172315842106,0.005971022686757015,-0.010097052818775753,-1,-0.40546510810816444,0.057190958417936644,0.014248456004692772,294,1080.6666666666667,3,0,-1.00,0.6
2017-04-05,0.00023668729374928685,0.014724222631900647,0.008504986706645975,1,0.6931471805599453,1.0,1.252762968495368,19,118.0,1,1,0.85,1.48
2016-03-24,0.0012629200550746235,-0.016409872280070865,0.03220344020321312,-6,-0.916290731874155,0.1339745962155614,-0.8155961990559223,541,1286.4166666666667,12,1,3.27,-1.63
2017-04-04,0,0,0,-1,-0.6931471805599453,1.0,-1.791759469228055,27,134.0,1,2,0,0
2015-08-19,0.0001425973090866854,0.012184811340230948,0.002781366648521468,-1,-0.6931471805599453,1.0,-0.6931471805599453,10,867.0,1,1,0.28,1.23
2015-10-09,5.315380509447586e-05,0.012578981038663624,-0.002889955620009234,0,0.0,0.0,-1.7102055441289474,321,1347.0,2,0,-0.29,1.27
2017-04-03,0,0,0,-1,-0.6931471805599453,1.0,-0.6931471805599453,11,1885.0,1,2,0,0
2017-03-29,8.566007664482624e-05,-0.003584707869602922,0.008875449342234278,-1,-0.6931471805599453,1.0,-1.5040773967762742,31,932.0,1,1,0.89,-0.36
2017-03-13,0.00012121958159652064,0.007522772686904751,0.004585926569601474,-3,-1.3862943611198906,1.0,-0.7737846191352866,38,306.6666666666667,3,1,0.46,0.76
2016-08-31,0.00010350277190466642,0.0035096470052359014,0.014057532036549449,-1,-0.6931471805599453,1.0,-0.6931471805599453,6,337.0,1,1,1.42,0.35
2017-03-27,0.000289311153454779,-0.0007618861486496281,-0.020898310321988234,-1,-0.6931471805599453,1.0,-1.6094379124341003,4,156.0,1,0,-2.07,-0.08
2017-03-26,0,0,0,-1,-0.6931471805599453,1.0,-1.7047480922384253,19,899.0,1,2,0,0
2017-03-16,7.736061596147508e-05,0.008349381141158718,0.00024017613031594888,-1,-0.6931471805599453,1.0,-1.7047480922384253,9,1363.0,1,1,0.02,0.84
2015-08-31,0.0010607832678000849,-0.008188491843987074,0.014020125531377438,-1,-0.6931471805599453,1.0,-0.6931471805599453,5,1275.0,1,1,1.41,-0.82
2015-09-18,7.573194746104596e-05,0.0038357221534067033,0.0071962668705950125,2,1.0986122886681098,1.0,1.6432802425768152,74,814.0,2,1,0.72,0.38
2016-02-25,0.0005376037161957324,-0.06621290516763756,-0.02478332121424045,-4,-1.0986122886681098,0.2546440075000701,-0.9708479064549524,142,440.3333333333333,6,0,-2.45,-6.41
2016-03-22,0.0002918649204381844,-0.006460468852592381,0.010761782000085197,1,0.28768207245178085,0.020204102886728803,0.6265712691587104,161,2304.8,5,1,1.08,-0.64
2016-12-19,0.00025419804933690156,-0.0015702464026357609,-0.004957625602214426,-3,-1.3862943611198906,1.0,-0.6931471805599453,90,1535.3333333333333,3,0,-0.49,-0.16
2017-02-10,6.94285230942395e-05,0.004238330576377639,-0.007304887468702755,-1,-0.6931471805599453,1.0,-1.791759469228055,70,1236.0,1,0,-0.73,0.42
2016-03-28,0.00040994823643633615,-0.007279496544023036,0.01860293052016902,-6,-1.3862943611198906,0.3385621722338523,-0.5434433959186308,472,1799.375,8,1,1.88,-0.73
2016-04-05,0.00012143556928007717,0.014363721367871656,0.0017529202833458815,1,0.4054651081081644,0.057190958417936644,-0.12923888668168376,18,2612.3333333333335,3,1,0.18,1.45
2017-02-24,2.226440931953685e-05,0.0006303028275595839,0.002540315039610462,0,0.0,0.0,-0.06681312500424001,92,1389.5,2,1,0.25,0.06
2017-03-11,0,0,0,-1,-0.40546510810816444,0.057190958417936644,-0.8826829668196158,40,1638.6666666666667,3,2,0,0
2017-03-14,7.951764281173935e-05,0.0007133648113400188,-0.005532704215221823,-1,-0.6931471805599453,1.0,-0.6931471805599453,6,1439.0,1,0,-0.55,0.07
2017-03-06,2.515282362475046e-05,0.004823185392997974,0.0067645261440122785,-1,-0.6931471805599453,1.0,-1.7047480922384253,3,1784.0,1,1,0.68,0.48
2017-02-18,0,0,0,0,0.0,0.0,-0.41981745382721897,71,1125.0,2,2,0,0
2017-02-20,0.00043093786124767154,0.011760385401839196,0.030149084093341823,0,0.0,0.0,-0.1728933914822526,113,1501.0,4,1,3.06,1.18
2017-02-27,0.00010196781003363582,-0.007642633955269253,-0.015059604995318806,-1,-0.6931471805599453,1.0,-0.6931471805599453,146,1280.0,1,0,-1.49,-0.76
2017-02-17,0.00014103334288220266,-0.008563884607605604,0.007070808819592776,-1,-0.6931471805599453,1.0,-0.6931471805599453,131,1762.0,1,1,0.71,-0.85
2017-02-16,2.8961396503871697e-05,0.005162515481959175,-0.0012632426818408578,1,0.4054651081081644,0.057190958417936644,0.2045346949389245,58,578.3333333333334,3,0,-0.13,0.52
2017-01-06,0.0005419930791247411,-0.003509647210730325,0.011527009353413156,2,1.0986122886681098,1.0,1.6798474082094428,60,334.5,2,1,1.16,-0.35
2016-07-04,0.0003771862764033969,0.01895656892227129,0.026653533599645136,-1,-0.6931471805599453,1.0,-0.6931471805599453,35,1453.0,1,1,2.70,1.91
2016-08-04,6.495134204602719e-05,0.001332016053638461,-0.0016962425778976767,1,0.4054651081081644,0.057190958417936644,-0.10828562154935664,26,1472.3333333333333,3,0,-0.17,0.13
2016-08-27,0,0,0,0,0.0,0.0,-0.06858149445517142,43,763.0,2,2,0,0
2017-01-07,0,0,0,-2,-1.0986122886681098,1.0,-0.6931471805599453,67,2131.5,2,2,0,0
2016-11-12,0,0,0,1,0.6931471805599453,1.0,0.6931471805599453,17,2676.0,1,2,0,0
2016-12-31,0,0,0,-1,-0.6931471805599453,1.0,-1.7047480922384253,6,3306.0,1,2,0,0
2017-01-29,0,0,0,0,0.0,0.0,0.126807703762256,17,193.0,2,2,0,0
2017-01-31,0,0,0,-1,-0.6931471805599453,1.0,-1.7047480922384253,118,230.0,1,2,0,0
2016-08-08,0.00010598986588603216,0.009222634246902998,0.0070680879893173405,1,0.4054651081081644,0.057190958417936644,0.014919193877244793,38,1577.0,3,1,0.71,0.93
2016-07-23,0,0,0,-1,-0.6931471805599453,1.0,-0.6931471805599453,13,2056.0,1,2,0,0
2017-01-11,6.109806540504996e-05,-0.00791313695689723,-0.010224007267623327,2,1.0986122886681098,1.0,0.9946099449424712,141,800.0,2,0,-1.02,-0.79
2016-10-29,0,0,0,-2,-1.0986122886681098,1.0,-1.2202256275707664,35,263.0,2,2,0,0
2016-07-22,0.0002276372848488829,-0.008655287243559321,-0.02076243632460118,0,0.0,0.0,0.3765562618235582,25,1063.0,2,0,-2.05,-0.86
2017-02-05,0,0,0,-1,-0.6931471805599453,1.0,-1.791759469228055,5,220.0,1,2,0,0
2016-11-30,8.24029573702057e-05,-0.010069043198140861,-0.015178196337860323,-1,-0.6931471805599453,1.0,-1.7047480922384253,72,584.0,1,0,-1.51,-1.0
2016-08-03,5.415943671825327e-05,0.002413552015863067,0.0019901153331106434,0,0.0,0.0,0.5271837704568698,27,1373.0,2,1,0.20,0.24
2016-07-16,0,0,0,-1,-0.40546510810816444,0.057190958417936644,-0.3017814472793518,108,1094.3333333333333,3,2,0,0
2016-08-16,0.0007612403243962402,-0.004862693295686431,-0.02947849929864928,3,1.3862943611198906,1.0,1.2450922632612018,51,518.6666666666666,3,0,-2.90,-0.49
2016-09-01,5.2736841065067524e-05,-0.00721444711242076,-0.004782688063139633,-2,-1.0986122886681098,1.0,-0.6931471805599453,16,1115.5,2,0,-0.48,-0.72
2016-12-10,0,0,0,1,0.6931471805599453,1.0,0.6931471805599453,35,2479.0,1,2,0,0
2016-12-21,0.00011114227196390711,0.01107328098624781,0.006655090655593725,-1,-0.6931471805599453,1.0,-0.6931471805599453,50,3042.0,1,1,0.67,1.11
2016-12-24,0,0,0,1,0.6931471805599453,1.0,0.6931471805599453,11,944.0,1,2,0,0
2016-12-28,7.416876037483293e-05,-0.003995565803954028,-0.007509113883496854,-1,-0.6931471805599453,1.0,-0.6931471805599453,21,2359.0,1,0,-0.75,-0.4
2017-01-02,0,0,0,1,0.6931471805599453,1.0,0.6931471805599453,47,1977.0,1,2,0,0
2017-01-14,0,0,0,1,0.6931471805599453,1.0,0.6931471805599453,17,1587.0,1,2,0,0
2015-11-12,9.660955894068239e-05,-0.004764431000355377,-0.0006361323369733467,-2,-1.0986122886681098,1.0,-1.7001954096784673,55,413.5,2,0,-0.06,-0.48
2016-07-08,0.0003257075343988281,-0.009578853378868879,-0.02233588914801988,1,0.15415067982725836,0.004140804536061582,0.09518969383091916,231,957.0909090909091,11,0,-2.21,-0.95
2016-04-06,0.0007929964708722577,-0.0008126272225107979,0.04651446154499982,1,0.4054651081081644,0.057190958417936644,0.9143736337895036,57,216.33333333333334,3,1,4.76,-0.08
2016-05-03,0.0007550491568958272,0.018317951529769883,0.03443219642148422,-1,-0.2231435513142097,0.010256681389212985,-0.4273733335430225,127,918.1428571428571,7,1,3.50,1.85
2016-07-05,0.00026265347198592913,0.0059349731090159496,0.022474368081076692,-6,-1.9459101490553135,1.0,-1.0233626571591037,381,1188.6666666666667,6,1,2.27,0.6
2016-10-11,0.00013867622958452984,0.005597563602260319,0.019481560107523933,0,0.0,0.0,0.6153383225014776,43,901.0,2,1,1.97,0.56
2015-10-30,0.00010670049139726427,-0.0014062289979735413,0.004029429619085399,-2,-1.0986122886681098,1.0,-1.4954846071996295,33,419.0,2,1,0.40,-0.14
2015-11-07,0,0,0,-3,-1.3862943611198906,1.0,-1.6685420013185137,42,709.3333333333334,3,2,0,0
2015-12-25,5.542081339112895e-05,0.004259439620331653,-0.0012464389078120923,-2,-1.0986122886681098,1.0,-1.203500330918907,43,1939.0,2,0,-0.12,0.43
2016-01-09,0,0,0,-1,-0.6931471805599453,1.0,-0.6931471805599453,20,528.0,1,2,0,0
2016-02-19,3.7090333504293205e-05,-0.0010029863270948074,0.006916681890153066,-1,-0.6931471805599453,1.0,-0.6931471805599453,17,530.0,1,1,0.69,-0.1
2016-03-02,0.0003411818885050416,0.04174459955578471,0.02620789795586522,-1,-0.6931471805599453,1.0,-0.6931471805599453,11,520.0,1,1,2.66,4.26
2016-03-03,0.000746897703834285,0.0035309979518388874,0.01588423548041573,-1,-0.6931471805599453,1.0,-0.6931471805599453,31,520.0,1,1,1.60,0.35
2016-05-06,0.000304208967458628,-0.02862273287239081,-0.021765991927418224,-2,-1.0986122886681098,1.0,-1.2575837477995122,42,342.0,2,0,-2.15,-2.82
2016-06-01,3.228278930651487e-05,-0.0010668716803868966,-0.0025744912565287274,-3,-1.3862943611198906,1.0,-1.4066089281044898,69,291.3333333333333,3,0,-0.26,-0.11
2016-06-16,7.663461915749479e-05,-0.004996512149187915,-0.008973557518127935,-6,-1.9459101490553135,1.0,-1.5848868641346672,113,255.16666666666666,6,0,-0.89,-0.5
2016-06-23,0.00012141805997049387,-0.004688228184774579,-0.00720879707727213,-1,-0.2876820724517809,0.020204102886728803,0.5622391351828482,107,523.6,5,0,-0.72,-0.47
2016-06-25,0,0,0,-1,-0.6931471805599453,1.0,-0.6931471805599453,19,516.0,1,2,0,0
2016-07-15,3.1751401690552824e-05,9.16782356512281e-05,0.0013551632208971666,-5,-1.252762968495368,0.3001457877762348,-1.0494536321887875,136,216.28571428571428,7,1,0.14,0.01
2016-07-30,0,0,0,-1,-0.6931471805599453,1.0,-0.6931471805599453,4,534.0,1,2,0,0
2016-08-05,4.277485180312688e-05,-0.0019231001055337843,-0.0012086962254245757,0,0.0,0.0,1.2501739702854626,9,1171.5,2,0,-0.12,-0.19
2016-08-10,3.6547166498050835e-05,-0.0022930211902408154,-0.006163054007939104,0,0.0,0.0,1.3087982863678516,42,622.5,2,0,-0.61,-0.23
2016-08-12,4.1587170194620726e-05,0.015869336930961,0.0006311736883885617,-2,-1.0986122886681098,1.0,-1.1427095344565492,14,338.0,2,1,0.06,1.6
2016-08-13,0,0,0,-1,-0.6931471805599453,1.0,-0.6931471805599453,5,532.0,1,2,0,0
2016-08-18,7.798796683253047e-05,-0.0017541972449664066,-0.0056297843091618225,-3,-1.3862943611198906,1.0,-1.4110940910969256,39,278.3333333333333,3,0,-0.56,-0.17
2016-08-20,0,0,0,-1,-0.6931471805599453,1.0,-0.6931471805599453,16,532.0,1,2,0,0
2016-08-23,4.0063452452639956e-05,0.00158716824259488,-0.00143275830436081,1,0.28768207245178085,0.020204102886728803,0.2512165577090842,53,800.8,5,0,-0.14,0.16
2016-09-02,7.983981346237665e-05,0.0013179659562922458,-0.00953643576091957,-1,-0.6931471805599453,1.0,-0.6931471805599453,4,530.0,1,0,-0.95,0.13
2016-09-06,1.5226337034149954e-05,0.006039471139606795,0.004656887013746424,-1,-0.6931471805599453,1.0,-0.6931471805599453,6,532.0,1,1,0.47,0.61
2016-09-08,1.6885581897692156e-05,0.001299314325925253,-0.0025472728577084643,-2,-1.0986122886681098,1.0,-1.4686122929881151,9,1257.5,2,0,-0.25,0.13
2016-11-23,5.640929829171341e-05,-0.002222055343835193,0.013122956971187295,-1,-0.6931471805599453,1.0,-0.6931471805599453,5,532.0,1,1,1.32,-0.22
2016-08-25,0.00011097605569233462,-0.005703428246281499,-0.007463579994819422,1,0.6931471805599453,1.0,1.7047480922384253,142,420.0,1,0,-0.74,-0.57
2016-12-02,6.17084874183284e-05,-0.009043892151388164,0.0023335781214677727,0,0.0,0.0,-1.3734487543951963,2,157.0,2,1,0.23,-0.9
2016-11-29,0.00041644403179584295,0.001804900549736851,0.013862777563199598,1,0.6931471805599453,1.0,1.791759469228055,54,441.0,1,1,1.40,0.18
2016-12-25,0,0,0,-1,-0.6931471805599453,1.0,-1.7047480922384253,9,1658.0,1,2,0,0
2016-06-10,0,0,0,1,0.6931471805599453,1.0,1.252762968495368,21,234.0,1,2,0,0
2016-06-08,9.021839804555479e-05,-0.003029064943946113,-0.012931917309766802,-3,-0.916290731874155,0.19999999999999996,-0.9018017106368477,114,146.2,5,0,-1.28,-0.3
2016-12-17,0,0,0,-1,-0.6931471805599453,1.0,-1.6094379124341003,24,215.0,1,2,0,0
2016-03-06,0,0,0,0,0.0,0.0,0.21500198709171583,57,1122.5,2,2,0,0
2016-12-12,0.0006659216386037983,-0.025028515056055377,-0.03280363943509858,-1,-0.6931471805599453,1.0,-1.6094379124341003,31,140.0,1,0,-3.23,-2.47
2016-08-22,4.879568085974169e-05,-0.007521539889890817,0.002737049607040557,1,0.6931471805599453,1.0,1.7047480922384253,35,134.0,1,1,0.27,-0.75
2015-12-14,0.00027765088244413935,0.024756664950286115,0.01264381958859622,-2,-1.0986122886681098,1.0,-1.7914948839639107,59,985.5,2,1,1.27,2.51
2016-12-07,6.95446624513877e-05,0.007035341052614538,0.0031504759415127083,-1,-0.6931471805599453,1.0,-1.252762968495368,32,761.0,1,1,0.32,0.71
2016-01-16,0,0,0,2,0.6931471805599453,0.1339745962155614,0.8480772323476744,187,1216.0,4,2,0,0
2016-05-17,3.777835688138483e-05,-0.0025217151182816773,-0.006378843939253623,0,0.0,0.0,0.04005824957936151,91,512.5,4,0,-0.64,-0.25
2016-06-18,0,0,0,-1,-0.6931471805599453,1.0,-1.5040773967762742,22,195.0,1,2,0,0
2016-06-06,0.0002965825755929207,-0.0015597386343478908,-0.0280048304581973,-1,-0.40546510810816444,0.057190958417936644,-0.3858929286947151,67,189.66666666666666,3,0,-2.76,-0.16
2016-01-13,0.0004827064330607469,-0.024533835176125132,0.015079590785005374,-1,-0.2876820724517809,0.020204102886728803,-0.13088328043385616,111,758.4,5,1,1.52,-2.42
2016-06-22,0.00020554358463500567,0.009332532020823243,0.01676816110356999,-1,-0.40546510810816444,0.057190958417936644,-0.7996405331945565,68,148.66666666666666,3,1,1.69,0.94
2016-02-18,5.5055307961619375e-05,-0.0015531665900221773,-0.0029207218604584474,2,1.0986122886681098,1.0,1.7373353060545866,31,175.5,2,0,-0.29,-0.16
2016-11-17,2.263905432515889e-05,0.0010571435347284802,-0.006760787699347477,1,0.6931471805599453,1.0,1.3862943611198906,4,2140.0,1,0,-0.67,0.11
2016-04-25,0.00013766208270178226,-0.004256759409030886,-0.011709354797862889,-1,-0.6931471805599453,1.0,-0.6931471805599453,38,1297.0,1,0,-1.16,-0.42
2016-06-27,0.0013424883917294186,0.014403752331845572,0.04956041346051949,-1,-0.2876820724517809,0.020204102886728803,-0.7875140276347916,193,302.6,5,1,5.08,1.45
2016-10-23,0,0,0,1,0.6931471805599453,1.0,1.3862943611198906,4,1666.0,1,2,0,0
2016-05-01,0,0,0,-1,-0.40546510810816444,0.057190958417936644,-0.2844360154208578,207,2209.6666666666665,3,2,0,0
2016-04-26,9.050586737607633e-05,0.006100127689632158,-0.002702815028405923,-2,-0.6931471805599453,0.1339745962155614,-0.4221767269764036,88,1104.5,4,0,-0.27,0.61
2016-05-31,0.0006912004386179593,0.03282010948049198,0.032042695229120434,-3,-0.6931471805599453,0.09649209709474871,-0.14784454274028128,209,711.7142857142857,7,1,3.26,3.34
2016-02-28,0,0,0,-1,-0.6931471805599453,1.0,-0.6931471805599453,21,2068.0,1,2,0,0
2016-11-13,0,0,0,-1,-0.6931471805599453,1.0,-1.5040773967762742,5,878.0,1,2,0,0
2016-06-20,0.00016151102769235826,0.0012816251373267357,-0.007756591372187066,1,0.6931471805599453,1.0,1.3862943611198906,16,200.0,1,0,-0.77,0.13
2016-06-02,0.00016408035999268626,0.004014570178055977,0.01486302829873124,-3,-1.3862943611198906,1.0,-1.7057012190105407,88,415.3333333333333,3,1,1.50,0.4
2016-04-13,0.0002882185413078943,0.014117788818834036,-0.011002656360669718,-1,-0.6931471805599453,1.0,-1.7047480922384253,23,139.0,1,0,-1.09,1.42
2016-06-30,0.000279034285121398,-0.0006756295896124834,0.012894507223404184,-1,-0.6931471805599453,1.0,-1.7047480922384253,48,132.0,1,1,1.30,-0.07
2016-05-22,0,0,0,1,0.6931471805599453,1.0,1.6094379124341003,17,189.0,1,2,0,0
2016-06-21,0.00011599602472204961,-0.0035544835139209112,-0.008364901844648005,-2,-0.6931471805599453,0.1339745962155614,-0.934296739298413,65,500.0,4,0,-0.83,-0.35
2016-04-29,0.00014670259364000235,-0.00247114714520185,0.019130878447673586,0,0.0,0.0,0.1813578120287321,24,345.5,2,1,1.93,-0.25
2016-06-17,0.0003687753586557101,0.00426890172819676,0.015354831988768214,-2,-0.6931471805599453,0.1339745962155614,-0.4762031694890705,102,257.25,4,1,1.55,0.43
2016-05-10,0.00013629932681102696,0.00016947058137194558,0.0050109470531156455,-2,-1.0986122886681098,1.0,-1.4740428259440888,41,366.5,2,1,0.50,0.02
2016-06-04,0,0,0,1,0.6931471805599453,1.0,1.791759469228055,26,148.0,1,2,0,0
2016-05-16,0.0001172864831647689,0.008365714687530348,0.002666190719653306,1,0.6931471805599453,1.0,1.7047480922384253,20,194.0,1,1,0.27,0.84
2016-01-08,0.0005548115838144713,0.019460608029944235,0.011797806801280588,-1,-0.40546510810816444,0.057190958417936644,-0.06253820564330557,78,376.0,3,1,1.19,1.97
2016-06-13,0.0005305505646027011,-0.032671740361327285,-0.026676130160345583,-1,-0.6931471805599453,1.0,-1.791759469228055,15,224.0,1,0,-2.63,-3.21
2016-05-15,0,0,0,1,0.6931471805599453,1.0,1.7047480922384253,18,140.0,1,2,0,0
2016-08-21,0,0,0,-1,-0.6931471805599453,1.0,-1.7047480922384253,11,130.0,1,2,0,0
2016-03-01,0.0007625146503309162,0.016672125562037902,0.0162004789324677,-1,-0.40546510810816444,0.057190958417936644,-0.4683401925936124,75,470.6666666666667,3,1,1.63,1.68
2016-10-16,0,0,0,1,0.6931471805599453,1.0,1.7047480922384253,24,23.0,1,2,0,0
2016-10-10,0.00011380943667935494,0.014353839135283647,0.016809356126191943,-1,-0.6931471805599453,1.0,-1.6094379124341003,35,141.0,1,1,1.70,1.45
2016-10-08,0,0,0,-1,-0.6931471805599453,1.0,-1.5040773967762742,35,1156.0,1,2,0,0
2016-08-07,0,0,0,-1,-0.6931471805599453,1.0,-1.791759469228055,13,236.0,1,2,0,0
2016-09-27,4.435388877078609e-05,0.005934517132654013,0.008415293669507615,-1,-0.6931471805599453,1.0,-1.7047480922384253,11,5661.0,1,1,0.85,0.6
2016-09-18,0,0,0,-1,-0.6931471805599453,1.0,-1.791759469228055,7,2012.0,1,2,0,0
2016-09-03,0,0,0,-1,-0.6931471805599453,1.0,-1.7047480922384253,31,130.0,1,2,0,0
2016-02-01,7.534144526330936e-05,-0.01796803124387545,0.003184557600014578,-1,-0.2876820724517809,0.020204102886728803,-0.4028372377974869,108,4516.2,5,1,0.32,-1.78
2016-07-12,0.00047168977446007166,0.018020771241528805,0.029977083285066212,-1,-0.6931471805599453,1.0,-1.7047480922384253,10,615.0,1,1,3.04,1.82
2016-05-29,0,0,0,-1,-0.6931471805599453,1.0,-1.791759469228055,19,149.0,1,2,0,0
2016-07-02,0,0,0,-1,-0.6931471805599453,1.0,-1.5040773967762742,12,200.0,1,2,0,0
2016-03-29,0.0002529594144046036,-0.012927115102770736,-0.005907308866137616,-2,-0.6931471805599453,0.1339745962155614,-0.29599314438528646,151,1767.5,4,0,-0.59,-1.28
2016-03-14,0.0008874654319703598,0.01735198682771695,-0.015377440567259487,-1,-0.6931471805599453,1.0,-1.6094379124341003,50,137.0,1,0,-1.53,1.75
2016-05-30,0.00023762385595253719,0.0004961460188601172,0.014511531370390065,-1,-0.6931471805599453,1.0,-1.791759469228055,26,146.0,1,1,1.46,0.05
2016-01-11,0.00017104815787284938,-0.05473137251187482,-0.023586348901094328,-5,-1.791759469228055,1.0,-1.8378953615123432,2315,1164.4,5,0,-2.33,-5.33
2016-02-26,0.0004970514597003965,0.009425571645534071,0.020641385153343777,0,0.0,0.0,-1.5048861604380666,21,959.5,2,1,2.09,0.95
2016-03-21,0.00019777078086776208,0.021309990437512354,0.026116161781444172,1,0.6931471805599453,1.0,0.6931471805599453,33,2262.0,1,1,2.65,2.15
2016-01-30,0,0,0,1,0.6931471805599453,1.0,0.6931471805599453,17,2336.0,1,2,0,0
2016-01-28,0.00015743410188699707,-0.029642956742384843,-0.0165926594660167,-1,-0.6931471805599453,1.0,-1.7047480922384253,68,557.0,1,0,-1.65,-2.92
2016-05-02,0,0,0,1,0.6931471805599453,1.0,1.6094379124341003,215,241.0,1,2,0,0
2016-04-23,0,0,0,-1,-0.6931471805599453,1.0,-0.6931471805599453,10,3758.0,1,2,0,0
2016-01-06,0.0001533132499149985,0.022297169343394232,-0.003011766982459947,-1,-0.6931471805599453,1.0,-1.6094379124341003,39,775.0,1,0,-0.30,2.25
2016-03-26,0,0,0,0,0.0,0.0,0.001055202408476589,25,2687.5,2,2,0,0
2016-03-19,0,0,0,-2,-1.0986122886681098,1.0,-1.2438297113042882,55,1237.0,2,2,0,0
2016-03-07,0.0005209441087582667,0.00803609632815172,-0.021761156745133663,2,1.0986122886681098,1.0,1.1156252432786067,100,476.0,2,0,-2.15,0.81
2016-03-08,0.0002702887246339152,0.001396857814912524,-0.019142855265833588,0,0.0,0.0,-0.14532300471003015,76,124.0,2,0,-1.90,0.14
2016-03-13,0,0,0,1,0.6931471805599453,1.0,1.791759469228055,34,133.0,1,2,0,0
2016-01-20,0.0007146893315816581,-0.010377021246183608,-0.03839913293453602,1,0.6931471805599453,1.0,0.6931471805599453,14,3201.0,1,0,-3.77,-1.03
2016-01-31,0,0,0,-1,-0.6931471805599453,1.0,-1.5040773967762742,35,297.0,1,2,0,0
2016-02-15,0.00010289765602241357,-0.006276235779517181,-0.017117267643710604,-1,-0.6931471805599453,1.0,-1.791759469228055,13,133.0,1,0,-1.70,-0.63
2016-04-01,0.00020844297485485264,0.0018658180004811772,-0.010350588622896324,-1,-0.6931471805599453,1.0,-0.6931471805599453,15,2020.0,1,0,-1.03,0.19
2016-03-09,0.00029414672200288815,-0.013473603145369072,-0.007752146563530703,2,1.0986122886681098,1.0,1.1262752417496313,91,488.0,2,0,-0.77,-1.34
2016-02-20,0,0,0,-1,-0.6931471805599453,1.0,-1.791759469228055,12,195.0,1,2,0,0
2016-01-19,0.0009129130340475422,0.031717167259866966,0.0527864377311155,1,0.4054651081081644,0.057190958417936644,0.7438419383043873,36,955.6666666666666,3,1,5.42,3.22
2015-10-11,0,0,0,-1,-0.6931471805599453,1.0,-0.6931471805599453,9,2597.0,1,2,0,0
2016-02-24,0.0003863053446601505,0.008768571827581497,0.024783321214240393,0,0.0,0.0,0.16126030028389218,20,1734.0,2,1,2.51,0.88
2015-12-29,2.789103608624471e-05,0.008442435653300032,0.003234995417202927,-2,-1.0986122886681098,1.0,-1.8522552015348432,29,682.0,2,1,0.32,0.85
2016-04-24,0,0,0,1,0.6931471805599453,1.0,1.791759469228055,9,229.0,1,2,0,0
2016-02-02,0.00015189325747414192,0.022330942904132012,0.01606579006246724,-1,-0.6931471805599453,1.0,-0.6931471805599453,10,2735.0,1,1,1.62,2.26
2016-04-03,0,0,0,-1,-0.6931471805599453,1.0,-0.6931471805599453,264,3117.0,1,2,0,0
2015-09-30,1.6997694055540213e-05,0.004807164826583373,0.0007359125647513207,1,0.6931471805599453,1.0,1.5040773967762742,67,324.0,1,1,0.07,0.48
2016-04-19,8.521562583272287e-05,0.0030149056488087914,-0.0020539792785794985,-1,-0.6931471805599453,1.0,-0.6931471805599453,12,1889.0,1,0,-0.21,0.3
2016-04-18,7.406215670740352e-05,-0.014549209647528481,-0.0049940748112703775,1,0.6931471805599453,1.0,0.6931471805599453,9,564.0,1,0,-0.50,-1.44
2016-04-10,0,0,0,-1,-0.6931471805599453,1.0,-0.6931471805599453,26,2540.0,1,2,0,0
2016-04-09,0,0,0,0,0.0,0.0,-0.19106180059838163,26,1500.5,2,2,0,0
2016-03-10,0.00021991185048376256,-0.020409051702179853,0.002722284886468054,1,0.6931471805599453,1.0,1.791759469228055,33,149.0,1,1,0.27,-2.02
2016-03-30,0.00014202999190515505,0.02730020384181722,0.002214305311220874,-2,-1.0986122886681098,1.0,-1.0367051184922222,106,1757.5,2,1,0.22,2.77
2016-03-27,0,0,0,-1,-0.6931471805599453,1.0,-0.6931471805599453,17,963.0,1,2,0,0
2016-04-07,0.00013096725144141774,-0.013919990534526,-0.012125627719924327,0,0.0,0.0,-0.0020981246565803273,50,1951.5,2,0,-1.21,-1.38
2016-03-31,6.391810659831747e-05,0.001092503139694105,-0.004110422873760141,-1,-0.6931471805599453,1.0,-1.6094379124341003,32,829.0,1,0,-0.41,0.11
2016-01-18,0.00024433140886816494,0.004426635097530674,0.00215847284063777,1,0.6931471805599453,1.0,0.6931471805599453,8,886.0,1,1,0.22,0.44
2016-01-27,0.00024710146717918683,-0.005188377012127533,0.0046122305655196694,1,0.6931471805599453,1.0,0.6931471805599453,10,2488.0,1,1,0.46,-0.52
2016-01-21,0.0001939740228094575,-0.032854998008200534,-0.010234080082052956,-1,-0.6931471805599453,1.0,-0.6931471805599453,36,9442.0,1,0,-1.02,-3.23
2015-12-01,6.952753892025284e-05,0.0031615379630300948,-0.0023825663556395313,1,0.6931471805599453,1.0,0.6931471805599453,42,1739.0,1,0,-0.24,0.32
2016-02-23,0.0005134271163249892,-0.008181148141614183,0.021942290573666624,-1,-0.6931471805599453,1.0,-1.791759469228055,17,4392.0,1,1,2.22,-0.81
2016-01-05,0.0003389640609084926,-0.0025972186404859708,0.013243973735738136,0,0.0,0.0,0.6914001778127551,47,345.5,2,1,1.33,-0.26
2015-12-18,0.00012487131137498177,-0.00029054499740638356,0.004714155793209697,1,0.6931471805599453,1.0,1.6094379124341003,42,2411.0,1,1,0.47,-0.03
2015-12-27,0,0,0,-1,-0.6931471805599453,1.0,-0.6931471805599453,51,3085.0,1,2,0,0
2015-12-08,7.590443348525786e-05,-0.01908435257839353,-0.012053141581321118,-1,-0.40546510810816444,0.057190958417936644,-1.5743340671805255,65,3151.0,3,0,-1.20,-1.89
2015-12-03,0.00016605695615654962,0.013454798979052666,-0.0062474738039473635,-1,-0.6931471805599453,1.0,-1.7047480922384253,27,179.0,1,0,-0.62,1.35
2015-12-21,0.0009021410067379088,0.017589767536524692,0.045737962149123755,0,0.0,0.0,-0.2345915094280312,40,1316.0,2,1,4.68,1.77
2015-12-07,0.00011139868493239518,0.0033815198635784535,-0.003722492782079144,1,0.6931471805599453,1.0,1.6094379124341003,38,1892.0,1,0,-0.37,0.34
2015-12-10,0.0001394741359363036,-0.004890352330062194,-0.0070655138000685494,-1,-0.6931471805599453,1.0,-1.6094379124341003,38,2480.0,1,0,-0.70,-0.49
2015-12-12,0,0,0,-1,-0.6931471805599453,1.0,-0.6931471805599453,22,2946.0,1,2,0,0
2015-11-10,0.00018064164062038922,-0.0017537195552636928,0.006994455536378754,1,0.6931471805599453,1.0,1.8718021769015913,18,179.0,1,1,0.70,-0.18
2015-12-31,2.1291129249318906e-05,-0.009476931359492523,-0.0030660131557379787,1,0.6931471805599453,1.0,1.6094379124341003,35,148.0,1,0,-0.31,-0.94
2015-11-17,0.00014789328765480486,-0.0005990216159685552,0.0027093957808499197,-1,-0.6931471805599453,1.0,-0.6931471805599453,9,659.0,1,1,0.27,-0.06
2015-11-29,0,0,0,-1,-0.6931471805599453,1.0,-0.6931471805599453,124,2492.0,1,2,0,0
2015-11-24,8.663315189064204e-05,0.0016052211870945033,-0.004383594490970419,-1,-0.6931471805599453,1.0,-0.6931471805599453,7,1088.0,1,0,-0.44,0.16
2015-11-15,0,0,0,-1,-0.6931471805599453,1.0,-0.6931471805599453,29,3418.0,1,2,0,0
