日期,开盘价,最高价,最低价,收盘价,涨跌额,涨跌幅,成交量,成交金额,振幅,换手率
2015-06-10,4.07,4.88,4.07,4.88,1.49,43.95,7411,358,23.89,0.02
2015-06-11,5.37,5.37,5.37,5.37,0.49,10.04,3810,205,0.00,0.01
2015-06-12,5.91,5.91,5.91,5.91,0.54,10.06,3946,233,0.00,0.01
2015-06-15,6.50,6.50,6.50,6.50,0.59,9.98,5895,383,0.00,0.02
2015-06-16,7.15,7.15,7.15,7.15,0.65,10.00,8071,577,0.00,0.02
2015-06-17,7.87,7.87,7.87,7.87,0.72,10.07,15322,1206,0.00,0.04
2015-06-18,8.66,8.66,8.66,8.66,0.79,10.04,13324,1154,0.00,0.03
2015-06-19,9.53,9.53,9.53,9.53,0.87,10.05,76899,7328,0.00,0.20
2015-06-23,10.48,10.48,10.48,10.48,0.95,9.97,134055,14049,0.00,0.34
2015-06-24,11.53,11.53,11.53,11.53,1.05,10.02,69192,7978,0.00,0.18
2015-06-25,12.68,12.68,12.68,12.68,1.15,9.97,57694,7316,0.00,0.15
2015-06-26,13.95,13.95,13.01,13.95,1.27,10.02,16164770,2229105,7.41,41.54
2015-06-29,13.70,13.95,12.56,13.23,-0.72,-5.16,17056661,2266379,9.96,43.84
2015-06-30,12.80,13.66,11.91,13.07,-0.16,-1.21,13112172,1653076,13.23,33.70
2015-07-01,12.60,14.38,12.01,13.32,0.25,1.91,17735147,2411334,18.13,45.58
2015-07-02,12.25,13.00,11.99,11.99,-1.33,-9.99,10595405,1309228,7.58,27.23
2015-07-03,11.25,11.85,10.79,10.79,-1.20,-10.01,6660306,735415,8.84,17.12
2015-07-06,11.87,11.87,9.71,10.12,-0.67,-6.21,10674613,1148045,20.02,27.43
2015-07-07,9.31,9.55,9.11,9.11,-1.01,-9.98,3171425,292432,4.35,8.15
2015-07-08,8.20,8.20,8.20,8.20,-0.91,-9.99,471994,38704,0.00,1.21
2015-07-09,7.38,9.02,7.38,9.02,0.82,10.00,9458030,787438,20.00,24.31
2015-07-10,9.08,9.92,9.04,9.92,0.90,9.98,3611087,347618,9.76,9.28
2015-07-13,10.68,10.91,10.30,10.91,0.99,9.98,7280431,782881,6.15,18.71
2015-07-14,11.32,11.97,10.87,11.52,0.61,5.59,11301233,1298160,10.08,29.04
2015-07-15,10.98,11.23,10.37,10.37,-1.15,-9.98,6074431,647109,7.47,15.61
2015-07-16,9.90,11.33,9.48,10.86,0.49,4.73,6934760,742842,17.84,17.82
2015-07-17,10.95,11.80,10.66,11.51,0.65,5.99,7074990,798951,10.50,18.18
2015-07-20,11.45,11.66,11.00,11.36,-0.15,-1.30,7186613,815891,5.73,18.47
2015-07-21,11.02,12.50,10.90,12.18,0.82,7.22,9875267,1176491,14.08,25.38
2015-07-22,11.88,12.10,11.55,11.91,-0.27,-2.22,7213717,855413,4.52,18.54
2015-07-23,11.80,12.70,11.61,12.18,0.27,2.27,7784197,950765,9.15,20.01
2015-07-24,12.18,12.28,11.60,11.70,-0.48,-3.94,6896131,826250,5.58,17.72
2015-07-27,11.34,11.66,10.53,10.53,-1.17,-10.00,4959689,551425,9.66,12.75
2015-07-28,9.70,10.80,9.48,10.01,-0.52,-4.94,5110967,509503,12.54,13.14
2015-07-29,10.23,10.80,9.86,10.72,0.71,7.09,4076957,418265,9.39,10.48
2015-07-30,10.50,11.66,10.39,10.85,0.13,1.21,6255690,690080,11.85,16.08
2015-07-31,10.58,11.19,10.20,10.51,-0.34,-3.13,4112780,435833,9.12,10.57
2015-08-03,10.28,10.79,10.00,10.31,-0.20,-1.90,3307599,341709,7.52,8.50
2015-08-04,10.50,11.12,10.31,11.05,0.74,7.18,4913936,528618,7.86,12.63
2015-08-05,10.90,11.07,10.50,10.66,-0.39,-3.53,4789504,517548,5.16,12.31
2015-08-06,10.38,11.08,10.28,10.77,0.11,1.03,3845431,412062,7.50,9.88
2015-08-07,10.90,11.38,10.78,11.12,0.35,3.25,5442249,607284,5.57,13.99
2015-08-10,11.65,12.23,11.40,12.23,1.11,9.98,8568486,1018680,7.46,22.02
2015-08-11,12.30,12.72,12.01,12.19,-0.04,-0.33,9990538,1237849,5.81,25.68
2015-08-12,11.84,12.33,11.72,11.83,-0.36,-2.95,4736032,566004,5.00,12.17
2015-08-13,11.71,12.36,11.68,12.24,0.41,3.47,5512420,666917,5.75,14.17
2015-08-14,12.33,12.39,11.82,11.92,-0.32,-2.61,4732902,571943,4.66,12.16
2015-08-17,11.70,11.85,11.39,11.73,-0.19,-1.59,4450867,517810,3.86,11.44
2015-08-18,11.66,11.78,10.56,10.56,-1.17,-9.97,5743437,634872,10.40,14.76
2015-08-19,10.12,10.79,9.80,10.68,0.12,1.14,3896048,401108,9.38,10.01
2015-08-20,10.49,10.56,10.10,10.17,-0.51,-4.78,2255156,233148,4.31,5.80
2015-08-21,10.04,10.30,9.83,9.99,-0.18,-1.77,2655292,267116,4.62,6.82
2015-08-24,9.61,9.70,8.99,8.99,-1.00,-10.01,2897607,264502,7.11,7.45
2015-08-25,8.18,8.60,8.09,8.09,-0.90,-10.01,2677824,221218,5.67,6.88
2015-08-26,8.18,8.65,7.69,8.04,-0.05,-0.62,3881749,318446,11.87,9.98
2015-08-27,8.33,8.72,8.02,8.70,0.66,8.21,3560658,298221,8.71,9.15
2015-08-28,8.83,9.49,8.70,9.47,0.77,8.85,4198559,380244,9.08,10.79
2015-08-31,9.48,9.48,9.01,9.08,-0.39,-4.12,2944354,269866,4.96,7.57
2015-09-01,9.00,9.00,8.30,8.41,-0.67,-7.38,2776039,237723,7.71,7.13
2015-09-02,7.95,8.82,7.86,8.16,-0.25,-2.97,2591554,217576,11.42,6.66
2015-09-07,8.40,8.70,8.30,8.34,0.18,2.21,2317384,196944,4.90,5.96
2015-09-08,8.36,9.17,8.22,9.17,0.83,9.95,4119173,363485,11.39,10.59
2015-09-09,9.28,9.57,9.08,9.37,0.20,2.18,4935947,461222,5.34,12.69
2015-09-10,9.16,9.86,9.07,9.38,0.01,0.11,4638455,438469,8.43,11.92
2015-09-11,9.31,9.52,9.19,9.32,-0.06,-0.64,2383568,223052,3.52,6.13
2015-09-14,9.40,9.52,8.39,8.43,-0.89,-9.55,3327059,296390,12.12,8.55
2015-09-15,8.30,8.81,8.27,8.37,-0.06,-0.71,2628798,223298,6.41,6.76
2015-09-16,8.43,9.21,8.32,9.21,0.84,10.04,3975219,351475,10.63,10.22
2015-09-17,9.20,9.64,9.01,9.04,-0.17,-1.85,4995490,464914,6.84,12.84
2015-09-18,9.17,9.24,8.92,9.16,0.12,1.33,2766891,251682,3.54,7.11
2015-09-21,9.16,9.78,9.05,9.70,0.54,5.90,4483427,426181,7.97,11.52
2015-09-22,9.77,9.79,9.45,9.60,-0.10,-1.03,3327519,319866,3.51,8.55
2015-09-23,9.41,9.67,9.35,9.41,-0.19,-1.98,2281930,216050,3.33,5.86
2015-09-24,9.48,9.60,9.28,9.59,0.18,1.91,2253873,213176,3.40,5.79
2015-09-25,9.49,9.49,9.08,9.20,-0.39,-4.07,1991654,184707,4.28,5.12
2015-09-28,9.28,9.30,9.04,9.22,0.02,0.22,1160937,106667,2.83,2.98
2015-09-29,9.06,9.10,8.90,8.94,-0.28,-3.04,1442111,129785,2.17,3.71
2015-09-30,9.01,9.13,8.97,9.07,0.13,1.45,1156551,104678,1.79,2.97
2015-10-08,9.49,9.78,9.32,9.55,0.48,5.29,3121735,298997,5.07,8.02
2015-10-09,9.50,9.73,9.46,9.66,0.11,1.15,2487645,239092,2.83,6.39
2015-10-12,9.69,10.63,9.65,10.59,0.93,9.63,7617267,791140,10.14,19.58
2015-10-13,10.30,10.83,10.23,10.76,0.17,1.61,5496979,580128,5.67,14.13
2015-10-14,10.68,10.74,10.45,10.50,-0.26,-2.42,3532934,373943,2.70,9.08
2015-10-15,10.51,10.98,10.51,10.81,0.31,2.95,3890925,419987,4.48,10.00
2015-10-16,10.90,10.93,10.55,10.90,0.09,0.83,4612960,497168,3.52,11.86
2015-10-19,11.22,11.68,11.12,11.30,0.40,3.67,5652941,641879,5.14,14.53
2015-10-20,11.35,11.50,11.16,11.46,0.16,1.42,3469650,393150,3.01,8.92
2015-10-21,11.50,11.54,10.31,10.46,-1.00,-8.73,4627234,507878,10.73,11.89
2015-10-22,10.62,10.88,10.26,10.79,0.33,3.15,3544815,378053,5.93,9.11
2015-10-23,10.88,10.88,10.50,10.76,-0.03,-0.28,3056663,325867,3.52,7.86
2015-10-26,10.88,10.95,10.57,10.65,-0.11,-1.02,2761565,295371,3.53,7.10
2015-10-27,10.50,10.61,10.05,10.54,-0.11,-1.03,2577310,266524,5.26,6.62
2015-10-28,10.40,10.63,10.21,10.26,-0.28,-2.66,1921028,200053,3.98,4.94
2015-10-29,10.32,10.45,10.14,10.35,0.09,0.88,1687456,174048,3.02,4.34
2015-10-30,10.33,10.50,10.17,10.36,0.01,0.10,1604996,166099,3.19,4.12
2015-11-02,10.16,10.38,10.07,10.12,-0.24,-2.32,1325187,135235,2.99,3.41
2015-11-03,10.18,10.24,10.03,10.09,-0.03,-0.30,1148077,116148,2.08,2.95
2015-11-04,10.08,10.64,10.08,10.58,0.49,4.86,2851234,296736,5.55,7.33
2015-11-05,10.55,11.50,10.49,10.96,0.38,3.59,6408703,704425,9.55,16.47
2015-11-06,10.90,11.12,10.80,10.99,0.03,0.27,3921339,429290,2.92,10.08
2015-11-09,10.88,11.53,10.83,11.17,0.18,1.64,4073142,455856,6.37,10.47
2015-11-10,11.03,11.09,10.84,10.99,-0.18,-1.61,2803959,307692,2.24,7.21
2015-11-11,10.94,11.07,10.81,11.00,0.01,0.09,2040458,222721,2.37,5.24
2015-11-12,11.02,11.40,10.86,11.21,0.21,1.91,4303545,478972,4.91,11.06
2015-11-13,11.10,11.16,10.73,10.78,-0.43,-3.84,3435460,375265,3.84,8.83
2015-11-16,10.63,10.78,10.54,10.77,-0.01,-0.09,1566041,167303,2.23,4.02
2015-11-17,10.85,10.95,10.60,10.65,-0.12,-1.11,2254665,243963,3.25,5.79
2015-11-18,10.65,10.70,10.30,10.33,-0.32,-3.00,1937505,203324,3.76,4.98
2015-11-19,10.35,10.47,10.27,10.46,0.13,1.26,1297636,134516,1.94,3.34
2015-11-20,10.47,10.68,10.41,10.55,0.09,0.86,1515325,160317,2.58,3.89
2015-11-23,10.53,10.65,10.36,10.41,-0.14,-1.33,1508146,157700,2.75,3.88
2015-11-24,10.35,10.44,10.18,10.35,-0.06,-0.58,1281758,131718,2.50,3.29
2015-11-25,10.33,10.55,10.29,10.49,0.14,1.35,1475186,153961,2.51,3.79
2015-11-26,10.49,10.53,10.30,10.33,-0.16,-1.53,1199162,124574,2.19,3.08
2015-11-27,10.26,10.30,9.45,9.62,-0.71,-6.87,2320186,230403,8.23,5.96
2015-11-30,9.63,9.80,9.09,9.54,-0.08,-0.83,1538340,146035,7.38,3.95
2015-12-01,9.55,9.67,9.46,9.61,0.07,0.73,1023342,97871,2.20,2.63
2015-12-02,9.62,9.87,9.43,9.86,0.25,2.60,1618500,156948,4.58,4.16
2015-12-03,9.79,9.99,9.72,9.92,0.06,0.61,1186420,116716,2.74,3.05
2015-12-04,9.80,9.86,9.63,9.73,-0.19,-1.92,1119496,109182,2.32,2.88
2015-12-07,9.71,9.89,9.71,9.76,0.03,0.31,906964,88825,1.85,2.33
2015-12-08,9.70,9.71,9.42,9.44,-0.32,-3.28,998200,95146,2.97,2.57
2015-12-09,9.36,9.53,9.33,9.48,0.04,0.42,737013,69633,2.12,1.89
2015-12-10,9.48,9.58,9.43,9.50,0.02,0.21,680061,64586,1.58,1.75
2015-12-11,9.45,9.52,9.35,9.45,-0.05,-0.53,737427,69458,1.79,1.90
2015-12-14,9.37,9.80,9.34,9.75,0.30,3.17,1129906,108638,4.87,2.90
2015-12-15,9.74,9.84,9.70,9.74,-0.01,-0.10,701812,68471,1.44,1.80
2015-12-16,9.79,9.83,9.72,9.77,0.03,0.31,718753,70226,1.13,1.85
2015-12-17,10.05,10.11,9.90,9.93,0.16,1.64,1442634,143947,2.15,3.71
2015-12-18,9.91,10.05,9.77,9.96,0.03,0.30,1443254,142868,2.82,3.71
2015-12-21,9.89,10.07,9.85,9.98,0.02,0.20,1066687,106494,2.21,2.74
2015-12-22,10.03,10.06,9.87,9.92,-0.06,-0.60,789526,78404,1.90,2.03
2015-12-23,9.90,9.90,9.76,9.78,-0.14,-1.41,994422,97738,1.41,2.56
2015-12-24,9.77,9.80,9.52,9.63,-0.15,-1.53,753811,72621,2.86,1.94
2015-12-25,9.65,9.70,9.57,9.66,0.03,0.31,551996,53163,1.35,1.42
2015-12-28,9.67,9.78,9.45,9.46,-0.20,-2.07,992093,95489,3.42,2.55
2015-12-29,9.46,9.51,9.39,9.50,0.04,0.42,650522,61418,1.27,1.67
2015-12-30,9.52,9.52,9.40,9.49,-0.01,-0.11,517438,48968,1.26,1.33
2015-12-31,9.49,9.64,9.43,9.54,0.05,0.53,786990,75074,2.21,2.02
2016-01-04,9.53,9.60,8.71,8.76,-0.78,-8.18,766309,70866,9.33,1.97
2016-01-05,8.50,8.96,8.41,8.84,0.08,0.91,1266654,111253,6.28,3.26
2016-01-06,8.86,9.00,8.80,8.99,0.15,1.70,807311,71930,2.26,2.07
2016-01-07,8.87,8.87,8.18,8.24,-0.75,-8.34,227162,19528,7.68,0.58
2016-01-08,8.52,8.62,8.07,8.44,0.20,2.43,1094301,92088,6.67,2.81
2016-01-11,8.31,8.54,8.04,8.08,-0.36,-4.27,1040178,86075,5.92,2.67
2016-01-12,8.18,8.43,8.01,8.25,0.17,2.10,1043759,85477,5.20,2.68
2016-01-13,8.26,8.31,7.97,7.99,-0.26,-3.15,781979,63688,4.12,2.01
2016-01-14,7.82,8.14,7.81,8.13,0.14,1.75,760082,61024,4.13,1.95
2016-01-15,8.09,8.09,7.81,7.87,-0.26,-3.20,701364,55798,3.44,1.80
2016-01-18,7.74,7.95,7.70,7.85,-0.02,-0.25,686497,53859,3.18,1.76
2016-01-19,7.86,8.32,7.81,8.17,0.32,4.08,1094408,88634,6.50,2.81
2016-01-20,8.10,8.29,8.05,8.10,-0.07,-0.86,1101644,90042,2.94,2.83
2016-01-21,8.05,8.14,7.85,7.86,-0.24,-2.96,761244,60866,3.58,1.96
2016-01-22,7.97,8.00,7.77,7.90,0.04,0.51,605433,47799,2.93,1.56
2016-01-25,7.93,7.98,7.87,7.91,0.01,0.13,434537,34446,1.39,1.12
2016-01-26,7.84,7.85,7.22,7.25,-0.66,-8.34,944391,71301,7.96,2.43
2016-01-27,7.29,7.34,6.82,7.12,-0.13,-1.79,905460,64072,7.17,2.33
2016-01-28,7.08,7.18,6.81,6.88,-0.24,-3.37,611667,42846,5.20,1.57
2016-01-29,6.88,7.11,6.83,7.08,0.20,2.91,827330,58121,4.07,2.13
2016-02-01,7.06,7.07,6.82,6.90,-0.18,-2.54,539524,37527,3.53,1.39
2016-02-02,6.89,7.19,6.89,7.09,0.19,2.75,682821,48331,4.35,1.75
2016-02-03,7.01,7.05,6.92,7.04,-0.05,-0.71,557146,38892,1.83,1.43
2016-02-04,7.06,7.17,7.06,7.13,0.09,1.28,659726,46994,1.56,1.70
2016-02-05,7.14,7.15,7.06,7.07,-0.06,-0.84,490475,34816,1.26,1.26
2016-02-15,6.83,6.98,6.82,6.94,-0.13,-1.84,461681,31897,2.26,1.19
2016-02-16,6.96,7.24,6.96,7.19,0.25,3.60,1182410,84475,4.03,3.04
2016-02-17,7.18,7.33,7.14,7.28,0.09,1.25,1236420,89548,2.64,3.18
2016-02-18,7.29,7.33,7.21,7.24,-0.04,-0.55,962304,70051,1.65,2.47
2016-02-19,7.22,7.26,7.16,7.23,-0.01,-0.14,546247,39379,1.38,1.40
2016-02-22,7.29,7.42,7.25,7.39,0.16,2.21,1121817,82403,2.35,2.88
2016-02-23,7.39,7.63,7.35,7.47,0.08,1.08,1421212,106192,3.79,3.65
2016-02-24,7.40,7.49,7.30,7.45,-0.02,-0.27,856172,63341,2.54,2.20
2016-02-25,7.43,7.43,6.81,6.87,-0.58,-7.79,1179561,83992,8.32,3.03
2016-02-26,6.95,7.03,6.85,6.99,0.12,1.75,637520,44323,2.62,1.64
2016-02-29,6.97,7.00,6.60,6.80,-0.19,-2.72,768769,51845,5.72,1.98
2016-03-01,6.83,6.93,6.75,6.91,0.11,1.62,518324,35466,2.65,1.33
2016-03-02,6.91,7.24,6.90,7.20,0.29,4.20,1092390,77314,4.92,2.81
2016-03-03,7.18,7.22,7.13,7.17,-0.03,-0.42,910582,65359,1.25,2.34
2016-03-04,7.15,7.28,7.03,7.27,0.10,1.39,1404651,100790,3.49,3.61
2016-03-07,7.27,7.38,7.24,7.29,0.02,0.28,854204,62326,1.93,2.20
2016-03-08,7.27,7.27,7.00,7.25,-0.04,-0.55,719093,51221,3.70,1.85
2016-03-09,7.10,7.23,7.01,7.22,-0.03,-0.41,710945,50480,3.03,1.83
2016-03-10,7.15,7.20,7.01,7.03,-0.19,-2.63,389478,27628,2.63,1.00
2016-03-11,6.93,7.08,6.92,7.07,0.04,0.57,409711,28746,2.28,1.05
2016-03-14,7.12,7.28,7.11,7.19,0.12,1.70,776890,56086,2.40,2.00
2016-03-15,7.16,7.33,7.08,7.30,0.11,1.53,872788,62908,3.48,2.24
2016-03-16,7.25,7.32,7.22,7.30,0.00,0.00,1046934,76277,1.37,2.69
2016-03-17,7.32,7.39,7.22,7.34,0.04,0.55,970735,71012,2.33,2.49
2016-03-18,7.39,7.63,7.33,7.44,0.10,1.36,2178925,162440,4.09,5.60
2016-03-21,7.51,7.67,7.44,7.57,0.13,1.75,1939751,146550,3.09,4.99
2016-03-22,7.53,7.94,7.48,7.80,0.23,3.04,2435683,188683,6.08,6.26
2016-03-23,7.70,7.77,7.64,7.71,-0.09,-1.15,1178195,90732,1.67,3.03
2016-03-24,7.72,8.02,7.71,7.73,0.02,0.26,1906966,150223,4.02,4.90
2016-03-25,7.62,7.91,7.62,7.89,0.16,2.07,1230081,95898,3.75,3.16
2016-03-28,7.96,7.99,7.70,7.77,-0.12,-1.52,1081180,84866,3.68,2.78
2016-03-29,7.74,7.80,7.51,7.57,-0.20,-2.57,834282,63501,3.73,2.14
2016-03-30,7.63,7.79,7.63,7.78,0.21,2.77,796631,61394,2.11,2.05
2016-03-31,7.82,7.87,7.68,7.72,-0.06,-0.77,943285,73188,2.44,2.42
2016-04-01,7.74,7.78,7.57,7.71,-0.01,-0.13,730722,56094,2.72,1.88
2016-04-05,7.71,7.84,7.71,7.80,0.09,1.17,1058191,82420,1.69,2.72
2016-04-06,7.80,7.82,7.74,7.79,-0.01,-0.13,951830,74036,1.03,2.45
2016-04-07,7.82,7.87,7.66,7.68,-0.11,-1.41,917223,70876,2.70,2.36
2016-04-08,7.62,7.65,7.47,7.53,-0.15,-1.95,746596,56318,2.34,1.92
2016-04-11,7.56,7.71,7.56,7.65,0.12,1.59,585020,44787,1.99,1.50
2016-04-12,7.65,7.66,7.48,7.56,-0.09,-1.18,496048,37478,2.35,1.27
2016-04-13,7.60,7.75,7.58,7.64,0.08,1.06,1268158,97422,2.25,3.26
2016-04-14,7.69,7.71,7.62,7.68,0.04,0.52,538762,41257,1.18,1.38
2016-04-15,7.68,7.69,7.57,7.62,-0.06,-0.78,529110,40317,1.56,1.36
2016-04-18,7.58,7.58,7.43,7.47,-0.15,-1.97,607767,45492,1.97,1.56
2016-04-19,7.52,7.54,7.41,7.46,-0.01,-0.13,368856,27513,1.74,0.95
2016-04-20,7.49,7.50,7.01,7.22,-0.24,-3.22,1093737,78836,6.57,2.81
2016-04-21,7.16,7.20,7.08,7.11,-0.11,-1.52,447937,32006,1.66,1.15
2016-04-22,7.08,7.14,7.05,7.13,0.02,0.28,326693,23189,1.27,0.84
2016-04-25,7.11,7.11,7.02,7.08,-0.05,-0.70,302336,21351,1.26,0.78
2016-04-26,7.08,7.13,7.05,7.12,0.04,0.57,293291,20789,1.13,0.75
2016-04-27,7.13,7.15,7.07,7.09,-0.03,-0.42,326134,23182,1.12,0.84
2016-04-28,7.09,7.16,7.01,7.13,0.04,0.56,454804,32175,2.12,1.17
2016-04-29,7.09,7.13,7.06,7.08,-0.05,-0.70,296820,21016,0.98,0.76
2016-05-03,7.08,7.18,7.04,7.18,0.10,1.41,506683,36161,1.98,1.30
2016-05-04,7.15,7.21,7.12,7.17,-0.01,-0.14,433377,31050,1.25,1.11
2016-05-05,7.13,7.17,7.12,7.14,-0.03,-0.42,316460,22588,0.70,0.81
2016-05-06,7.15,7.16,6.94,6.96,-0.18,-2.52,734453,51679,3.08,1.89
2016-05-09,6.95,6.95,6.73,6.76,-0.20,-2.87,584804,39791,3.16,1.50
2016-05-10,6.74,6.89,6.73,6.81,0.05,0.74,378674,25723,2.37,0.97
2016-05-11,6.82,6.84,6.76,6.77,-0.04,-0.59,310475,21103,1.17,0.80
2016-05-12,6.73,6.79,6.62,6.76,-0.01,-0.15,350222,23530,2.51,0.90
2016-05-13,6.73,6.78,6.71,6.74,-0.02,-0.30,232567,15678,1.04,0.60
2016-05-16,6.73,6.82,6.71,6.79,0.05,0.74,323190,21855,1.63,0.83
2016-05-17,6.77,6.79,6.71,6.75,-0.04,-0.59,257929,17408,1.18,0.66
2016-05-18,6.71,6.73,6.58,6.64,-0.11,-1.63,506992,33678,2.22,1.30
2016-05-19,6.64,6.69,6.61,6.64,0.00,0.00,244854,16298,1.20,0.63
2016-05-20,6.61,6.66,6.58,6.65,0.01,0.15,229741,15224,1.20,0.59
2016-05-23,6.65,6.71,6.64,6.68,0.03,0.45,311596,20799,1.05,0.80
2016-05-24,6.67,7.00,6.63,6.83,0.15,2.25,959471,65672,5.54,2.47
2016-05-25,6.82,6.86,6.73,6.78,-0.05,-0.73,482884,32784,1.90,1.24
2016-05-26,6.76,6.80,6.65,6.75,-0.03,-0.44,321930,21577,2.21,0.83
2016-05-27,6.73,6.76,6.69,6.72,-0.03,-0.44,218223,14681,1.04,0.56
2016-05-30,6.70,6.80,6.65,6.75,0.03,0.45,261407,17605,2.23,0.67
2016-05-31,6.75,6.93,6.74,6.93,0.18,2.67,891696,61333,2.81,2.29
2016-06-01,6.92,6.96,6.88,6.90,-0.03,-0.43,503893,34834,1.15,1.30
2016-06-02,6.90,6.92,6.85,6.90,0.00,0.00,320128,22039,1.01,0.82
2016-06-03,6.91,7.06,6.89,7.03,0.13,1.88,723846,50403,2.46,1.86
2016-06-06,7.04,7.06,6.90,6.93,-0.10,-1.42,547521,38086,2.28,1.41
2016-06-07,6.90,6.94,6.85,6.88,-0.05,-0.72,355908,24502,1.30,0.91
2016-06-08,6.86,6.92,6.79,6.87,-0.01,-0.15,431159,29567,1.89,1.11
2016-06-13,6.80,6.81,6.65,6.66,-0.21,-3.06,455686,30763,2.33,1.07
2016-06-14,6.67,6.71,6.62,6.68,0.02,0.30,319710,21298,1.35,0.75
2016-06-15,6.60,6.79,6.59,6.75,0.07,1.05,527842,35463,2.99,1.24
2016-06-16,6.72,7.08,6.70,6.91,0.16,2.37,1498412,103741,5.63,3.53
2016-06-17,6.86,6.96,6.79,6.87,-0.04,-0.58,790802,54305,2.46,1.86
2016-06-20,6.83,6.89,6.81,6.86,-0.01,-0.15,316521,21676,1.16,0.75
2016-06-21,6.89,6.92,6.75,6.76,-0.10,-1.46,573102,39163,2.48,1.35
2016-06-22,6.76,6.82,6.75,6.81,0.05,0.74,299751,20357,1.04,0.71
2016-06-23,6.89,6.89,6.78,6.83,0.02,0.29,370837,25375,1.62,0.87
2016-06-24,6.85,6.85,6.63,6.70,-0.13,-1.90,608326,40907,3.22,1.43
2016-06-27,6.69,6.82,6.69,6.79,0.09,1.34,431786,29130,1.94,1.02
2016-06-28,6.75,6.80,6.72,6.79,0.00,0.00,453444,30672,1.18,1.07
2016-06-29,6.81,6.98,6.80,6.88,0.09,1.33,883357,60881,2.65,2.08
2016-06-30,6.88,6.88,6.80,6.83,-0.05,-0.73,460658,31442,1.16,1.09
2016-07-01,6.84,6.94,6.82,6.84,0.01,0.15,479771,32983,1.76,1.13
2016-07-04,6.81,6.92,6.80,6.91,0.07,1.02,740256,51000,1.75,1.75
2016-07-05,6.91,7.23,6.89,7.10,0.19,2.75,1715645,121574,4.92,4.05
2016-07-06,7.05,7.05,6.98,7.03,-0.07,-0.99,871812,61126,0.99,2.06
2016-07-07,7.02,7.02,6.94,6.98,-0.05,-0.71,619732,43246,1.14,1.46
2016-07-08,6.98,6.99,6.94,6.96,-0.02,-0.29,386523,26904,0.72,0.91
2016-07-11,6.97,7.01,6.95,6.96,0.00,0.00,594652,41508,0.86,1.40
2016-07-12,6.96,7.07,6.94,7.06,0.10,1.44,842521,59029,1.87,1.99
2016-07-13,7.00,7.11,6.98,7.02,0.05,0.72,945289,66553,1.87,2.23
2016-07-14,7.00,7.01,6.95,6.98,-0.04,-0.57,467130,32572,0.85,1.10
2016-07-15,7.01,7.07,7.00,7.02,0.04,0.57,598138,42045,1.00,1.41
2016-07-18,7.01,7.02,6.93,6.97,-0.05,-0.71,467750,32642,1.28,1.10
2016-07-19,6.95,7.04,6.94,7.02,0.05,0.72,696445,48685,1.43,1.64
2016-07-20,6.99,7.01,6.95,6.96,-0.06,-0.85,392947,27393,0.85,0.93
2016-07-21,6.96,7.00,6.95,6.97,0.01,0.14,349922,24387,0.72,0.83
2016-07-22,6.96,6.97,6.88,6.89,-0.08,-1.15,460209,31850,1.29,1.09
2016-07-25,6.88,6.90,6.83,6.86,-0.03,-0.44,369538,25376,1.02,0.87
2016-07-26,6.87,6.94,6.86,6.93,0.07,1.02,373613,25765,1.17,0.88
2016-07-27,6.93,6.94,6.68,6.83,-0.10,-1.44,806516,54861,3.75,1.90
2016-07-28,6.78,6.83,6.76,6.80,-0.03,-0.44,393742,26746,1.02,0.93
2016-07-29,6.80,6.81,6.74,6.76,-0.04,-0.59,295715,20018,1.03,0.70
2016-08-01,6.74,6.75,6.58,6.66,-0.10,-1.48,593783,39477,2.51,1.40
2016-08-02,6.64,6.71,6.63,6.69,0.03,0.45,236341,15802,1.20,0.56
2016-08-03,6.68,6.72,6.66,6.70,0.01,0.15,193633,12965,0.90,0.46
2016-08-04,6.70,6.73,6.66,6.71,0.01,0.15,261820,17528,1.04,0.62
2016-08-05,6.71,6.72,6.68,6.68,-0.03,-0.45,194821,13044,0.60,0.46
2016-08-08,6.67,6.73,6.64,6.72,0.04,0.60,236154,15790,1.35,0.56
2016-08-09,6.71,6.77,6.70,6.75,0.03,0.45,294989,19865,1.04,0.70
2016-08-10,6.74,6.77,6.72,6.74,-0.01,-0.15,259182,17485,0.74,0.61
2016-08-11,6.73,6.77,6.68,6.69,-0.05,-0.74,265920,17875,1.34,0.63
2016-08-12,6.69,6.77,6.67,6.76,0.07,1.05,359103,24117,1.49,0.85
2016-08-15,6.75,6.92,6.75,6.88,0.12,1.78,927231,63514,2.51,2.19
2016-08-16,6.89,6.98,6.88,6.90,0.02,0.29,699029,48444,1.45,1.65
2016-08-17,6.92,6.92,6.82,6.87,-0.03,-0.43,452580,31086,1.45,1.07
2016-08-18,6.87,6.90,6.84,6.86,-0.01,-0.15,346683,23826,0.87,0.82
2016-08-19,6.87,6.96,6.84,6.92,0.06,0.87,581072,40107,1.75,1.37
2016-08-22,6.91,6.93,6.82,6.83,-0.09,-1.30,436120,29934,1.59,1.03
2016-08-23,6.81,6.85,6.80,6.83,0.00,0.00,250646,17114,0.73,0.59
2016-08-24,6.84,6.85,6.78,6.80,-0.03,-0.44,290670,19799,1.02,0.69
2016-08-25,6.78,6.78,6.70,6.76,-0.04,-0.59,350940,23639,1.18,0.83
2016-08-26,6.76,6.79,6.74,6.75,-0.01,-0.15,225663,15269,0.74,0.53
2016-08-29,6.74,6.80,6.72,6.76,0.01,0.15,223319,15082,1.19,0.53
2016-08-30,6.78,6.79,6.73,6.75,-0.01,-0.15,295653,19957,0.89,0.70
2016-08-31,6.74,6.80,6.72,6.77,0.02,0.30,297602,20096,1.19,0.70
2016-09-01,6.76,6.77,6.71,6.71,-0.06,-0.89,279232,18799,0.89,0.66
2016-09-02,6.71,6.75,6.70,6.75,0.04,0.60,309176,20793,0.75,0.73
2016-09-05,6.75,6.77,6.73,6.74,-0.01,-0.15,213888,14436,0.59,0.50
2016-09-06,6.74,6.77,6.70,6.77,0.03,0.45,263209,17726,1.04,0.62
2016-09-07,6.76,6.82,6.75,6.77,0.00,0.00,375343,25489,1.03,0.89
2016-09-08,6.76,6.78,6.73,6.76,-0.01,-0.15,226340,15275,0.74,0.53
2016-09-09,6.74,6.77,6.72,6.72,-0.04,-0.59,289229,19506,0.74,0.68
2016-09-12,6.67,6.72,6.61,6.71,-0.01,-0.15,648388,43124,1.64,1.53
2016-09-13,6.69,6.70,6.65,6.69,-0.02,-0.30,216509,14431,0.75,0.51
2016-09-14,6.66,6.67,6.62,6.64,-0.05,-0.75,216380,14375,0.75,0.51
2016-09-19,6.70,6.94,6.70,6.77,0.13,1.96,1128382,77003,3.61,2.66
2016-09-20,6.74,6.76,6.67,6.68,-0.09,-1.33,526862,35268,1.33,1.24
2016-09-21,6.69,6.69,6.66,6.67,-0.01,-0.15,217135,14493,0.45,0.51
2016-09-22,6.70,6.72,6.66,6.67,0.00,0.00,284830,19052,0.90,0.67
2016-09-23,6.67,6.69,6.64,6.65,-0.02,-0.30,274941,18314,0.75,0.65
2016-09-26,6.65,6.67,6.60,6.61,-0.04,-0.60,358313,23741,1.05,0.84
2016-09-27,6.60,6.63,6.59,6.63,0.02,0.30,228550,15107,0.61,0.54
2016-09-28,6.63,6.64,6.60,6.61,-0.02,-0.30,139565,9229,0.60,0.33
2016-09-29,6.61,6.64,6.61,6.61,0.00,0.00,218572,14473,0.45,0.52
2016-09-30,6.63,6.67,6.62,6.64,0.03,0.45,234143,15550,0.76,0.55
2016-10-10,6.66,6.70,6.65,6.70,0.06,0.90,297302,19853,0.75,0.70
2016-10-11,6.69,6.72,6.67,6.69,-0.01,-0.15,281936,18873,0.75,0.66
2016-10-12,6.68,6.74,6.66,6.71,0.02,0.30,397015,26584,1.20,0.94
2016-10-13,6.69,6.76,6.67,6.71,0.00,0.00,446416,30010,1.34,1.05
2016-10-14,6.70,6.74,6.67,6.73,0.02,0.30,343598,23026,1.04,0.81
2016-10-17,6.71,6.79,6.68,6.68,-0.05,-0.74,377825,25436,1.63,0.89
2016-10-18,6.67,6.83,6.66,6.79,0.11,1.65,883252,59681,2.54,2.08
2016-10-19,6.77,6.83,6.76,6.79,0.00,0.00,734864,49933,1.03,1.73
2016-10-20,6.77,6.83,6.77,6.81,0.02,0.29,543297,36980,0.88,1.28
2016-10-21,6.80,6.93,6.78,6.85,0.04,0.59,1317378,90367,2.20,3.11
2016-10-24,6.85,7.06,6.85,6.99,0.14,2.04,2155360,150177,3.07,5.08
2016-10-25,6.94,6.96,6.87,6.90,-0.09,-1.29,986021,68070,1.29,2.32
2016-10-26,6.90,6.91,6.81,6.83,-0.07,-1.01,611599,41892,1.45,1.44
2016-10-27,6.85,6.87,6.80,6.86,0.03,0.44,522629,35686,1.02,1.23
2016-10-28,6.88,6.88,6.79,6.80,-0.06,-0.87,474816,32422,1.31,1.12
2016-10-31,6.78,6.80,6.74,6.76,-0.04,-0.59,357366,24144,0.88,0.84
2016-11-01,6.78,6.82,6.76,6.82,0.06,0.89,357987,24303,0.89,0.84
2016-11-02,6.79,6.84,6.76,6.77,-0.05,-0.73,373447,25382,1.17,0.88
2016-11-03,6.76,6.94,6.72,6.85,0.08,1.18,837703,57287,3.25,1.98
2016-11-04,6.83,6.86,6.77,6.79,-0.06,-0.88,454760,31010,1.31,1.07
2016-11-07,6.79,6.82,6.77,6.80,0.01,0.15,308751,20964,0.74,0.73
2016-11-08,6.82,6.86,6.79,6.83,0.03,0.44,402251,27464,1.03,0.95
2016-11-09,6.83,6.84,6.71,6.74,-0.09,-1.32,531542,35950,1.90,1.25
2016-11-10,6.78,6.89,6.77,6.85,0.11,1.63,791689,54200,1.78,1.87
2016-11-11,6.85,6.99,6.82,6.94,0.09,1.31,1447321,100213,2.48,3.41
2016-11-14,6.93,7.07,6.90,6.99,0.05,0.72,1267451,88572,2.45,2.99
2016-11-15,6.97,7.01,6.91,6.96,-0.03,-0.43,665465,46225,1.43,1.57
2016-11-16,6.96,6.96,6.87,6.92,-0.04,-0.57,816676,56436,1.29,1.93
2016-11-17,6.90,7.15,6.88,7.08,0.16,2.31,1485552,104362,3.90,3.50
2016-11-18,7.12,7.22,7.03,7.06,-0.02,-0.28,1653225,117688,2.68,3.90
2016-11-21,7.02,7.15,6.99,7.07,0.01,0.14,1251680,88507,2.27,2.95
2016-11-22,7.06,7.15,7.05,7.11,0.04,0.57,1066099,75715,1.41,2.51
2016-11-23,7.14,7.17,7.03,7.05,-0.06,-0.84,1056713,75055,1.97,2.49
2016-11-24,7.04,7.09,6.99,7.02,-0.03,-0.43,662583,46649,1.42,1.56
2016-11-25,7.01,7.11,6.93,7.09,0.07,1.00,865282,60692,2.56,2.04
2016-11-28,7.09,7.20,7.07,7.17,0.08,1.13,1395780,99842,1.83,3.29
2016-11-29,7.16,7.50,7.12,7.36,0.19,2.65,3031752,222113,5.30,7.15
2016-11-30,7.35,7.37,7.20,7.32,-0.04,-0.54,1711967,124738,2.31,4.04
2016-12-01,7.28,7.46,7.26,7.33,0.01,0.14,1847993,135899,2.73,4.36
2016-12-02,7.29,7.43,7.17,7.18,-0.15,-2.05,1578481,114798,3.55,3.72
2016-12-05,7.08,7.26,7.06,7.14,-0.04,-0.56,1130778,80809,2.79,2.67
2016-12-06,7.14,7.22,7.09,7.16,0.02,0.28,810287,57915,1.82,1.91
2016-12-07,7.15,7.20,7.09,7.18,0.02,0.28,730077,52227,1.54,1.72
2016-12-08,7.20,7.20,7.06,7.07,-0.11,-1.53,796843,56745,1.95,1.88
2016-12-09,7.05,7.13,7.03,7.09,0.02,0.28,719366,50879,1.41,1.70
2016-12-12,7.10,7.11,6.88,6.93,-0.16,-2.26,1220561,84981,3.24,2.88
2016-12-13,6.92,7.02,6.89,6.99,0.06,0.87,602460,41889,1.88,1.42
2016-12-14,6.97,7.00,6.91,6.93,-0.06,-0.86,478302,33233,1.29,1.13
2016-12-15,6.91,6.97,6.83,6.89,-0.04,-0.58,548808,37947,2.02,1.29
2016-12-16,6.87,6.94,6.86,6.88,-0.01,-0.15,471365,32475,1.16,1.11
2016-12-19,6.89,6.94,6.87,6.88,0.00,0.00,473619,32674,1.02,1.12
2016-12-20,6.88,6.91,6.83,6.89,0.01,0.15,462079,31712,1.16,1.09
2016-12-21,6.90,7.02,6.86,6.99,0.10,1.45,779313,54192,2.32,1.84
2016-12-22,6.97,7.17,6.96,7.07,0.08,1.14,1168588,82804,3.00,2.76
2016-12-23,7.05,7.08,6.97,6.99,-0.08,-1.13,681349,47810,1.56,1.61
2016-12-26,6.96,7.10,6.92,7.10,0.11,1.57,694301,48716,2.58,1.64
2016-12-27,7.07,7.14,7.03,7.04,-0.06,-0.85,585499,41468,1.55,1.38
2016-12-28,7.03,7.17,7.02,7.10,0.06,0.85,859751,61117,2.13,2.03
2016-12-29,7.07,7.10,6.98,7.03,-0.07,-0.99,552275,38868,1.69,1.30
2016-12-30,7.01,7.09,7.01,7.06,0.03,0.43,486806,34362,1.14,1.15
2017-01-03,7.06,7.13,7.04,7.11,0.05,0.71,550365,39044,1.27,1.30
2017-01-04,7.11,7.12,7.08,7.12,0.01,0.14,597841,42452,0.56,1.41
2017-01-05,7.11,7.12,7.02,7.07,-0.05,-0.70,1012589,71433,1.40,2.39
2017-01-06,7.05,7.11,7.03,7.05,-0.02,-0.28,629486,44475,1.13,1.48
2017-01-09,7.04,7.21,7.03,7.21,0.16,2.27,1440392,102911,2.55,3.40
2017-01-10,7.19,7.20,7.13,7.14,-0.07,-0.97,685517,49098,0.97,1.62
2017-01-11,7.14,7.19,7.09,7.13,-0.01,-0.14,706051,50400,1.40,1.66
2017-01-12,7.12,7.14,7.06,7.07,-0.06,-0.84,525847,37334,1.12,1.24
2017-01-13,7.07,7.11,7.02,7.08,0.01,0.14,708121,50038,1.27,1.67
2017-01-16,7.06,7.10,6.91,7.09,0.01,0.14,1281309,89726,2.68,3.02
2017-01-17,7.04,7.06,6.98,7.03,-0.06,-0.85,381467,26785,1.13,0.90
2017-01-18,7.02,7.06,7.01,7.03,0.00,0.00,263465,18536,0.71,0.62
2017-01-19,7.03,7.03,6.96,6.98,-0.05,-0.71,338545,23645,1.00,0.80
2017-01-20,6.96,7.03,6.96,7.01,0.03,0.43,246993,17295,1.00,0.58
2017-01-23,7.01,7.06,7.00,7.03,0.02,0.29,385195,27094,0.86,0.91
2017-01-24,7.02,7.05,7.00,7.04,0.01,0.14,245604,17256,0.71,0.58
2017-01-25,7.03,7.05,7.01,7.04,0.00,0.00,214647,15092,0.57,0.51
2017-01-26,7.04,7.07,7.03,7.05,0.01,0.14,265130,18684,0.57,0.63
2017-02-03,7.05,7.10,7.04,7.07,0.02,0.28,353216,24979,0.85,0.83
2017-02-06,7.07,7.11,7.06,7.10,0.03,0.42,347974,24683,0.71,0.82
2017-02-07,7.11,7.12,7.05,7.08,-0.02,-0.28,335080,23714,0.99,0.79
2017-02-08,7.07,7.09,7.02,7.08,0.00,0.00,433241,30534,0.99,1.02
2017-02-09,7.07,7.14,7.04,7.11,0.03,0.42,531548,37733,1.41,1.25
2017-02-10,7.11,7.19,7.10,7.16,0.05,0.70,986108,70537,1.27,2.33
2017-02-13,7.16,7.20,7.13,7.20,0.04,0.56,815274,58448,0.98,1.92
2017-02-14,7.20,7.21,7.14,7.16,-0.04,-0.56,489936,35094,0.97,1.16
2017-02-15,7.18,7.29,7.16,7.17,0.01,0.14,1154517,83347,1.82,2.72
2017-02-16,7.15,7.72,7.13,7.44,0.27,3.77,2754406,204982,8.23,6.49
2017-02-17,7.37,7.46,7.30,7.30,-0.14,-1.88,1627239,119760,2.15,3.84
2017-02-20,7.35,7.41,7.28,7.34,0.04,0.55,1456610,106702,1.78,3.43
2017-02-21,7.38,7.45,7.36,7.40,0.06,0.82,1174084,86808,1.23,2.77
2017-02-22,7.40,7.42,7.31,7.41,0.01,0.14,995332,73276,1.49,2.35
2017-02-23,7.38,7.39,7.30,7.34,-0.07,-0.94,684263,50200,1.21,1.61
2017-02-24,7.33,7.39,7.31,7.38,0.04,0.55,612015,45001,1.09,1.44
2017-02-27,7.35,7.40,7.26,7.27,-0.11,-1.49,706228,51708,1.90,1.67
2017-02-28,7.26,7.29,7.23,7.28,0.01,0.14,396935,28823,0.83,0.94
2017-03-01,7.27,7.32,7.25,7.26,-0.02,-0.27,481123,35054,0.96,1.13
2017-03-02,7.28,7.29,7.19,7.20,-0.06,-0.83,489057,35418,1.38,1.15
2017-03-03,7.17,7.21,7.15,7.20,0.00,0.00,513179,36796,0.83,1.21
2017-03-06,7.19,7.25,7.18,7.24,0.04,0.56,386477,27907,0.97,0.91
2017-03-07,7.24,7.24,7.19,7.21,-0.03,-0.41,313331,22580,0.69,0.74
2017-03-08,7.21,7.23,7.18,7.20,-0.01,-0.14,324676,23393,0.69,0.77
2017-03-09,7.22,7.23,7.12,7.18,-0.02,-0.28,489002,35035,1.53,1.15
2017-03-10,7.15,7.18,7.13,7.15,-0.03,-0.42,271991,19445,0.70,0.64
2017-03-13,7.15,7.18,7.10,7.17,0.02,0.28,350877,25065,1.12,0.83
2017-03-14,7.16,7.22,7.15,7.19,0.02,0.28,419031,30109,0.98,0.99
2017-03-15,7.18,7.22,7.16,7.20,0.01,0.14,315300,22672,0.83,0.74
2017-03-16,7.22,7.25,7.21,7.24,0.04,0.56,423048,30599,0.56,1.00
2017-03-17,7.24,7.28,7.17,7.19,-0.05,-0.69,657690,47610,1.52,1.55
2017-03-20,7.50,7.57,7.31,7.33,0.14,1.95,1791316,132533,3.62,4.22
2017-03-21,7.33,7.38,7.29,7.34,0.01,0.14,727713,53367,1.23,1.72
2017-03-22,7.31,7.42,7.29,7.36,0.02,0.27,817313,60167,1.77,1.93
2017-03-23,7.36,7.42,7.31,7.39,0.03,0.41,877287,64707,1.49,2.07
2017-03-24,7.40,7.45,7.32,7.42,0.03,0.41,970145,71667,1.76,2.29
2017-03-27,7.41,7.44,7.33,7.34,-0.08,-1.08,616525,45503,1.48,1.45
2017-03-28,7.33,7.35,7.28,7.28,-0.06,-0.82,497212,36307,0.95,1.17
2017-03-29,7.28,7.37,7.24,7.30,0.02,0.27,614672,44903,1.79,1.45
2017-03-30,7.28,7.32,7.22,7.27,-0.03,-0.41,642626,46684,1.37,1.52
2017-03-31,7.26,7.31,7.23,7.26,-0.01,-0.14,434069,31552,1.10,1.02
2017-04-05,7.32,7.45,7.27,7.41,0.15,2.07,987734,72841,2.48,2.33
2017-04-06,7.44,7.65,7.41,7.54,0.13,1.75,1925107,144913,3.24,4.54
2017-04-07,7.51,7.56,7.43,7.52,-0.02,-0.27,951499,71295,1.72,2.24
2017-04-10,7.55,7.60,7.48,7.56,0.04,0.53,979935,73809,1.60,2.31
2017-04-11,7.56,7.70,7.53,7.69,0.13,1.72,1577731,120337,2.25,3.72
2017-04-12,7.66,7.68,7.56,7.60,-0.09,-1.17,1030769,78345,1.56,2.43
2017-04-13,7.56,7.62,7.50,7.58,-0.02,-0.26,890950,67388,1.58,2.10
2017-04-14,7.57,7.64,7.45,7.48,-0.10,-1.32,781744,59021,2.51,1.84
2017-04-17,7.48,7.50,7.38,7.46,-0.02,-0.27,681960,50678,1.60,1.61
2017-04-18,7.45,7.55,7.41,7.50,0.04,0.54,772981,57912,1.88,1.82
2017-04-19,7.46,7.52,7.35,7.49,-0.01,-0.13,833440,62018,2.27,1.97
2017-04-20,7.47,7.57,7.43,7.57,0.08,1.07,767479,57598,1.87,1.81
2017-04-21,7.55,7.61,7.49,7.60,0.03,0.40,766256,57963,1.59,1.81
2017-04-24,7.58,7.61,7.41,7.59,-0.01,-0.13,1181545,88612,2.63,2.79
2017-04-25,7.54,7.63,7.48,7.57,-0.02,-0.26,566111,42801,1.98,1.33
2017-04-26,7.56,7.58,7.48,7.50,-0.07,-0.92,487600,36671,1.32,1.15
2017-04-27,7.48,7.83,7.44,7.76,0.26,3.47,1790397,137023,5.20,4.23
2017-04-28,7.71,7.76,7.67,7.74,-0.02,-0.26,752575,58039,1.16,1.78
2017-05-02,7.72,7.75,7.66,7.71,-0.03,-0.39,458596,35331,1.16,1.08
2017-05-03,7.68,7.83,7.56,7.59,-0.12,-1.56,1080112,83196,3.50,2.55
2017-05-04,7.56,7.66,7.48,7.59,0.00,0.00,843821,63924,2.37,2.00
2017-05-05,7.56,7.66,7.52,7.61,0.02,0.26,619995,47135,1.84,1.47
2017-05-08,7.58,7.71,7.52,7.70,0.09,1.18,966058,73752,2.50,2.28
2017-05-09,7.64,7.75,7.62,7.65,-0.05,-0.65,554034,42612,1.69,1.31
2017-05-10,7.66,7.79,7.60,7.63,-0.02,-0.26,714308,55094,2.48,1.69
2017-05-11,7.56,7.62,7.12,7.47,-0.16,-2.10,2051828,152495,6.55,4.85
2017-05-12,7.41,7.52,7.38,7.50,0.03,0.40,666701,49664,1.87,1.58
2017-05-15,7.47,7.53,7.47,7.50,0.00,0.00,344594,25848,0.80,0.81
2017-05-16,7.49,7.53,7.38,7.53,0.03,0.40,449519,33605,2.00,1.06
2017-05-17,7.53,7.53,7.47,7.52,-0.01,-0.13,345979,25960,0.80,0.82
2017-05-18,7.48,7.52,7.45,7.51,-0.01,-0.13,478655,35843,0.93,1.13
2017-05-19,7.49,7.50,7.41,7.43,-0.08,-1.07,347560,25834,1.20,0.82
2017-05-22,7.43,7.48,7.32,7.47,0.04,0.54,577304,42573,2.15,1.36
2017-05-23,7.43,7.50,7.30,7.49,0.02,0.27,776156,57583,2.68,1.84
2017-05-24,7.42,7.51,7.39,7.50,0.01,0.13,314708,23477,1.60,0.74
2017-05-25,7.50,7.62,7.49,7.59,0.09,1.20,501225,37903,1.73,1.19
2017-05-26,7.60,7.79,7.58,7.63,0.04,0.53,690555,53097,2.77,1.63
2017-05-31,7.65,7.75,7.58,7.72,0.09,1.18,603622,46343,2.23,1.43
2017-06-01,7.69,7.81,7.64,7.80,0.08,1.04,901683,69957,2.20,2.13
2017-06-02,7.79,7.84,7.74,7.78,-0.02,-0.26,554841,43243,1.28,1.31
2017-06-05,7.84,7.84,7.66,7.69,-0.09,-1.16,441004,34046,2.31,1.04
2017-06-06,7.70,7.77,7.67,7.76,0.07,0.91,308106,23833,1.30,0.73
2017-06-07,7.77,7.80,7.72,7.76,0.00,0.00,465985,36146,1.03,1.10
2017-06-08,7.75,7.78,7.70,7.76,0.00,0.00,332147,25683,1.03,0.79
2017-06-09,7.78,7.95,7.76,7.91,0.15,1.93,1082674,85381,2.45,2.56
2017-06-12,7.93,8.08,7.88,7.94,0.03,0.38,903842,72266,2.53,2.14
2017-06-13,7.91,7.99,7.87,7.95,0.01,0.13,375976,29820,1.51,0.89
2017-06-14,7.96,7.98,7.85,7.89,-0.06,-0.75,427239,33701,1.64,1.01
2017-06-15,7.88,7.94,7.81,7.82,-0.07,-0.89,445297,35012,1.65,1.05
2017-06-16,7.80,7.82,7.74,7.75,-0.07,-0.90,370096,28758,1.02,0.88
2017-06-19,7.77,7.89,7.77,7.89,0.14,1.81,390428,30668,1.55,0.92
2017-06-20,7.89,7.91,7.79,7.81,-0.08,-1.01,292142,22903,1.52,0.69
2017-06-21,7.86,7.88,7.77,7.85,0.04,0.51,299235,23412,1.41,0.71
2017-06-22,7.85,7.93,7.83,7.88,0.03,0.38,590095,46518,1.27,1.40
2017-06-23,7.86,7.90,7.70,7.89,0.01,0.13,688643,53697,2.54,1.63
2017-06-26,7.85,7.94,7.82,7.88,-0.01,-0.13,589239,46395,1.52,1.39
2017-06-27,7.88,7.88,7.83,7.85,-0.03,-0.38,266903,20959,0.63,0.63
2017-06-28,7.85,7.85,7.74,7.76,-0.09,-1.15,414725,32255,1.40,0.98
2017-06-29,7.76,7.82,7.75,7.79,0.03,0.39,193607,15068,0.90,0.46
2017-06-30,7.75,7.82,7.70,7.81,0.02,0.26,378537,29381,1.54,0.90
2017-07-03,7.77,7.83,7.73,7.80,-0.01,-0.13,269587,20993,1.28,0.64
2017-07-04,7.80,7.85,7.76,7.84,0.04,0.51,416054,32496,1.15,0.98
2017-07-05,7.84,7.90,7.81,7.86,0.02,0.26,408568,32163,1.15,0.97
2017-07-06,7.87,7.89,7.77,7.84,-0.02,-0.25,399204,31248,1.53,0.94
2017-07-07,7.80,7.89,7.78,7.88,0.04,0.51,340639,26717,1.40,0.81
2017-07-10,7.90,7.97,7.85,7.94,0.06,0.76,481213,38111,1.52,1.14
2017-07-11,7.94,7.96,7.88,7.89,-0.05,-0.63,360498,28563,1.01,0.85
2017-07-12,7.90,7.90,7.77,7.79,-0.10,-1.27,426350,33345,1.65,1.01
2017-07-13,7.79,7.87,7.76,7.86,0.07,0.90,364304,28452,1.41,0.86
2017-07-14,7.85,7.90,7.83,7.90,0.04,0.51,338150,26633,0.89,0.80
2017-07-17,7.90,7.94,7.73,7.87,-0.03,-0.38,639817,50132,2.66,1.51
2017-07-18,7.83,8.05,7.78,8.02,0.15,1.91,734818,58191,3.43,1.74
2017-07-19,8.03,8.11,7.97,8.02,0.00,0.00,1204470,96720,1.75,2.85
2017-07-20,8.00,8.09,8.00,8.07,0.05,0.62,626899,50486,1.12,1.48
2017-07-21,8.08,8.08,7.97,8.00,-0.07,-0.87,502708,40354,1.36,1.19
2017-07-24,7.98,8.03,7.95,7.96,-0.04,-0.50,460693,36767,1.00,1.09
2017-07-25,7.96,8.01,7.93,7.98,0.02,0.25,385237,30709,1.01,0.91
2017-07-26,8.00,8.01,7.90,7.99,0.01,0.13,468776,37320,1.38,1.11
2017-07-27,7.90,7.90,7.78,7.88,0.00,0.00,471977,37033,1.52,1.12
2017-07-28,7.86,7.93,7.85,7.88,0.00,0.00,280296,22125,1.02,0.66
2017-07-31,7.84,7.92,7.79,7.82,-0.06,-0.76,511222,40043,1.65,1.21
2017-08-01,7.82,7.86,7.80,7.84,0.02,0.26,376431,29469,0.77,0.89
2017-08-02,7.83,7.84,7.68,7.69,-0.15,-1.91,787405,60992,2.04,1.86
2017-08-03,7.68,7.71,7.60,7.63,-0.06,-0.78,490919,37542,1.43,1.16
2017-08-04,7.62,7.71,7.60,7.66,0.03,0.39,382553,29291,1.44,0.90
2017-08-07,7.65,7.67,7.59,7.67,0.01,0.13,235721,17994,1.04,0.56
2017-08-08,7.67,7.69,7.61,7.64,-0.03,-0.39,190573,14559,1.04,0.45
2017-08-09,7.63,7.64,7.60,7.62,-0.02,-0.26,204283,15564,0.52,0.48
2017-08-10,7.62,7.66,7.53,7.66,0.04,0.52,458029,34805,1.71,1.08
2017-08-11,7.67,7.74,7.64,7.69,0.03,0.39,505854,38873,1.31,1.20
2017-08-14,7.72,7.78,7.70,7.73,0.04,0.52,296522,22928,1.04,0.70
2017-08-15,7.73,7.74,7.66,7.67,-0.06,-0.78,209217,16091,1.03,0.49
2017-08-16,7.67,7.72,7.63,7.70,0.03,0.39,205298,15777,1.17,0.49
2017-08-17,7.71,7.87,7.70,7.80,0.10,1.30,492636,38461,2.21,1.16
2017-08-18,7.80,7.85,7.75,7.78,-0.02,-0.26,372495,29032,1.28,0.88
2017-08-21,7.81,7.84,7.75,7.78,0.00,0.00,306819,23880,1.16,0.73
2017-08-22,7.78,7.80,7.70,7.71,-0.07,-0.90,256176,19807,1.29,0.61
2017-08-23,7.72,7.77,7.71,7.71,0.00,0.00,163854,12663,0.78,0.39
2017-08-24,7.71,7.72,7.62,7.63,-0.08,-1.04,226467,17347,1.30,0.54
2017-08-25,7.75,7.81,7.68,7.77,0.14,1.83,438603,34022,1.70,1.04
2017-08-28,7.77,7.83,7.74,7.81,0.04,0.51,664045,51751,1.16,1.57
2017-08-29,7.82,7.83,7.76,7.78,-0.03,-0.38,274371,21382,0.90,0.65
2017-08-30,7.78,7.78,7.73,7.76,-0.02,-0.26,253977,19702,0.64,0.60
2017-08-31,7.75,7.79,7.68,7.72,-0.04,-0.52,354563,27397,1.42,0.84
2017-09-01,7.72,7.74,7.69,7.71,-0.01,-0.13,268017,20661,0.65,0.63
2017-09-04,7.69,7.71,7.67,7.69,-0.02,-0.26,265866,20427,0.52,0.63
2017-09-05,7.70,7.71,7.68,7.70,0.01,0.13,176258,13568,0.39,0.42
