标题,帖子数,回帖数,时间,情感
国家队也是短线高手,8703,60,2017-08-28 19:49:45,0.6502852227746034
播种东邪西毒，期待收货的季节，浇水 施肥 锄草,67297,235,2017-06-07 09:51:13,0.7658936415465777
白富美本性难改 风高物燥，小心火烛，捂紧包包 ,44826,217,2017-07-05 06:57:20,0.001301243670856822
东兴的无耻已经到了无以复加地步---这一现象即,43110,130,2017-06-27 10:22:00,0.004677745450180071
咯咯笑 狂笑 瞎子狂笑 连续4年业绩翻倍，三年利,21952,56,2017-07-09 19:34:53,0.7457699793533019
小盘2.6亿业绩1.7元发行价14.39次新股杭州银行,53427,129,2017-03-27 13:30:39,0.7004243411165897
券商2017年5月底前筑完底，上车不要犹豫。,26880,27,2017-05-22 10:08:21,0.9446001363654061
继续拿着吧，反正macd红柱也重新放大了，我感觉,10031,28,2017-07-07 15:07:03,0.5440840546001756
->华泰证券+美国金融科技企业颠覆“金融系统”,339022,1058,2016-05-24 20:42:26,0.9999687895317774
->华泰证券+美国金融科技企业颠覆“金融系统”,38093,127,2016-11-27 22:23:47,0.9999687895317774
完了完了，这次8月份看的更高了20块也在向我招,76858,284,2017-07-31 15:19:41,0.4719650346981896
一心陪股友走完东兴证券从16到32元全程,62847,51,2017-04-27 14:46:40,0.8147733114166452
券商股值得逐步全仓买入和拼命捂住的根本原因,51894,44,2017-05-11 19:01:05,0.3936754425544208
超短王者技术贴今日重大更新,散户朋友必读。,135369,442,2017-05-10 16:01:12,0.8435049433087132
华通线缆启动IPO上市 辅导机构为东兴证券,11721,7,2017-08-25 20:14:54,0.3330202339704724
证金为什么要持续增持东兴证券至成为第一大流体,25159,14,2017-08-22 01:31:31,0.4131345742187945
>-新>华泰证券价值投资的芳香，需要时间来沉淀,271359,928,2016-05-24 06:28:00,0.7931494098165897
此庄画线历害，完全控制此股，5天以内必有一根,22122,39,2017-08-10 15:12:42,0.38480223430430727
2017半年报点评：资管主动管理提升 投行项目储,16699,4,2017-08-22 19:58:17,0.9549355544092797
证金，汇金这这些国家队大幅度增持券商股，代表,19001,8,2017-08-19 07:51:15,0.2659550847224197
东兴证券之潜力本质！——吹牛篇，不看后悔！,22483,27,2017-08-07 19:41:01,0.4164501740883966
瑞格股份披露未签字盖章年报审计报告 东兴证券,16675,9,2017-08-12 13:13:58,0.1783975380102386
东兴证券上半年净利润下降25% 证金公司成为第一,29244,10,2017-08-19 01:54:46,0.7266194444630997
说什么好呢,26302,45,2016-11-20 17:11:29,0.523560877286025
东兴证券上半年净利润5.65亿元 同比下降25.75%,24562,7,2017-08-19 04:51:11,0.33283883761113253
东兴证券上半年净赚5.65亿元,19650,9,2017-08-18 21:43:08,0.3832914876682094
东兴证券：上半年净利降26% 证金公司大幅增持成,26051,10,2017-08-18 21:02:36,0.022838521950863666
中报速递：东兴证券2017年上半年盈利5.65亿元，,13168,6,2017-08-18 20:16:05,0.27175868676034864
超短王者技术贴今日更新！重大风险提示！必读！,46209,122,2017-04-13 15:34:40,0.9310326463501125
东兴吧里现状,46121,172,2017-05-22 11:45:28,0.9457892284235856
601198:东兴证券2017年7月财务数据简报,40913,6,2017-08-04 18:18:31,0.3023443219436792
东兴重大消息东兴重大消息即将上头条,17087,9,2017-04-07 12:04:13,0.12759211327052633
东兴证券股票分析（2017年5月19日） 东兴证券是,52722,72,2017-05-19 17:14:15,0.5853893319518176
进场: “双重改革”受益股,社保养老金标的股,4033,3,2017-07-29 16:11:08,0.9893200488469195
骗子的套路,36308,179,2017-03-27 11:54:26,0.07738766574290534
基金抱团炒个股是中国式庞氏骗局，隐患危害大19,28939,35,2016-07-22 09:46:37,0.8652591288524708
近期关注东兴证券(601198),120065,140,2016-10-09 19:42:51,0.7947225695802527
赤裸裸放量拉高出货！骗散户，套的就是妄想抛在,50622,83,2016-03-23 15:11:53,0.1056462694895065
人们贪婪和恐惧成就了骗子的千年伟业。,6014,33,2017-06-12 11:26:53,0.9821669988516634
东兴,990,18,2015-10-22 13:28:26,0.5
对于白富美,13364,60,2017-06-15 17:23:42,0.8446184808062339
601198:东兴证券2016年年度权益分派实施公告,42677,8,2017-06-21 18:14:55,0.5700478561712888
今是哪个傻B庄往下打,爷请野驴日你妈和你奶奶b,12585,18,2016-12-06 13:14:51,0.7366385452376158
对于白富美守护神，我给几点建议：不浏览，不回,6484,26,2017-06-15 13:40:34,0.3424645293568297
隔空喊话大憨子，无论你是因为无知而做了坏人办,7351,14,2017-06-15 15:58:49,0.5129549448948268
好好的一个股吧变得乌烟瘴气,5358,27,2017-06-13 22:06:23,0.39111319815333234
白富美请悠着点,32860,233,2017-05-11 11:15:10,0.09545748137347787
601198:东兴证券关于全资子公司境外发行美元债,28025,4,2016-09-29 17:26:33,0.49267794632368056
唱多唱空都正常，拍点小砖也正常，但白富美的装,5240,31,2017-06-11 20:43:13,0.9455460895130835
斗争太复杂，坏人胆太大。只要良心在，强大我中,7184,41,2017-05-31 20:28:50,0.47304595714314734
寻狗启事 走失一只白色的1岁法斗(法国斗牛)公犬,10669,78,2017-05-24 15:16:32,0.7612880878088957
白富美大屁鼓,15441,106,2017-05-02 10:34:01,0.6860103176080502
唱空唱多都正常 发表自己的观点，展开讨论，包,3898,23,2017-06-11 20:13:28,0.9754134554643322
白富美守护神，以后骗人的把戏你还是不要搞了，,6429,36,2017-05-30 10:54:34,0.16395705501188507
白富美守护神你还有多少号来出来为自已的贴子顶,7064,50,2017-05-25 09:50:19,0.6906390364480393
白富美守护神你骗哦接着骗在拿多点号出来为自已,6857,56,2017-05-25 09:51:57,0.23430888587413312
股吧从来苍蝇多，嗡嗡嗡，嗡嗡嗡[大笑][大笑][,14491,82,2017-03-22 16:27:17,0.9168276256563582
白富美还在顶自已的贴子，时间是试金时，还要在,7423,51,2017-05-25 14:19:32,0.6640449677176277
白富美这骗子用小号又开始淫诗了，哈哈不改品性,7033,42,2017-05-26 15:36:18,0.6811765337473495
白富美守护神，出来叫爹啊,10014,69,2017-04-24 16:12:39,0.8801416265439289
苦肉计之白富美N总号回贴言,10354,58,2017-05-15 21:46:28,0.9010215452249851
白富美守护神,10319,67,2017-04-20 14:43:32,0.8303308612048848
白富美守护神,11986,71,2017-05-10 16:42:02,0.8303308612048848
这骗子白富美守护神还超短线,7899,51,2017-05-26 08:31:03,0.6834662486436356
白富美守护神要等小回调才会出来鬼叫叫别人卖的,7038,54,2017-05-25 14:06:30,0.38717786378038366
试问谁能理论过骗子呢，看见骗子就是一顿锤，大,9432,64,2017-05-22 15:14:31,0.010686324021161542
理性分析白富美守护神为什么是骗子,9578,65,2017-05-25 12:34:07,0.96899001189308
白富说守护神打脸打的他啪啪啪的就是骗子一个,10610,69,2017-05-03 14:25:12,0.007826020811597556
白富美守护神我就跟你这骗子对着干了,13583,82,2017-05-11 13:51:40,0.1485015738218739
看到白富美守护神这骗子在那自吹自擂，还恩人，,8032,59,2017-05-23 08:10:52,0.15886373300931023
白富美守护神,你个骗人的你怕我什么？把我设置,7141,48,2017-05-26 08:10:28,0.8303308612048848
白富美守护神打这骗子的脸打的他啪啪啪的响,9797,56,2017-05-03 14:26:54,0.007242857625274657
上海老梁VS白富美守护神,8407,48,2017-05-25 10:08:36,0.9474339327847932
白富美说长期不看好房地产,7102,54,2017-05-25 09:48:30,0.49042204561114366
白富美守护神好好乖乖的不要出来骗人，不然哥就,2653,15,2017-06-13 14:26:03,0.3828426276466359
白富美守护神你除了老叫别人看你以前的贴子就没,8341,56,2017-05-23 08:34:17,0.731878263720584
大家记住一点,10587,67,2017-05-05 10:01:44,0.34345287950226133
看看白富美的贴，又回复叫大家卖了，他不会错.,4858,21,2017-05-31 14:52:10,0.26565182420737277
如果这个群没有那几个常客，估计就会涨了，天天,4534,36,2017-06-13 10:13:11,0.5997493197978291
老梁早上说今天大阳，收盘说主力跟大家捉迷藏，,11296,44,2017-05-31 18:14:13,0.6360560217824749
这吧里只要不再有骂老梁和白富美的贴了，就安静,7166,29,2017-05-25 22:13:34,0.9242372375880875
Ladies and gentlemen 路过不要错过,7995,31,2017-05-26 15:41:51,0.7944002434115212
第一创业已涨了8个多点,8884,44,2017-05-25 14:03:06,0.8367051670461688
东兴证券和第一创业获准设立分支机构,66648,15,2017-06-08 19:24:13,0.84323144170538
601198:东兴证券2016年年度股东大会文件,16290,5,2017-06-07 18:23:58,0.7461376865138937
601198:东兴证券2017年5月财务数据简报,27691,8,2017-06-06 18:23:15,0.3086160488706682
又补仓了,11959,21,2017-04-28 14:53:50,0.3485697598175398
上海老梁那个傻逼又在吹牛逼了，说有机构威胁他,12485,28,2017-05-20 07:05:14,0.032149978150489256
上海老梁  你好牛逼啊,9415,19,2017-05-26 16:09:55,0.7579597913129623
601198:东兴证券公司债券2017年跟踪评级报告,18486,7,2017-05-31 16:19:42,0.16996303157112658
601198：利空出尽，加快低吸,3690,13,2017-05-25 00:34:42,0.2426439648864498
现在不是底部，下半年东兴看到18元，6月2日,24883,37,2016-06-02 23:23:08,0.0075072455700877505
上海老梁那个傻逼终于骗不下去了，说要关闭微博,4652,7,2017-05-24 10:27:46,0.03888128455479889
超短王者之节后战术贴！短期最后一贴！散户朋友,17655,43,2017-04-04 23:14:24,0.8583146503711294
东兴证券(601198)盘中即时分析12/24,355779,410,2015-12-23 18:24:42,0.9345928562320303
完了上海老梁傻逼一说话开盘就大跌,8615,24,2017-05-21 22:12:28,0.5977560378752805
我说上海老梁是个人渣大家同意么！      看看今,17630,107,2017-05-03 19:44:31,0.17715466265255952
601198:东兴证券首次公开发行限售股上市流通公,40472,11,2017-05-23 18:54:16,0.2055446487916972
恭祝2017年东兴证券全体高管后代活不过22岁,27928,74,2017-02-15 13:30:01,0.6440016120624262
等你18.5以下满仓,29907,66,2017-03-30 08:55:08,0.24679790893314069
东兴解禁：危与机仅在咫尺之间,16977,52,2017-05-19 13:29:59,0.8255486248338846
东兴证券(601198)大宗交易数据一览(05-19),49731,10,2017-05-19 18:28:01,0.22596319962749012
上海老梁那个二逼又在画大饼呢，说3016就是大底,6913,12,2017-05-17 17:47:23,0.6656548673442044
大王来寻票，国九哥CDS，同蔚祥为同一个人,14107,50,2017-04-23 23:01:30,0.43972938173393483
↔601688华泰证券+互联网金融+绩优成长蓝筹股,442783,1222,2015-09-10 06:17:37,0.999893885661202
东兴证券：解禁是造谣，加速满仓杀进！,10034,12,2017-05-16 23:21:32,0.14772121865329935
定增增厚资本，股东优势明显,30448,7,2017-04-25 23:07:44,0.9608129482032396
老梁是劵商股的大功臣,8834,14,2017-05-08 07:37:00,0.6001670770420818
东兴证券(601198)大宗交易数据一览(05-10),43800,14,2017-05-10 18:15:40,0.22596319962749012
发一贴，让上海老梁大傻逼再升升热度，让他别再,7991,31,2017-05-08 11:48:40,0.2864812352794711
601198:东兴证券2017年4月财务数据简报,43058,10,2017-05-05 18:39:18,0.2683334655151788
有意思，提前止跌了，可能券商龙头就是他,11741,17,2017-05-05 14:01:01,0.3264098138188568
讲讲自己被老梁所骗的经过  转西部证券吧,5168,10,2017-05-07 23:41:01,0.8458846500004762
老梁那个傻逼不知道今天收盘又说什么，哈哈哈,6435,24,2017-05-05 09:56:22,0.8525723643690777
敢不敢量大点？张五个点我就卖给你100手,2704,0,2017-05-05 14:18:50,0.0051694654040905785
老梁，东兴想你了，你曾经的二妹啊，现在不问了,7823,31,2017-05-03 15:43:43,0.636534316528708
建议大家向北京的证监会举报本股票机构常年做空,16143,28,2017-02-15 10:34:23,0.49598657595144
上海老梁又在微博里面说券商板块逆势走强呢，殊,12460,34,2017-04-24 17:05:56,0.8802589209094035
上海老梁中午又发出怒吼，下午券商要带领大盘反,8907,24,2017-04-27 14:48:21,0.3081733909787754
下跌中继，不要信人间四月天，也不要信最美是五,5842,16,2017-05-02 17:23:43,0.9780496893873627
开始涨了,14195,42,2017-04-21 22:28:25,0.6944444444444444
小学生的水平又发帖了，不会看盘就不要害人,4458,20,2017-05-02 14:41:13,0.011061488052661717
601198:东兴证券:华融证券股份有限公司关于“14,25853,4,2017-05-02 16:12:01,0.8118432088329415
老狗  你又蒙错了,7350,10,2017-04-27 10:42:02,0.38926530458635533
辩证看待强控的“金融风险”，银行在委外上，在,5484,5,2017-05-01 14:13:25,0.9985089527434395
20块钱加仓的“上海老梁”，赚的不老少了吧！,44153,230,2017-04-07 08:37:31,0.028641700540246617
妈的老梁又说5月3300了，nnd之前说3月3300，最,15084,102,2017-04-21 14:09:05,0.18808991650409113
为什么还不发复牌公告？,20734,15,2015-11-16 22:24:01,0.13493758401896272
老狗最近也不出来吹牛逼了。。,4207,10,2017-04-24 21:00:04,0.09861130611331037
股东协同强化，资本实力扩充,11336,5,2017-04-25 09:44:49,0.9980306229606861
超短王者下周重要机会提示贴，本周最后一贴，赠,10447,35,2017-04-21 15:23:04,0.5889161924356249
东兴证券拟10派1.50元,33232,8,2017-04-24 10:20:27,0.26810333045922374
老梁手里还会有东兴吗？用你们的脚趾头想想吧！,8226,23,2017-04-19 12:44:58,0.821830248849573
紧急告示：立即抢购处于历史低价的金钼股份6019,42096,48,2015-12-29 12:57:52,0.980208269416619
2016年业绩快报点评：业绩优于行业平均水平，“,18505,9,2017-04-21 21:13:08,0.9948881367283117
哈哈通知17.70到17.40买买,18697,66,2017-04-10 21:23:20,0.45618090930891475
跟老梁赌这个星期会不会破3200又把我拉黑了，记,7939,31,2017-04-17 11:24:09,0.3230290763661663
老梁今天又被大脸,4164,14,2017-04-19 10:28:33,0.5177398985326342
601198:东兴证券关于公司董事辞职的公告,17650,10,2017-04-20 20:07:50,0.1396911771762901
老梁终于闭嘴了[大笑],5064,11,2017-04-20 14:30:20,0.7748071419307768
对老梁有点无语。看看他的辩解，怎么说呢，是不,11722,85,2017-04-19 14:18:03,0.014829944168898157
平稳收官,8042,44,2017-04-20 15:12:46,0.5057188572171496
劵商算是股灾4.0了吧,6012,10,2017-04-20 13:40:08,0.39677626309735514
601198:东兴证券2016年度业绩快报公告,32216,11,2017-04-19 21:29:03,0.5898679045629389
今日盘中重要提示更新！！得此诗者得天下！！,5489,24,2017-04-19 12:27:01,0.23150397122632882
一波更比一波底，你割不割,9400,15,2017-04-14 14:54:02,0.5217874011024752
关于上海老梁，谈一点自己的看法。      有人告,10562,27,2017-04-15 21:31:04,0.3957626575066415
601198:东兴证券关于全资子公司东兴资本投资管,28179,16,2017-04-13 19:09:00,0.9820536261874463
601198:东兴证券非公开发行A股股票发行情况报告,35922,6,2016-10-17 20:02:28,0.267505785869078
601198:东兴证券2017年3月财务数据简报,36902,11,2017-04-11 20:14:17,0.2516612688907648
601198:东兴证券:海通证券股份有限公司关于东兴,32699,12,2017-04-10 16:29:29,0.7340227643977405
18元，全仓东兴，目标翻倍！！,11689,15,2017-03-31 17:25:10,0.23436605309955405
白富美同学，偶下周也要进了,11892,41,2017-04-01 15:46:57,0.9048964590353403
怎么办,12566,21,2017-03-31 13:55:02,0.3406113537117904
坚定挖潜价值投资才是财富____________________,58117,100,2016-09-02 11:02:43,0.9649155048304365
东兴证券(601198)大宗交易数据一览(03-30),49028,17,2017-03-30 18:39:19,0.22596319962749012
东兴证券(601198)大宗交易数据一览(03-28),37963,9,2017-03-28 18:16:45,0.22596319962749012
今日技术贴，非常重要！针对所有投资者！,8729,24,2017-03-29 15:31:07,0.9901140167682377
今日走势完美，继续努力！,8990,21,2017-03-24 15:07:23,0.981568287577418
601198:东兴证券关于收到中国证券监督管理委员,30793,5,2017-03-27 19:16:09,0.049269461867879505
一切利空已化解，开始反弹之旅。,28984,58,2017-02-06 13:18:36,0.8552289195831129
短线技术贴最后一贴，正式告别东兴！,16179,58,2017-03-20 22:08:17,0.9341152912329281
两市最烂股票 没有之一,7479,8,2016-07-07 10:03:58,0.07273409940776976
今日技术贴，重回二级市场，针对全体散户朋友！,7918,47,2017-03-23 15:31:09,0.8791298578491148
艹尼千百遍,2120,7,2017-03-21 13:19:51,0.8798221723758337
601198:东兴证券非公开发行2017年度次级债券(第,18950,19,2017-03-20 16:48:14,0.13285192878366248
东兴证券(601198)大宗交易数据一览(03-20),33275,7,2017-03-20 18:26:24,0.22596319962749012
最后劝一遍，如果真听不进去那就算了，能救一个,14053,31,2017-03-15 12:21:34,0.23922242188003062
今日技术贴,10496,43,2017-03-10 16:50:13,0.8708677374439624
《我的话，39家机构听就行》,13446,14,2015-12-24 12:13:45,0.5131995475553504
刘士余称正在论证沪伦通 券商股受益,39526,21,2017-03-09 09:15:12,0.7077287311905442
今日技术贴，只针对短线投资者！,5486,21,2017-03-08 15:15:50,0.9950063829647382
601198:东兴证券2017年2月财务数据简报,25755,8,2017-03-06 19:22:58,0.20609428717428668
601198:东兴证券2017年1月财务数据简报,39741,9,2017-02-07 19:13:08,0.2033940119443962
东兴证券(601198)解禁股信息(02-26),150517,240,2016-02-24 23:58:56,0.16514065494326113
东兴证券底部构建夯实，即将进入上升通道，持有,6369,9,2017-03-06 13:48:14,0.09505561178899125
601198:东兴证券关于收到上海证券交易所《关于,32965,8,2017-03-03 16:47:22,0.21082839844777612
明天此票会有中到大阳，先恭喜今天还持有的朋友,15446,53,2017-02-23 19:11:39,0.1339426732981126
华鑫证券借壳华鑫股份 将成最小盘券商！！！,9050,28,2017-02-03 09:43:48,0.28586285924919186
券商股再度走强 题材多点开花,277077,392,2015-11-10 11:04:45,0.7591766790943483
601198:东兴证券关于召开2017年第一次临时股东,29124,4,2017-02-17 19:47:51,0.27778356188622566
东兴证券,9794,6,2017-02-17 18:38:32,0.4737672181921908
股指期货估计是要放开了，券商最近一直在异动抢,8070,4,2017-02-16 14:57:56,0.6830341931263528
东兴全体员工后代活不过40岁的,6863,14,2017-02-06 09:47:38,0.282426525776845
东兴证券(601198)大宗交易数据一览(02-09),45953,6,2017-02-09 18:21:51,0.22596319962749012
专业提供股票资金批发，独立账户,18370,86,2016-03-18 14:02:38,0.9198319179230636
东兴证券(601198)大宗交易数据一览(01-16),46187,13,2017-01-16 18:06:57,0.22596319962749012
大股东AMC背景，定增提升资本实力,41636,16,2016-11-01 14:42:43,0.9987735273562537
东兴证券(601198)大宗交易数据一览(01-09),20385,13,2017-01-09 18:05:41,0.22596319962749012
东兴证券(601198)大宗交易数据一览(03-01),105308,185,2016-03-01 18:08:18,0.22596319962749012
东兴证券(601198)大宗交易数据一览(01-03),21357,9,2017-01-03 18:04:06,0.22596319962749012
东兴证券(601198)大宗交易数据一览(12-29),25049,9,2016-12-29 18:26:33,0.22596319962749012
601198:东兴证券关于全资子公司参股东方邦信金,36306,8,2016-12-28 18:33:47,0.3315520520281027
东兴证券(601198)大宗交易数据一览(03-07),90590,163,2016-03-07 18:05:36,0.22596319962749012
东兴证券,9114,9,2016-12-19 22:30:23,0.4737672181921908
证券股必将诞生百元股若干，券商为何狂泄不止，,11057,9,2016-12-17 23:06:05,0.6302159567174815
601198:东兴证券第三届监事会第十四次会议决议,26277,2,2016-12-08 16:53:51,0.22754843349688858
2016年三季报点评：定增落地 打开公司长期发展,38452,6,2016-10-28 15:20:06,0.8397363250492513
定增扩充资本实力，集团协同打造差异化发展,40099,4,2016-11-03 09:54:22,0.9991575771434372
东兴证券贴吧封笔贴，我以后绝不会在东兴证券出,15682,9,2016-07-30 21:00:58,0.17218711194501957
券商股中跌最惨的就数东兴了！为什么？,18012,24,2016-12-14 13:37:20,0.7004340143194302
个人还是非常看好未来调整好后的券商的，现在这,17568,35,2016-08-04 12:02:22,0.8565032629042512
601198:东兴证券关于完成非公开发行后变更注册,43153,11,2016-12-08 16:53:51,0.0631981383951612
行情尾声，注意风险！经济每况愈下，牛市没基础,13208,21,2015-12-15 11:12:41,0.9972142685143891
601198今年破新高，22.4以下闭着眼睛买就是,14410,24,2016-09-27 11:33:57,0.33448646045259056
601198:东兴证券2016年11月财务数据简报,28524,8,2016-12-06 18:39:44,0.16596550350466288
立将腾飞最快的证券股!,8326,10,2016-11-17 08:14:08,0.8124429376112349
东兴证券涨不上去的原因在哪里?,18230,14,2016-11-17 08:20:30,0.40634830422212553
继续买,7294,14,2016-11-30 15:13:00,0.50869658578484
601198:东兴证券关于向全资子公司东兴证券投资,57625,14,2016-11-21 16:05:29,0.7629722600018194
今天应该有根单针,4921,10,2016-11-30 09:30:58,0.419606149392892
东兴入选上证50指，看高,14804,8,2016-11-28 13:39:01,0.748404764317256
23.55买入东兴证券，迎接深港通,38527,48,2016-11-08 11:43:28,0.6141079416261174
惯例来一发：明日东兴走势预测,16841,14,2016-11-27 21:54:58,0.8205317411675707
周五买券商股票，押注10000股，专买的打压严重,10574,11,2016-11-26 08:02:33,0.9379132091925764
东兴证券具备高送转的可能性！,18335,14,2016-11-22 10:57:29,0.4973311094354381
下周券商起舞,12370,12,2016-11-25 19:00:35,0.44767845850986676
东兴证券为何在本轮行情中表现如此之差？,17691,6,2016-11-24 19:29:50,0.8679564555007954
深港通12.5开通，下周会不会连板五天[鼓掌],9102,6,2016-11-25 19:19:08,0.19711333154772614
明日走势分析及相应操作对策，记住22.8这个价,7701,6,2016-11-24 16:32:06,0.967128823022226
601198集AMC 举牌 业绩增长40倍 更名于一身,10669,12,2016-10-17 11:57:13,0.8154619628353726
这波深港预期炒作基本告一段落,28309,15,2016-11-20 19:29:16,0.25406384981934604
获利了结,7584,6,2016-11-14 19:38:14,0.23855419766144148
头寸建仓完毕，准备第二波,27051,32,2016-11-04 12:10:39,0.6682326542344069
现价卖出东兴证券，做个高抛低吸,9929,11,2016-11-11 13:29:19,0.5760149628787209
今日高点已出现，参考卖出,8140,8,2016-11-11 09:45:07,0.5571168127012387
本人预测000630下一个四川双马,6040,15,2016-11-10 09:47:54,0.6970946765162968
东兴证券拉升在即！,9980,19,2016-11-10 10:33:10,0.21790862445415582
俺骑了一头大红牛，西出函谷关，紫气却从东边来,2644,4,2016-11-11 08:40:33,0.5737011055230865
价高估位没戏了*明起全仓转000731四川美丰10年,208252,572,2016-01-25 17:02:01,0.26673046200419503
尾盘打到23、22的单子明细里怎么看不到，哪位知,5307,8,2016-11-08 22:14:53,0.16576743809096484
温州帮将入驻中海科技002401仟源医药300254目标,13883,11,2016-10-02 11:14:42,0.8602965259039039
周末看了一下，东兴怎么看怎么好看，大盘怎么看,17309,17,2016-11-06 00:56:21,0.9206255486824092
601198:东兴证券关于公司聘任副总经理的公告,22303,6,2016-11-07 18:40:39,0.07709409001270184
东兴证券母公司10月净利润环比增长143%,35610,15,2016-11-04 21:13:05,0.47597344388219964
不是不看好东兴，只是大盘要尿，先出来看看，只,4632,4,2016-11-04 11:14:51,0.03738855447020839
601198:东兴证券:2016年东兴证券股份有限公司债,38508,5,2016-11-04 19:51:35,0.8099448039511387
601198:东兴证券2016年10月财务数据简报,43361,6,2016-11-04 19:50:53,0.22241001018007567
601198:东兴证券:华融证券股份有限公司关于“14,39366,6,2016-11-04 16:06:39,0.8118432088329415
大盘今天是创了新高的，但60分钟macd红柱始终放,5496,5,2016-11-04 13:40:04,0.19466485350621165
完蛋，东兴没有深港通权限,13962,15,2016-11-03 21:07:02,0.6248920595763597
收个光头阳线对东兴来说就这么难吗？日,4698,5,2016-11-03 14:29:27,0.691631016162201
本应该悄悄的来，于心不忍。,24356,62,2016-10-28 00:36:59,0.5427333605738376
这货最近怎么老逆着大盘走，测试庄家控盘能力呢,5537,7,2016-11-02 11:10:45,0.8773239152398611
东兴证券,6793,7,2016-11-01 19:35:10,0.4737672181921908
东兴证券今日超大单流出排名第3名(11-01),16927,5,2016-11-01 16:03:40,0.28343967287449334
有意思,8833,36,2016-11-01 11:27:29,0.8369565217391306
今天这一洗，短期我看到25，不见不散,12914,18,2016-10-20 13:30:56,0.4238411572389368
601198:东兴证券2016年第三季度报告,36963,15,2016-10-27 20:11:57,0.5880616711832476
601198（东兴证券）走势推演图,325256,225,2015-12-26 14:56:30,0.43176712094748537
上海老梁又出来说翻倍了，看丫忽悠到几时！还收,14236,22,2016-10-10 14:07:53,0.03784072758696655
2016年三季报点评：股东资源丰富 投行逆势增长,28287,6,2016-10-28 15:04:03,0.9492323554803148
601198:东兴证券信息披露暂缓与豁免业务内部管,17307,4,2016-10-27 20:11:31,0.7211150368919106
唯一AMC系券商股，协同打造综合投行,93433,31,2016-03-29 14:28:25,0.9581064222706571
债转股带来的投资机会 那些股值得重点关注,11156,13,2016-10-15 16:27:22,0.9850573653756601
债转股行情拉开大幕 AMC正遭各路资金疯抢,9802,11,2016-10-16 07:42:43,0.9828767341085848
唯一全国四大AMC系券商,最纯正AMC标的:东兴证券,16104,10,2016-10-15 08:24:42,0.3324150158273569
大干快上，不创历史新高不回头！历史新高待到深,11926,19,2016-10-18 18:31:36,0.9987871939006597
盯盘的朋友发现今天东兴盘中有异动没有，今天2,10105,7,2016-10-26 16:14:35,0.19590833161353804
东兴证券(601198)大宗交易数据一览(10-25),22622,12,2016-10-25 19:56:48,0.22596319962749012
挖掘债转股AMC概念股未大涨暴涨过的大黑马牛股,8083,6,2016-10-25 17:27:37,0.5354563929418323
今天的上影线和两个月前高度刚好吻合，当然此一,12758,13,2016-10-24 17:48:34,0.474262956807465
百元新贵！！,4270,7,2016-10-24 12:11:06,0.33761131407043543
从4月底到现在，东兴维持箱体震荡，上沿25左右,11273,3,2016-10-22 12:46:01,0.07803074289621992
今天又当接盘侠了，不知是你们哪位高人卖给我的,7344,11,2016-10-21 15:11:52,0.2006005080129145
说两句哈，新手们不要相信吧里某位半桶水大神天,6579,6,2016-10-22 08:55:05,0.17123851236325205
拿到深港通开通，主力在吸筹码，资金流入，中线,11498,6,2016-10-20 15:37:02,0.9009153450887736
十个涨停板，坐稳了,4677,7,2016-10-20 11:12:19,0.9740847587876899
认准大趋势做股票不会吃亏。债转股是大趋势，不,6927,6,2016-10-18 14:36:52,0.586337611053684
炒债转股资管？你不如炒东兴证券大股东资产注入,18285,16,2016-10-15 13:48:52,0.8117427490728495
挖掘债转股AMC概念股未大涨暴涨过的大黑马牛股,18956,15,2016-10-14 20:17:34,0.5354563929418323
东兴证券定增成功募资48亿元 完成上市后首次再,29920,7,2016-10-18 14:14:51,0.9483954814989619
债转股，混改是这波主题,8367,16,2016-10-18 11:14:08,0.26285812300099287
601198:东兴证券关于净资本变动情况的公告,27570,5,2016-10-17 20:07:26,0.21659487279090872
601198:东兴证券:验资报告,26525,7,2016-10-17 20:07:58,0.2680162093885926
601198:东兴证券非公开发行股票发行结果暨股份,31433,9,2016-10-17 20:02:28,0.7621400810365573
601198:北京国枫律师事务所关于东兴证券股份有,27701,6,2016-10-17 20:05:33,0.9900759905445202
601198:东兴证券关于签署募集资金专户存储三方,18829,8,2016-10-17 20:02:27,0.13798471109079524
601198:东兴证券:海通证券股份有限公司、瑞银证,19340,5,2016-10-17 20:02:28,0.9773990905623898
主力洗盘不要太明显啊，就把股价压着等货吃。卖,6923,13,2016-10-17 11:05:47,0.3746179447406389
请问高手，后市东兴证券如何操作，微利,7564,11,2016-10-17 13:15:45,0.09309599014475467
东兴证券今日超大单流入排名第15名(10-13),17376,8,2016-10-13 16:05:46,0.5990476030099522
2016年注册制临近，小盘劵商601198将要久发，正,130110,119,2016-01-01 18:58:39,0.23235947042197758
601198:东兴证券2016年9月财务数据简报,33737,14,2016-10-13 19:15:41,0.19985988682001887
东兴证券，老梁的最爱，不翻倍不出来,9293,13,2016-10-14 10:13:55,0.3632376221430752
东兴证券母公司9月净利润环比下降52%,24402,6,2016-10-13 22:18:34,0.22965093053420804
高手指点：只要东兴拉升，大卖单就出来了？拉高,6586,6,2016-10-14 09:59:03,0.12088144289239389
尼玛，真是一卖就涨！22.7还能见到不？,5630,9,2016-10-13 11:42:43,0.5352230550566716
东兴要雄起？？？？？,2377,5,2016-10-13 09:51:21,0.13949471482418563
16:38东方资产本周正式挂牌宣告完成股改 注册资,11592,12,2016-10-11 17:42:07,0.23425364524685777
重复昨天的故事,5173,3,2016-08-15 10:25:42,0.7989212936520692
东兴证券(601198)大宗交易数据一览(03-09),69362,148,2016-03-09 18:05:32,0.22596319962749012
东兴证券(601198)大宗交易数据一览(03-11),80371,183,2016-03-11 18:06:59,0.22596319962749012
601198:东兴证券关于控股股东完成改制及更名的,34807,3,2016-09-29 17:21:32,0.15074399436429808
本来想今天大涨去玩只鸡的，看来只能用手了,8066,5,2016-09-29 18:01:21,0.571041875918122
21.93，又是今天的至高点,4648,14,2016-09-27 10:07:21,0.4737672181921908
浪里个浪，大盘今天搞不好是个下跌中继,3166,8,2016-09-27 13:54:56,0.7044732870534175
跌破21.65，60分钟/日线底背离形成,7468,7,2016-09-23 17:31:32,0.009646120734852603
下周不收复23，就绵绵阴跌到13,4640,5,2016-09-24 20:03:46,0.21000142411493383
21.80以下，获利盘为0的奇葩股,8271,15,2016-09-23 14:14:28,0.0030567368126845906
今天什么情况？,5964,10,2016-09-09 10:17:46,0.3935742971887549
2016中报点评：与集团层面协同逐步深化,29140,7,2016-09-14 09:45:13,0.9692868277179609
东兴证券(601198)大宗交易数据一览(09-14),24644,10,2016-09-14 18:08:59,0.22596319962749012
放心了，21.82今天的低点。庄不敢再砸了，砸就,6892,5,2016-09-13 10:11:04,0.1024254992545015
东兴证券(601198)大宗交易数据一览(09-13),17985,7,2016-09-13 17:57:45,0.22596319962749012
东兴证券0909,11877,81,2016-09-09 08:31:12,0.44767845850986676
看来星期一能捡便宜了。,9448,9,2016-09-10 09:38:07,0.6694951640820719
601198:东兴证券2016年8月财务数据简报,36502,9,2016-09-06 18:44:50,0.30400431725215393
家印掐灭烟头，解开了爱马仕腰带说：“阿兴我来,6386,5,2016-09-08 01:27:05,0.8125493884861427
东兴证券(601198)大宗交易数据一览(09-06),20714,8,2016-09-06 18:04:09,0.22596319962749012
清仓了,哈哈哈,4743,7,2016-09-06 14:25:28,0.5
集团资源协同显著，定增扩资实力提升,30769,11,2016-09-04 15:22:58,0.9987812625843576
新进恒大人寿,11967,9,2016-08-29 21:58:51,0.47950107515719254
调整马上就好，东兴即将起飞！慢的话调整这周，,19089,61,2016-08-23 15:57:18,0.6058469886639978
601198:东兴证券关于与大连银行股份有限公司签,25386,5,2016-08-30 20:23:05,0.39505329180150206
2016年中报点评：与集团层面协同逐步深化,16180,5,2016-08-30 09:34:09,0.9298704694102377
601198 东兴证券与002560通达股份相比谁最大潜,162791,241,2015-11-18 11:23:52,0.9948265450087447
背靠东方资产，业务协同前景广阔,19270,11,2016-08-26 08:59:38,0.970832263046208
23块5进还有谁举手,4504,9,2016-08-24 14:46:27,0.33618142532870743
东兴证券(601198)大宗交易数据一览(08-22),23114,41,2016-08-22 18:01:48,0.22596319962749012
东兴证券……启动千点行情，谁是证券类板的领头,25943,51,2016-07-11 18:41:02,0.596659392865051
大股东引战上市，俏东兴定增发力,38372,28,2016-08-17 08:13:58,0.8821538896724525
东兴周一可以加仓。个人看好，理由是30分钟调整,9245,11,2016-08-20 08:54:56,0.02181161906964013
今天要逆天？,3944,8,2016-08-18 13:16:30,0.2500000000000001
食之无味，弃之可惜,5180,13,2016-08-17 16:04:11,0.805586900718885
周二高开高走，直奔涨停，今天卖出的，不再有机,5310,7,2016-08-16 18:19:10,0.28634352592415646
我感觉明天会下破3100点。 今天几只银行股基本,4924,12,2016-08-16 22:31:10,0.027924728545875355
只要主力洗盘，都是低吸的机会，十年难遇的机会,61823,90,2016-03-24 22:14:01,0.9060692988811663
哈哈解套了盈利4000元拜拜,5716,11,2016-08-15 11:20:38,0.9624467004004241
8月第1周，东兴证券可否能指标背驰？,11489,8,2016-07-29 15:40:22,0.6883736154711564
东兴，周线已经是第七周了，下周就是第八周，月,59138,125,2016-07-01 16:51:35,0.05310247220361253
大家看看中信证卷前高17.3元现在17.06，国泰君,9363,8,2016-08-12 20:24:46,0.9703297944002094
证券里面东兴证券己经最垃圾了。,9101,15,2016-08-12 18:17:11,0.11180412264381934
好，今天进的5亿多，全给套。[赞][赞][赞][赞],8128,11,2016-08-11 15:09:51,0.9999659989729422
拿好东兴！,6949,6,2016-08-12 15:23:45,0.6317853705682674
601198:东兴证券关于为东兴证券(香港)金融控股,40406,9,2016-07-29 17:12:06,0.9759915344369898
601198:东兴证券2016年度次级债券(第一期)在上,27827,25,2016-08-11 20:05:09,0.31333130060262904
26的本，谁比我高？,6685,20,2016-08-08 09:51:13,0.49772436798267516
券商股己具备暴发条件，龙头必是601198！,10675,15,2016-07-12 14:10:10,0.24079447837914292
东兴证券(601198)大宗交易数据一览(08-08),24048,11,2016-08-08 20:26:45,0.22596319962749012
601198:东兴证券首次公开发行限售股上市流通公,98843,28,2016-02-22 17:16:56,0.2055446487916972
东兴证券母公司7月净利润环比下降五成,23324,10,2016-08-05 18:25:53,0.3409031287501242
东兴证券(601198)大宗交易数据一览(08-05),16288,16,2016-08-05 18:07:54,0.22596319962749012
601198:东兴证券2016年7月财务数据简报,41350,14,2016-08-05 16:41:47,0.3023443219436792
真到底了吗？,24615,24,2016-01-15 16:47:48,0.4848050459477743
券商股拉升时间不会超过8月底,12550,17,2016-07-26 20:18:52,0.10679179476122991
破位，今天又放量下跌，要碰前低，看19能不能止,5178,10,2016-08-01 10:01:35,0.19910726782711974
下星期，满仓601198，,13954,31,2016-07-29 15:56:20,0.13319915663421966
601198:东兴证券:华融证券股份有限公司关于“14,28957,12,2016-07-28 16:47:42,0.8118432088329415
时间验证一切，说再多的话也是苍白的！！,25700,19,2016-07-24 09:09:25,0.13270632384107106
东兴证券(601198)大宗交易数据一览(07-28),19250,12,2016-07-28 18:43:51,0.22596319962749012
东兴证券(601198)大宗交易数据一览(03-17),42860,35,2016-03-17 17:53:56,0.22596319962749012
东兴证券(601198)大宗交易数据一览(05-25),35950,32,2016-05-25 18:12:17,0.22596319962749012
东兴证券(601198)大宗交易数据一览(05-16),33815,25,2016-05-16 18:53:23,0.22596319962749012
周线月线显示，一轮直线拉升即将开启！！,4046,9,2016-07-25 11:33:08,0.11739896243757175
东兴证券(601198)大宗交易数据一览(06-01),35253,27,2016-06-01 18:17:34,0.22596319962749012
东兴证券(601198)大宗交易数据一览(06-16),24214,14,2016-06-16 17:55:19,0.22596319962749012
东兴证券(601198)大宗交易数据一览(06-22),30157,17,2016-06-22 17:57:20,0.22596319962749012
东兴证券(601198)大宗交易数据一览(06-29),23422,7,2016-06-29 17:59:31,0.22596319962749012
东兴证券(601198)大宗交易数据一览(07-01),29477,11,2016-07-01 18:23:31,0.22596319962749012
东兴证券(601198)大宗交易数据一览(07-13),26679,12,2016-07-13 18:13:01,0.22596319962749012
24元满仓东兴,7177,6,2016-07-24 16:45:02,0.10306308191938651
601198:东兴证券关于非公开发行股票获得中国证,43986,31,2016-07-21 18:40:32,0.7090468886724778
东兴证券(601198)大宗交易数据一览(03-03),34770,72,2016-03-03 17:50:00,0.22596319962749012
601198:东兴证券非公开发行2016年次级债券(第一,26073,7,2016-07-21 18:41:17,0.17302731221981882
东兴证券(601198)大宗交易数据一览(03-31),43961,33,2016-03-31 18:09:36,0.22596319962749012
601198:东兴证券:华融证券股份有限公司关于“14,30702,6,2016-07-20 16:42:40,0.8118432088329415
大反弹！短线50%空间！券商龙头！,73005,62,2015-09-22 16:35:20,0.14700917167133576
下周我能解套么！,8558,13,2016-07-16 22:26:00,0.6323428583259588
东兴证券(601198)大宗交易数据一览(04-22),27962,13,2016-04-22 18:46:20,0.22596319962749012
东兴证券(601198)大宗交易数据一览(04-20),27639,14,2016-04-20 17:56:55,0.22596319962749012
东兴证券(601198)大宗交易数据一览(04-18),26662,16,2016-04-18 19:01:47,0.22596319962749012
东兴证券(601198)大宗交易数据一览(04-15),27224,18,2016-04-15 18:37:54,0.22596319962749012
东兴证券(601198)大宗交易数据一览(04-14),31863,25,2016-04-14 18:06:32,0.22596319962749012
东兴证券(601198)大宗交易数据一览(04-12),22925,6,2016-04-12 18:17:47,0.22596319962749012
东兴证券(601198)大宗交易数据一览(04-08),35815,26,2016-04-08 18:05:17,0.22596319962749012
东兴证券(601198)大宗交易数据一览(04-06),24564,7,2016-04-06 18:09:39,0.22596319962749012
东兴证券(601198)大宗交易数据一览(04-05),35390,28,2016-04-05 18:12:25,0.22596319962749012
东兴证券(601198)大宗交易数据一览(03-30),29965,10,2016-03-30 18:34:00,0.22596319962749012
东兴证券(601198)大宗交易数据一览(03-29),39795,29,2016-03-29 17:55:20,0.22596319962749012
东兴证券(601198)大宗交易数据一览(02-26),56982,69,2016-02-26 18:02:51,0.22596319962749012
东兴证券被评为CCC级了，赶紧跑！,12325,8,2016-07-16 13:25:43,0.10185306859900833
601198:东兴证券2016年6月财务数据简报,40599,12,2016-07-11 15:57:13,0.25152437766630464
最终的等待终将会有回报，蓄势待发，随时准备起,7952,11,2016-07-13 20:18:40,0.935731374223676
券商业绩环比改善明显 两大利好望刺激行业爆发,49531,8,2016-07-12 11:05:07,0.9671889709592458
601198:东兴证券关于收到上海证券交易所《关于,62942,9,2016-07-12 16:16:18,0.21082839844777612
彻底清仓了东兴这坨狗屎。祝留下来的人可以赚钱,5258,6,2016-07-13 14:40:24,0.5039500488566565
东兴目标价37.2元时间8月3日,16129,14,2016-07-09 00:12:13,0.42310265584535167
今天不知道骗多少散户进来接减持的，仔细想想，,6436,13,2016-07-12 06:07:43,0.013108602747088915
东兴证券母公司6月净利润环比增逾2倍,23924,5,2016-07-11 17:43:46,0.055998578904429386
东兴证券：6月净利润环比增逾2倍,26652,14,2016-07-11 16:55:24,0.0934480204453475
今天东兴证券长阳突破！彻底暴发！,5626,11,2016-07-11 13:23:58,0.8151137027607209
大家的智商是多少呢？都是人名，看看谁能猜对？,28949,32,2016-03-25 18:30:54,0.27694451400042874
东兴的技术面解析,9449,15,2016-07-08 10:42:48,0.9324662234537158
先试试能不能发出去,3682,7,2016-07-06 12:36:41,0.37239865368564906
东兴证券5月净利7540万元 环比下降51.67%,39665,24,2016-06-06 20:54:29,0.5422300200252574
收盘价暴露主力意图了，24.30，熬死散们。[大笑,6305,11,2016-07-07 15:04:27,0.17669420883768083
601198:东兴证券关于实施2015年度利润分配方案,60674,17,2016-07-06 16:36:38,0.19192169761061673
回踩2950，铁板定钉[鼓掌]进等23[牛],2367,5,2016-07-06 10:20:29,0.015432498301248931
明天冲高3-5个点,5670,7,2016-07-05 15:15:55,0.24287102347561684
今天开始布局东兴证券啦……明天会怎样呢？,12694,10,2016-06-30 21:46:27,0.39313318060550095
明天千古涨停，因为我满仓,3467,6,2016-07-04 21:04:45,0.1453599232568208
历史证明，能够发动深港通大行情的只有券商双雄,9012,7,2016-06-30 14:06:38,0.9400057136606784
出了一半！昨天自作聪明卖掉的今天要悔青肠子了,7874,13,2016-06-28 15:11:54,0.11411524319142674
所谓的分红其实是骗人的把戏，反而要贴钱,4834,7,2016-06-28 09:58:38,0.05672171681139382
唉，当股东收收分红也是不错的，总比存银行好多,6445,16,2016-06-27 10:58:40,0.7150163862826284
东兴证券股份有限公司与北京兴致科技股份有限公,38110,7,2016-06-27 16:02:29,0.9153113193087192
601198:东兴证券2015年度利润分配实施公告,97834,17,2016-06-20 18:35:52,0.16126029809775522
第二小盘次新券商股东兴证券，极可能接替第一创,10389,14,2016-06-17 14:19:02,0.3941394138776789
！！东兴证券一一大盘护花一一王的近卫！！,108434,273,2015-12-11 14:51:03,0.8678952650797397
埋伏东兴证券，等后面拉升顶大盘就跑！进三成,9742,18,2016-06-03 11:17:42,0.08114302040017707
东兴东方证券4月被减持超7亿元 券商股下半年解,88053,29,2016-04-20 01:43:10,0.23861955732538298
今天轻仓进入,13055,29,2016-06-07 16:09:29,0.5922312349506849
华夏银行600015爆出股权争夺！上涨目标：20元！,6159,20,2016-05-31 13:57:08,0.20088128233010416
世界上真的有套牢鬼吗？见鬼撞鬼碰到鬼了。一买,20480,26,2016-04-06 16:59:28,0.9990529755691622
每人都来看看吧。投投票。下周是走那根线？,6820,10,2016-06-08 16:54:23,0.18938342853748957
来张特写图。今天买在山腰上了。套了。能说说什,41147,54,2016-04-08 16:31:26,0.8539640263894828
今天一冲动全仓杀入。不知道是福是祸。子弹打完,20940,20,2016-05-03 16:41:06,0.7590788369161126
谢谢主力。尾盘捡了8万股。直接上图。,22569,29,2016-05-11 15:36:04,0.2738004770933824
东兴证券今日超大单流入排名第8名(04-11),22300,15,2016-04-11 16:26:43,0.6726733805582711
节前节后逐步进场,7133,42,2016-06-06 21:28:04,0.7848272212204545
东兴证券我的挚爱，从下周一开始我会看着连拉三,13970,18,2016-06-02 16:13:32,0.9173223985645967
601198:东兴证券2016年5月财务数据简报,48501,12,2016-06-06 19:21:56,0.3086160488706682
第一创业持续暴涨，必将激发第二小盘券商股东兴,7468,20,2016-06-03 11:36:17,0.9235331046790589
好吧算你狠。直接上图。什么都不说了。自己看看,34566,39,2016-03-31 16:53:28,0.18018497031658443
看到这个我真的震惊了？又出大事了？这还能玩吗,10118,41,2016-05-02 11:59:02,0.8123186066930513
想说点什么但是无语。直接上图真丢人呀。还能解,44188,48,2016-03-15 23:18:11,0.043984628725129093
！！券商或再成风向标一东兴证券一中线标配！！,50755,112,2016-03-14 22:47:05,0.015016657186589732
大盘缩量盘整券商再现一日游,7892,30,2016-06-01 16:25:19,0.8887021162088803
601198:东兴证券关于非公开发行股票申请获得中,87131,54,2016-04-20 16:09:28,0.28755455236495786
短线机会又现,6528,33,2016-05-29 21:21:03,0.8493119544084916
东兴证券:核心分析(附1图)此股2016年仅一贴,53915,40,2015-12-29 17:57:17,0.9368673322547862
平和的心境战胜恐惧...,13181,239,2016-05-23 17:35:40,0.9989144618867994
回来看看,7260,22,2016-05-22 16:23:09,0.46328671328671334
601198东兴证券未来走势超级想象图,126630,68,2016-01-24 11:05:49,0.8821005377693407
年报：净利润增长96%，股东背景带来广阔业务空,63488,17,2016-03-10 13:08:31,0.9560624286008635
周末利空频频  周一券商板块必定带头砸盘,6170,4,2016-05-14 16:51:56,0.3512228967247517
601198:东兴证券2015年年度股东大会文件,35345,6,2016-05-12 17:13:03,0.7461376865138937
东兴证券，该板块没有持续性，多多观望~,41769,240,2016-04-17 17:05:42,0.8160430266499638
别买入！耐心等待融资盘被强平爆仓时抄底不迟98,24441,31,2016-01-14 13:48:26,0.023152373379950575
斯太尔动力 “神秘”技术之(一),28644,68,2016-01-16 09:27:40,0.9929255014050729
程博明等人被依法批捕,14907,80,2016-04-29 22:07:23,0.4075617506702435
24.20安全区域，我全仓,14775,39,2016-05-06 13:32:08,0.17653008247466762
601198:东兴证券2016年4月财务数据简报,38099,16,2016-05-06 15:56:58,0.2683334655151788
五家上市券商公布年报：中央汇金驻守未曾减仓,73239,60,2016-03-09 02:11:25,0.05320750872103641
最合力的板块就是券商.下午崛起,4754,14,2016-05-06 10:37:35,0.9399539178834452
权重股搭台，题材成长股唱戏。,4126,28,2016-05-04 19:51:40,0.669155021313023
601198:东兴证券:2014年东兴证券股份有限公司债,35676,7,2016-05-05 15:41:26,0.8099448039511387
抛！机构拉升诱多不是解放军,对倒放量是笑着数,15157,17,2015-11-12 10:29:48,0.30395695723223015
利空！保监会叫停1年期理财型保险产品 1-3年产,8973,18,2016-03-21 07:38:19,0.4674500481431162
601198:东兴证券关于2016年一季度累计新增借款,38254,13,2016-05-04 15:53:44,0.06988510440946105
东兴证券一季度累计新增借款28亿元,14135,9,2016-05-04 17:47:21,0.07313840046215969
依托股东优势，业务协同发展,40773,9,2016-05-03 16:30:56,0.9885045838848366
周末消息总结，周一操盘策略！,17695,26,2016-04-11 08:29:18,0.8178298946422898
东兴证券   我不是什么股神巴菲特，但能保你会,8208,17,2016-04-06 19:59:52,0.9853358086527682
东兴证券目标价!!!!!!,12230,8,2016-04-29 12:59:44,0.6066064354819709
601198:东兴证券2016年第一季度报告,49158,18,2016-04-29 18:42:16,0.7560066739327199
据传言：5.1后交易制度变更为T+0!,14423,18,2016-04-28 13:42:40,0.8402944790935444
东兴证券今日超大单流入排名第20名(04-28),15250,5,2016-04-28 16:04:48,0.5963487087342576
东兴证券3月份净利环比增2.74倍,16837,10,2016-04-13 04:10:09,0.7914008422707283
守到云开雾散,4595,26,2016-04-25 22:26:05,0.8493656738878216
尾盘券商拉升明天是否有机会？,24755,43,2016-04-19 20:46:33,0.0767110783012559
人气指示券商走向何处,5232,37,2016-04-24 22:09:48,0.12458381350023062
守是一种方但不是唯一方法,12150,53,2016-04-21 20:17:11,0.7754465082582858
东兴证券 目标价,93638,2370,2016-04-11 22:08:20,0.9113197558346928
东兴证券定增申请获证监会审核通过,38194,32,2016-04-20 16:20:21,0.053577979407030574
没什么大不了的,6317,32,2016-04-20 12:11:24,0.24922611885772272
靠，伤心的割肉，更伤心的是尾盘拉升，你们有没,7588,10,2016-04-20 15:18:09,0.10543764784549481
三千点保卫战,6244,43,2016-04-18 20:56:05,0.7386802340060276
601198:东兴证券2016年3月财务数据简报,65699,27,2016-04-12 16:25:20,0.2516612688907648
说说今天的小东兴,20437,17,2016-04-15 15:07:34,0.5025370734601784
603002涨停？,3459,0,2016-04-15 11:56:22,0.5661315108071885
小非抛售,11493,78,2016-04-16 14:28:45,0.542351618283076
下周突破上攻行情即将展开,10188,12,2016-04-15 15:49:56,0.9990305307509152
3月母猪存栏符合预期 谨慎布局养猪股,13595,5,2016-04-16 10:11:16,0.7316988250975107
明日详细操作指南,12461,23,2016-04-13 16:16:16,0.8239117086472634
主力故技重演，东兴证券能否挣脱？,27220,341,2016-04-10 22:36:51,0.9366561246870004
草 你 奶奶！你就缺老子这几手吗！？！[不屑],6746,13,2016-04-14 14:46:46,0.9235127715501931
明日操作建议,10017,25,2016-04-13 15:37:45,0.5978205814493863
可以加仓了,13260,31,2016-04-12 13:33:35,0.2964260140101529
东兴可以补仓了,10279,15,2016-04-13 14:23:11,0.3251158428117664
东兴证券：受周末消息影响利好，今日早盘券商领,12540,104,2016-04-11 15:05:01,0.5407725944645672
有几个朋友一直询问我东兴证券后面怎么做!,29135,175,2016-03-13 17:57:39,0.4306638961751802
东兴证券母公司3月净利润环比增长2.7倍,20238,7,2016-04-12 17:08:06,0.7828670539916448
【热点追踪】券商板块是否能引领一期新的大涨,43609,10,2016-04-11 10:26:56,0.8423490826794996
下午进场买入，呵呵，等东兴扛旗领涨。缺口补缺,12129,14,2016-04-11 15:46:06,0.6961290297212908
券商股高开领涨 东兴证券涨幅居前,17734,6,2016-04-11 09:35:47,0.5475891570929758
关注东兴证券,26132,18,2016-04-01 15:19:49,0.7779104790953051
慢牛格局已成,10101,21,2016-04-07 19:48:12,0.17920789483986288
周一东兴用涨停來反击有关人士(狗生的，连名字,7845,14,2016-04-10 15:48:08,0.723925367464043
谢谢主力，涨停价出了。没睡懒觉啊[兴奋],6884,22,2016-04-11 09:34:26,0.48194571367369654
[买入][买入][买入][买入][买入],7410,23,2016-04-08 11:01:59,0.9905555709423475
东兴证券：今天涨停！！,3652,15,2016-04-11 09:29:24,0.3196195047773551
券商重大利好 此板块周一或集体涨停 娃哈哈,7163,5,2016-04-10 22:39:41,0.8793589730658142
东兴证券估计周一集合竞价大概率就封涨停了,30344,19,2016-04-08 22:37:53,0.03143592311980414
国家又在降券商的杠杆，降低净资产比率，相当于,21974,22,2016-04-08 17:20:15,0.6192728720098268
东兴证券，突破历史高点创新高是必然,16467,32,2015-12-15 23:37:41,0.975451290873169
券商股走势低迷 东方证券领跌,18030,7,2016-04-08 10:18:44,0.21891178065312544
601198:东兴证券:16东兴债-跟踪评级公告(联合[2,32259,4,2016-04-06 19:05:59,0.16024430415496882
模拟盘日记,17986,122,2016-03-25 20:00:14,0.6837225424652923
601198:东兴证券关于公司次级债券“13东兴01”,36707,10,2016-04-06 18:08:08,0.2030995561301583
发行价9.18元，现价23.19元，回报14元，150%的,24536,16,2016-02-24 03:58:08,0.3472896927836773
关注低价603002。,6978,2,2016-03-30 09:35:41,0.7448268322299219
！！外汇宠儿、王的女人一一光大证券一一！！,11712,39,2016-04-02 18:43:27,0.42816679413313863
7亿主力资金近三日杀入券商概念股,35238,8,2016-03-31 17:39:23,0.8239471109525058
给广大散户的福利：东兴证券若明天在26.5附近开,14734,9,2016-03-31 18:20:33,0.4852478470987269
甭废话，老少爷们儿、兄弟姐妹们，想挣钱您就抄,3230,10,2016-03-29 10:12:16,0.007726843179729381
601198，下个星期二等待23.80赌一把,22004,33,2016-03-25 13:54:10,0.6386017795392277
601198:东兴证券2014年公司债券2016年付息公告,49312,7,2016-03-29 16:02:19,0.3221289543979543
券商股一马当先 东兴证券涨逾3%,15485,11,2016-03-29 09:53:53,0.08323989747911897
601198:东兴证券2016年2月财务数据简报,74089,15,2016-03-07 17:04:37,0.20609428717428668
一直在补仓，从未放弃过,13338,45,2016-03-18 11:21:30,0.2871031794753377
对东兴证券合理回调做一个预测，希望大家批评些,76007,92,2016-01-17 21:22:22,0.42660338333968684
大盘是正常的回调？还是低位进场的时机？精准分,9544,13,2016-03-24 19:07:14,0.3211835225306995
大盘有跌不下去的感觉,14415,63,2016-03-25 14:20:16,0.43767431983559313
今日关键价位25.46，如果跌破，大家各自逃命吧,9816,16,2016-03-25 10:45:47,0.7996574899040955
∩+∩华泰证券价值投资的芳香，需要时间来沉淀,104713,471,2015-11-08 21:18:43,0.6999554006943378
成也券商败也券商,17573,51,2016-03-24 15:07:29,0.37635514080464794
关键时刻考验智慧,8318,66,2016-03-26 11:08:37,0.9492385567221867
东兴证券今日超大单流出排名第9名(03-24),19124,6,2016-03-24 16:10:53,0.2270820098996772
我想要一套小房子，能做你的小妻子，一起提着菜,10973,22,2016-03-23 23:58:19,0.9666186610868752
量就是人气,22033,69,2016-03-21 17:34:31,0.25932320541022635
东兴证券 明天能否继续突破，冲锋新高,14525,11,2016-03-23 20:34:59,0.9085018212471339
改革中前进,11598,28,2016-02-27 10:37:47,0.9802751939921044
小散十年练就炒股“绝活”,9838,175,2016-03-21 09:22:02,0.11128632714033693
券商股全线大涨 机构看好3股（名单）,58377,13,2016-03-21 09:53:27,0.0036199607386701027
东兴证券 继续看好,10056,11,2016-03-21 19:52:03,0.350800987440239
希望有人能看明白，,13861,23,2016-03-12 10:46:27,0.6905373761613556
卖了金证股份来押你,8442,9,2016-03-21 13:30:08,0.7520511146132268
东兴证券 仍有上升空间,18659,19,2016-03-19 13:37:45,0.6569550180476814
下周初注意高抛,18205,51,2016-03-18 19:08:08,0.855296682723282
好笑的可怜虫，竟然想到13元,16455,35,2016-01-21 22:40:33,0.008916677262322037
券商股频获大股东增持 午后强势崛起,23704,7,2016-03-17 14:57:04,0.9440183938883003
关注小而美300121。,3938,0,2016-03-11 17:30:14,0.9552853271111881
肺腑之言，一定会让东兴证券的朋友有所收获,23029,82,2015-12-16 09:18:32,0.7926735283056122
大股东资源优势显著，深度协同潜力巨大,90437,11,2016-03-14 08:04:00,0.9770726457152638
散户操作七大陋习,8011,39,2016-03-14 16:58:53,0.2372953036122113
牛市牛股牛气冲天，锁住金牛，抓住,4873,37,2016-03-11 19:36:47,0.5384225401473666
哎!,5953,27,2016-03-13 13:23:43,0.5262327818078083
东兴证券，短期表现止跌，但反弹意愿不强,10917,43,2016-03-11 19:26:22,0.8096172034907555
券商板块有望迎来反弹行情,8054,21,2016-03-09 11:10:37,0.639564501666835
周末利好,17959,45,2016-03-11 22:03:14,0.6474666918857737
券商股奋力护盘 东兴证券等逆市翻红,12952,7,2016-03-11 10:58:13,0.16234070581632942
【投票】券商股今日能否护盘成功？,23621,13,2016-03-11 13:26:19,0.5425173392498154
东兴证券今日超大单流入排名第4名(03-11),11674,3,2016-03-11 16:05:14,0.6330929171915115
券商股拉升 东兴证券涨3.14%,10278,12,2016-03-11 10:05:31,0.5734259230057951
静待春雷,10765,55,2016-03-09 21:04:07,0.4737672181921908
601198 ，尾盘信号看懂多少？（在补一贴）,16961,16,2015-12-15 17:30:47,0.01370250635282555
人大本周审议调整证券法注册制议案  注册制加快,5044,5,2015-12-21 09:26:40,0.26145689583667975
601198近期走势,25182,31,2016-01-06 13:43:50,0.5250040744228941
大股东助力资管、投行，协同打造竞争力,45386,5,2016-03-09 14:54:38,0.9997460619215824
借助大股东资源，打造综合金融服务商,58348,13,2016-03-08 10:04:48,0.9976673761167254
沪市王者归来？,21950,55,2016-03-06 09:08:39,0.8794433566334721
601198:东兴证券:海通证券股份有限公司关于东兴,69217,7,2016-03-07 15:47:47,0.7340227643977405
东兴证券净利同比近翻番 10派2.5元,34534,16,2016-03-07 08:35:12,0.20855557309045303
东兴证卷最新消息,主力上演惊人一幕!,11210,41,2016-03-07 09:49:18,0.2416334436103641
西南、太平洋…,30337,70,2016-03-04 20:23:02,0.6847407648473135
东兴证券2015年净利润增长96% 拟10派2.5元,59984,22,2016-03-04 22:41:50,0.49750657494007333
601198:东兴证券2015年年报摘要,66066,22,2016-03-04 21:07:20,0.42709996246071114
！东兴证券：11月中旬走势，操作政策！,188421,121,2015-11-18 19:36:00,0.15950623145397125
601198:东兴证券2015年年报,70203,13,2016-03-04 21:07:43,0.21631391423609303
大家说说看法，一共3个问题，不得其解,16001,19,2016-03-04 20:44:18,0.05140850520902407
东兴一定是换操盘手了,11291,15,2016-03-04 15:48:02,0.5284295299995143
最新消息：今年高送转。。10送10左右,11404,10,2016-03-03 11:06:45,0.1980969283360846
谈谈券商,40158,96,2016-02-15 21:26:38,0.3293418291102329
看两点后吧，东兴可能爆发,7158,24,2016-03-04 13:50:03,0.4465981796592715
天涯刀客开谈——东兴证券,36761,73,2016-02-22 11:09:27,0.7707946277642467
601198:东兴证券:2014年东兴证券股份有限公司债,61407,5,2016-03-01 16:55:46,0.8099448039511387
骗子骗钱的时候，是不会说实话的，我们散户要学,5409,9,2015-11-18 14:33:28,0.003879722087810844
601198:东兴证券关于2015年累计新增借款的公告,67319,12,2016-02-29 16:43:09,0.06988510440946105
2016年预测：A股2000-2500之间,30064,38,2015-12-31 23:25:00,0.7564423280787681
东兴近期操作要点,15811,8,2016-02-25 16:21:05,0.7795010066295636
节后机会在这里,64408,80,2016-02-11 08:23:42,0.7341794495700423
十大机构论市：新升势最低目标3700点,207466,317,2015-12-14 15:17:29,0.6972427616038568
东兴证券走势分析,20885,16,2016-02-25 15:39:13,0.8483604434525416
东兴证券，昨日收盘突破表现22.6，但并不能表明,22013,43,2016-02-18 11:01:25,0.9854245817451245
2018年2月26 解禁15亿 重大利空 快跑吧 哈哈哈,17126,16,2016-02-23 15:40:11,0.5593339255527366
B浪反弹已经结束，接下来开始C浪下杀。,21743,18,2016-01-16 20:59:00,0.10417054606715326
这下完蛋了，5000手23.3卖的点成了买，这下满仓,13991,11,2016-02-23 13:54:41,0.7238870519422291
实践证明市值配售新股是券商的利空！打新资金不,28923,27,2015-11-08 08:48:24,0.9876064812557558
我算不清时间 我不会数波浪 我不懂啥技术 我不,12626,13,2016-02-20 19:30:36,0.24366174267271767
601198:东兴证券:海通证券股份有限公司关于东兴,70866,16,2016-02-22 17:16:56,0.7340227643977405
东兴证券跨年上40，超越历史，创造新高！,32197,32,2015-12-16 21:20:44,0.9825096081735896
看好才会去买，不相信不涨,68198,108,2016-01-05 17:05:38,0.17618015750871374
建议：10送2股，转增3股。希望董事会采纳！,12523,13,2016-02-19 15:54:42,0.010581245695392094
东兴证券：短线还有上冲动能，可以继续持股,19217,43,2016-02-18 19:57:52,0.533163031971977
东兴证券——短线向前看向钱看,12854,34,2016-02-17 17:30:59,0.7879798276285376
东兴证券上涨空间大，明天将重仓买入,11125,9,2016-02-17 19:43:43,0.04600209656938714
东兴证券今日超大单流出排名第5名(02-17),19436,12,2016-02-17 16:09:43,0.3442776963783689
东兴证券今日超大单流入排名第2名(02-16),22449,7,2016-02-16 16:30:02,0.5498270676730547
两市资金净流入达70亿 追捧计算机等板块,140553,13,2016-02-17 05:00:51,0.8810152995461817
大盘的反弹目标位置,14585,29,2016-02-04 20:33:05,0.897036270336928
【热点直击】券商股极速上冲，引发股民热议！ ,43502,6,2016-02-16 10:47:33,0.9784795800965981
601198:东兴证券2016年第一次临时股东大会决议,49865,3,2016-02-16 18:42:39,0.6091879692055608
601198:东兴证券2016年第一次临时股东大会的法,37932,0,2016-02-16 18:43:09,0.8710457977784521
明天又看好的两只潜力股，具有操作性，粉丝优先,38144,169,2016-01-24 13:48:45,0.21389558780821494
主力涨停出货,24355,19,2016-01-08 14:35:59,0.4174268664802988
601198:东兴证券2016年1月财务数据简报,60473,22,2016-02-05 17:11:50,0.2033940119443962
601198:东兴证券关于董事任职的公告,37005,4,2016-02-04 16:31:00,0.12882003863582436
早上又卖对了,9579,16,2016-02-04 11:12:04,0.623758728621436
601198:东兴证券2016年第一次临时股东大会文件,49250,12,2016-02-03 19:17:58,0.6353239967181803
东兴走势浅见，年前最后一贴,20893,16,2016-02-02 17:25:00,0.8034529605328742
就你东兴跌的厉害，我30的本啊,11146,18,2016-02-01 11:00:58,0.2692727529920135
熊市如何炒股,19488,30,2016-01-31 16:33:31,0.3145031820637605
东兴证券还会走下跌行情,47720,337,2016-01-22 13:07:10,0.9573508447670872
感觉明天将会见底，套牢无需再割肉，空仓则时买,17883,28,2016-01-28 20:45:34,0.2209870296617057
继续打造大投行大资管大销售业务价值链,15838,5,2016-02-01 04:07:52,0.8870851539544361
十大机构论市：“暴力”洗盘开启 市场进入震荡,584114,888,2015-11-18 15:12:04,0.9516959830759861
下周分析（2.1—2.6）。上周立贴，预破2800，预,17987,22,2016-01-30 15:15:21,0.8577070413830852
601198:东兴证券关于召开2016年第一次临时股东,46864,6,2016-01-29 17:22:27,0.27778356188622566
东兴之我见,151605,229,2015-12-27 16:36:04,0.3609790547308728
601198:东兴证券关于公司非公开发行A股股票后填,60498,16,2016-01-28 19:53:16,0.13950283037700895
601198:东兴证券第三届董事会第二十三次会议决,43316,8,2016-01-28 19:21:02,0.031693692728110734
东兴证券！风口浪尖处，切莫盲目炒作,6476,10,2016-01-12 16:55:59,0.0047743814668183004
601198:东兴证券关于调整非公开发行股票预案的,65385,17,2015-11-17 18:35:20,0.3954057816788745
601198:东兴证券关于最近五年被证券监管部门和,36368,5,2016-01-28 19:53:02,0.6283925942816205
大盘的目标位置,17964,56,2016-01-24 14:41:54,0.9063403197848323
东兴证券：短线这么走，我们还能看到后面的希望,36394,69,2015-11-30 20:04:11,0.8116684349888359
东兴可以搞了，券商可以搞东兴和西部了，5分钟,11409,23,2016-01-28 10:29:51,0.056119205222381785
东兴证券--后市之鉴,20327,94,2016-01-25 09:38:29,0.6645074041378072
今年的盈利，今天吐了近一半，明天怎么样还不知,9788,10,2016-01-26 21:31:14,0.05754364004786394
市场的筑底过程非常折磨人,30680,31,2016-01-26 15:00:07,0.5355124691010793
今天会休息吗？,31210,174,2016-01-05 09:01:02,0.40999242324132024
东兴证券今日超大单流入排名第17名(01-19),23351,10,2016-01-19 16:18:19,0.6427181349864498
绝对收益的黎明可期待,8081,12,2016-01-25 21:45:44,0.9773187746957959
助你股市长虹11月份是个收获的季节，这话是真的,30531,57,2015-11-25 20:10:11,0.9875958080064903
市场化救市也是利好,7967,22,2016-01-22 19:11:57,0.44767845850986676
东兴证券涨到50元，波段操作,62811,65,2015-08-31 19:28:41,0.33047312974599774
“资管系券商第一股”东兴证券业绩堪忧,36471,12,2016-01-23 03:33:08,0.09012523088391633
13.21 分，日内卖点,8471,30,2016-01-19 13:22:43,0.057052261312107944
这两天砸盘东兴证券者，没命过春节！,7419,9,2016-01-22 11:18:57,0.2282686535228795
盲目崇拜大师，让你输到屎！,12138,16,2016-01-13 17:10:09,0.9758202949218955
上午没看盘，今天不打算操作了，周一看机会再说,13194,28,2016-01-22 12:55:19,0.4294653196800232
现在看，东兴顶背了，会有一波调整,24238,33,2015-12-18 14:23:05,0.46381358611885515
东兴证券今日超大单流出排名第15名(01-21),19279,6,2016-01-21 16:23:16,0.27194118868238626
东兴证券今日超大单流出排名第15名(01-18),21100,8,2016-01-18 16:10:57,0.27194118868238626
给吧友的建议,10439,14,2016-01-21 20:08:10,0.3433308752209363
！东兴证券 短线操作的股友注意啦！,30951,18,2015-11-18 19:39:07,0.3733423566039896
东兴证券的日线风险处于券商板块最高位,32362,49,2016-01-19 13:59:04,0.6762854539638159
东兴证券今日超大单流出排名第18名(01-20),17139,6,2016-01-20 16:22:10,0.42401666186611897
东兴证券去年净利20.44亿 同比增96%,25523,12,2016-01-20 08:34:01,0.790584487086397
东兴证券：今天不涨，那就明天,15594,17,2016-01-18 13:57:59,0.27873989218377637
大盘低开低走确定了，2850有可能开盘就破,17087,18,2016-01-16 16:22:35,0.08018236902208709
601198:东兴证券2015年度业绩快报公告,117402,34,2016-01-19 19:16:25,0.5898679045629389
对于当前操作的三点建议,5866,9,2016-01-19 21:30:39,0.17515592734867802
2016年1月18日盘后分析 今日，股价早盘低开到26,15801,24,2016-01-19 09:23:38,0.8228994696567353
下周大盘将迎来一场关键战役,23033,24,2016-01-16 14:09:12,0.836228881342965
纯数据分析：东兴证券的强度相当于计算机应用版,11379,10,2016-01-15 23:50:20,0.9897132259819927
东兴证券分析,18372,31,2016-01-18 12:12:36,0.8613832738257329
券商必然创新低：熊市IPO停,佣金缩水，自营亏,35509,44,2015-09-24 11:14:39,0.7154048892447542
今天走的不错，买点就快来了,18827,35,2016-01-15 15:01:56,0.9571992456630913
短线反抽虽被破坏 但转机逐渐到来,4441,2,2016-01-16 11:12:21,0.6334488555794433
东兴证券今日超大单流出排名第11名(01-15),20012,5,2016-01-15 16:35:46,0.18966533116575435
东兴证券今日超大单流入排名第13名(01-12),26797,4,2016-01-12 16:29:51,0.6304322079846292
东兴证券明日分析,31513,40,2016-01-14 15:22:12,0.9572253659601762
东兴证券(601198)盘中即时分析01-14 今天不用做,43978,97,2016-01-13 17:48:56,0.9144047530103735
601198:东兴证券:2016年东兴证券股份有限公司债,75907,29,2016-01-14 20:41:26,0.8099448039511387
券商股集体走强 东兴证券领涨,45766,29,2016-01-12 09:56:31,0.8170721955010999
东兴证券被曝资管产品巨亏 曾因系统瘫痪遭问责,8189,19,2016-01-08 12:24:00,0.016450997631930142
周四能否等来救命稻草？,41972,35,2016-01-13 19:58:59,0.8928989694614353
今日午评（贴内分析个股）,12083,20,2015-11-11 12:11:26,0.9308747086548667
12月业绩点评，营业收入边际改善,73753,18,2016-01-13 19:05:56,0.5341812590023006
601198:东兴证券:2016年东兴证券股份有限公司债,68151,14,2016-01-13 10:07:28,0.8099448039511387
明天低开回踩26.10,30194,90,2016-01-12 14:43:42,0.12645326831152448
601198:东兴证券重大事项停牌公告,428339,117,2015-11-11 00:00:00,0.5234581108684342
【热点追踪48期】东邪西毒再次发力，行情将如何,574065,13,2016-01-12 14:47:58,0.9923617187587772
注意要点,20153,48,2015-11-23 10:42:19,0.818181818181818
卖儿卖女买股票,7454,17,2016-01-11 10:55:10,0.6664647001289801
东兴下午大跳水，不服来辩,7099,12,2016-01-12 11:11:32,0.021676711168555074
东兴证券今日超大单流出排名第9名(01-11),23032,5,2016-01-11 16:22:27,0.2270820098996772
今天东兴大阳包阴，是短中线炒作的好品种！,136237,117,2015-12-16 09:21:46,0.026872482937625453
601198:东兴证券:关于上调东兴证券股份有限公司,39944,8,2016-01-11 18:49:58,0.8118432088329415
个人对当前股市的看法,17618,85,2015-12-16 17:51:25,0.941878694556059
成本32.今日25.7跑路，持股一月余。券商不碰了.,10727,14,2016-01-11 17:31:59,0.026892909056822845
601198:东兴证券关于公司主体信用等级及债项信,56765,20,2016-01-11 18:51:49,0.28997792213773665
周末消息偏利空，大的系统性风险近在眼前，技术,23444,35,2016-01-09 17:28:41,0.3458435554043626
601198:东兴证券2015年12月财务数据简报,98007,30,2016-01-08 18:47:00,0.20524741394873058
把矛头指向注册制的，不是用心不良，就是傻的可,4680,6,2016-01-11 14:54:56,0.04842465072678215
！！东兴证券：走势为何会突然变成这样？,9270,38,2016-01-10 22:25:10,0.26596217601809424
注定是本周的趋势！,3963,7,2016-01-11 08:29:02,0.9380837726158603
601198:东兴证券2016年公司债券信用评级报告,155103,8,2016-01-10 16:19:38,0.0806767665728092
601198:东兴证券债券发行公告,157295,14,2016-01-10 16:20:23,0.30728991775283365
601198:东兴证券公开发行公司债券募集说明书摘,131870,3,2016-01-10 16:19:16,0.03076165816404486
601198:东兴证券公开发行公司债券募集说明书,137424,4,2016-01-10 16:20:22,0.08837714108308814
操作十余年，总结下自己的感悟精华！,38380,75,2015-12-18 19:08:18,0.9647698694142368
关于东兴，十年草菇经验详谈,9343,13,2015-12-24 09:38:03,0.5928937333480357
【讨论】券商股午后突现暴涨的原因是？,68639,20,2016-01-08 13:38:20,0.5580803259966431
今天涨停价买进东兴，希望下周别套我哈,13118,14,2016-01-08 15:53:33,0.8645899857475473
那我就说说股灾中正确自我解套的操作方法,11332,25,2016-01-08 14:00:32,0.9395885928586227
东兴证券今日超大单流入排名第2名(01-08),29919,3,2016-01-08 16:14:09,0.5498270676730547
十分钟之内起飞。,6862,22,2016-01-08 10:23:50,0.5824157045657894
怎么是这样的图？,3187,10,2016-01-08 10:35:21,0.6198830409356725
上联：去年你融我融大家融融到破产.下联：今年,5277,12,2016-01-07 13:28:29,0.9825402789342509
注意点 史玉柱威风大了，马云肯定不服输啊，中,10512,13,2015-12-19 21:47:19,0.8531600490346479
有熔断真好，满满的幸福感[献花],13644,20,2016-01-07 10:02:43,0.5243980536012707
大盘见顶在即，请赶快逃命,12183,16,2015-12-16 11:47:15,0.2677588552305018
32.4的成本何时能解套,9370,29,2016-01-06 10:10:17,0.6809054037901613
东兴证券定向增发获受理,73581,38,2015-12-30 05:20:13,0.6913976282723084
刀尖上的旅行——时机篇,30850,192,2015-12-21 21:08:24,0.8499092358904553
如何看待熔断机制以及操作应对,7855,23,2016-01-05 13:32:32,0.5003892049913732
呕血新歌,7307,22,2016-01-05 08:08:57,0.7944037689390736
熔断机制与今天是什么利空导致大盘超预期大跌呢,21588,22,2016-01-04 13:59:15,0.10890662119616279
股票K线图 ，图文讲解,12799,31,2015-12-21 14:27:04,0.9918991344623838
2015年报：光大证券年报10送转20外加10派6元？,16830,9,2015-12-30 18:12:55,0.006497905959466865
601198:东兴证券关于东兴证券(香港)金融控股有,86201,26,2016-01-04 17:15:53,0.9759915344369898
哈哈哈  笑死了~~~开年第一天 熔断了 ~！兄弟们,7810,12,2016-01-04 14:36:07,0.8752766168505198
经典牛股形态已成型,53123,98,2015-12-17 01:02:32,0.5740272696308035
东兴——下午涨停！,5605,11,2016-01-04 10:28:41,0.692983646314198
中兴卷商龙头，下周王者归来。,34991,58,2015-12-12 17:02:25,0.7807098207427758
东方资产双轮驱动战略出炉,11208,6,2016-01-03 23:29:39,0.9870171738184806
恭喜恭喜！收益满满的，好票不会多，抓住了才不,21512,38,2015-12-23 19:53:03,0.8630106786294999
今日收盘价30.60元，待验证,7168,13,2015-12-31 14:10:08,0.8598320764015903
增发价33现价30 该怎样做你懂的,6129,13,2015-12-31 09:58:53,0.8468834269049728
关于投资股票的一些经验之谈,9469,71,2015-12-15 14:53:33,0.9244994515882783
601198:东兴证券关于中国证监会受理公司非公开,107971,58,2015-12-29 16:33:15,0.54877633637278
东兴作为大盘发动机会再次发动,16368,21,2015-12-29 16:44:22,0.6678190322163317
东兴证券  短期底部探明~~周一随券商股一同高开,26841,43,2015-12-25 16:37:20,0.45484777554480704
券商股全线翻红 东兴证券涨3%,27467,5,2015-12-29 10:41:28,0.10125555411196285
东兴64在向你招换,55895,129,2015-12-16 01:07:52,0.8501598100548057
增持公告！！！,21368,25,2015-12-24 14:19:42,0.1740851772109493
601198今天反弹太弱，成交量低迷。初步判断为下,20507,19,2015-12-25 16:01:48,0.8730228067895228
如果自认为人大通过注册制就是大利好那就是不懂,57185,40,2015-12-27 19:40:58,0.23930471134737008
12月最后三个交易日调整极限位置应在27.6-27.8,11416,12,2015-12-28 16:09:24,0.03667458659640854
小双底形态,34402,144,2015-12-08 21:06:43,0.7874747701973641
601198东兴证券：调整结束时，就是潜龙出渊的时,18814,13,2015-12-24 11:07:56,0.2653901539990927
这里有没有买了两年的股票，现在还在为回本而折,5520,15,2015-12-28 15:57:07,0.4076143439955602
洗盘结束，下午暴力拉升,13826,40,2015-12-23 13:07:07,0.8820914801171934
最后一次打压,88819,212,2015-12-11 09:34:25,0.36561805089131594
农林牧渔行业：三大产业融合促农业现代化 推荐4,53252,10,2015-12-27 14:53:33,0.9583598716416415
*东兴证券你已经知道的和不知道的，都在这里！,70627,34,2015-11-11 22:54:18,0.34426437957778133
东兴证券   明天将继续向下寻找支撑~~~,38028,127,2015-12-24 18:12:29,0.8188367037885024
每10股送10股转增10股派10圆的方案可以期待.,12480,11,2015-12-23 07:12:21,0.010155739414680398
注册制落实 利好卷商 周一涨停了啊 抓紧时间上,20843,28,2015-12-27 13:03:37,0.6178234595708959
【讨论】散户宣言：任主力宰割的日子一去不复返,25570,8,2015-12-25 09:07:37,0.8801942212004914
601198:东兴证券关于变更保荐机构及保荐代表人,92693,50,2015-12-24 16:14:58,0.333333894416612
东兴证券 缺口不补  不可能有大动作的~~~这两天,21954,51,2015-12-23 13:37:44,0.1383901007816022
明日探底反弹还是杀向3550？,16787,39,2015-12-23 19:53:12,0.6849075359460056
东兴证券谁有耐心等待1个月，包你没事,有的点赞,3653,4,2015-12-24 10:23:34,0.17185624956370782
发生重大亏损的最大理由,8195,9,2015-12-13 20:16:24,0.1602670254444144
东兴证券(601198)龙虎榜数据(12-23),72306,27,2015-12-23 17:03:34,0.7977135927251349
龙虎榜：冲高回落 一游资大举出货7704万,66926,14,2015-12-23 20:47:55,0.633234772039515
东兴证券(601198)盘中即时分析12/23,182531,170,2015-12-22 20:23:39,0.9345928562320303
ma的，追高了，艹33.4元进的,12578,36,2015-12-23 14:30:32,0.39649036561138595
我擦嘞，我们小散又成接盘侠，还有谁没忍住就，,4176,10,2015-12-23 14:51:56,0.018427457156741323
苦呀，32.95进的，又一次套我了,4377,11,2015-12-23 11:14:38,0.3934516987573038
早上的三只！,15272,35,2015-12-22 15:15:54,0.24162232142776263
为热烈庆祝本人晋升4星吧友，东兴今日将强势出,3866,6,2015-12-23 07:33:42,0.4768471064107722
东兴证券(601198)盘中即时分析12/22,188155,152,2015-12-21 18:13:27,0.9345928562320303
说句实在话，我们都冤枉主力了，纵看这几天的走,10521,18,2015-12-22 14:39:59,0.16639987396452893
道股说今： 预计今日A股将低开，建议逐步逢高止,31250,43,2015-12-21 09:20:46,0.1241858558142902
年前收官之战已打响，年末金股预定中，新来的一,11780,28,2015-12-22 09:03:18,0.29590284529848054
600694已经强势冲击涨停，目前总收益35.33%,5514,19,2015-12-21 13:51:03,0.9344800849514338
对于普通投资者而言，这样做的真的没必要，去理,13794,21,2015-12-15 19:53:12,0.9534422200214876
2014--2015西部证券龙头，2016年呢？,15877,18,2015-12-16 15:39:27,0.30852250208381815
东兴证券(601198)盘中即时分析12/21,176983,288,2015-12-18 20:31:09,0.9345928562320303
东兴证券！！ 现在的情况利害已分明！不能犹豫,5126,11,2015-12-14 17:13:03,0.0169470593275709
吐槽的散户朋友要醒醒了,130603,273,2015-12-18 10:10:59,0.21113029831749808
券商再起风云，东兴执牛耳，西部王归来！ 年底,17050,19,2015-12-14 18:27:59,0.9821619645737886
东兴证券(601198)盘中即时分析12/18,109678,186,2015-12-17 22:01:07,0.9345928562320303
下周分析（12.21—12.25）。昨晚周五睡了特别舒,25525,25,2015-12-19 13:18:17,0.93771210736697
东兴证券今天怎么操作？请看分析：,87771,68,2015-12-17 06:33:07,0.6735817843133418
今天总算卖了。。。,12477,15,2015-12-17 15:25:22,0.15118610524638743
东兴搞不到的，西部是二选啊,19180,18,2015-11-06 10:19:32,0.26327651593782575
即将见底！行情开启中！,13966,37,2015-12-13 20:53:41,0.9708580698714742
让老夫卜一卦.........下午大盘微红，东兴涨幅5,7240,20,2015-12-18 10:55:42,0.5054694543915491
【讨论】东兴证券冲高回落 明日行情如何演绎？ ,47548,7,2015-12-17 21:18:28,0.9963369199616826
持股,22582,29,2015-11-10 15:44:15,0.20005327733018596
东兴证券(601198)盘中即时分析12/17,142322,157,2015-12-16 21:43:37,0.9345928562320303
大盘怎么走？东兴如何炒？看我分析：,14565,29,2015-12-17 19:15:03,0.8844661060096396
12.18日大盘T+0点位，风险管控,6355,4,2015-12-17 19:58:14,0.49759495413963406
东兴证券已连续上涨6天，是继续上涨还是反转回,15829,41,2015-12-17 13:29:16,0.019255145478479285
只做龙头东兴证券,10935,15,2015-12-14 15:33:24,0.2391890693814861
据路透社：证券板块领头羊已经出现了，即将爆发,33599,17,2015-12-07 23:45:43,0.8183953631187642
东兴证券——不可恋战，逢高减仓，,28981,127,2015-12-16 10:16:20,0.9944288601826117
东兴证券今天冲击涨停板！本周冲到35元！！,42043,43,2015-12-14 12:04:42,0.3842774488380727
东兴证券今日超大单流出排名第12名(12-16),60791,11,2015-12-16 16:05:57,0.23298967439582807
这几年的经验之谈，让我总结了一些心理战术,13659,82,2015-12-15 15:01:33,0.33212960195459396
今天高开就跑掉的兄弟来握个手我们胜利大逃亡了,3159,15,2015-12-17 09:44:27,0.6628801323114786
龙虎榜||高开低走  游资大举出货机构踊跃接盘,74974,24,2015-12-15 21:04:28,0.4402345610373748
证券股互比差距如此惊人！问主力智力？？？,13948,40,2015-12-15 11:46:24,0.018293355804879674
未来市场操作需要注意六大要点，简单看下自己观,3538,26,2015-12-16 11:29:11,0.9946138763223555
东兴证券王者归来，近期目标位38元！,97385,72,2015-12-02 18:10:13,0.9648388363695793
东兴证券至少再拉三个涨停板……！拭目以待？,209353,142,2015-11-18 08:27:07,0.9471947904726239
东兴证券(601198)盘中即时分析12/15,56651,128,2015-12-14 21:27:52,0.9345928562320303
东兴证券(601198)盘中即时分析12/16,87432,178,2015-12-15 20:06:42,0.9345928562320303
东兴二天放量穿过20日线压力，旗型调整结束新主,27667,16,2015-12-13 12:25:19,0.6475365857510129
短线的最高境界是不停的追逐涨停,16683,157,2015-12-15 21:28:01,0.9531516468390983
为主力在今天尾盘的付出和努力点赞！,8576,16,2015-12-16 15:01:59,0.9401659653168731
一波荡漾后，3528不应是高点；（附周三关键点）,4723,11,2015-12-15 19:57:50,0.7494661062606401
601198:东兴证券关于向合格投资者公开发行公司,103834,37,2015-12-15 20:02:41,0.7975762821651631
仙人指路,9682,21,2015-12-15 09:56:07,0.7901094453202276
东兴证券(601198)龙虎榜数据(12-15),86375,44,2015-12-15 17:13:54,0.7977135927251349
东兴证券今日超大单流出排名第13名(12-15),43725,13,2015-12-15 16:06:36,0.2989667561336772
神棍：周二股指整体呈震荡整理格局,4982,10,2015-12-15 20:40:13,0.04147544496856992
【讨论】多头主力下定决心完爆空头？,37345,12,2015-12-15 09:24:15,0.8435290155594014
龙虎榜||强势封板 多家顶级游资联手抢筹,64341,9,2015-12-14 19:55:31,0.9792742413192741
601198:东兴证券股票交易异常波动公告,69678,12,2015-12-14 19:53:05,0.9031277112327267
东兴证券(601198)龙虎榜数据(12-14),82196,12,2015-12-14 17:18:06,0.7977135927251349
炒股一定要有耐心，判断了趋势向上，判断了蓝筹,12777,25,2015-12-14 19:46:04,0.9604208721432838
开盘买入601198东兴证券,6952,10,2015-12-10 09:43:05,0.663404283225601
最近道股直播室吹的票还不错，介绍大家做的几个,11837,45,2015-12-14 16:06:09,0.08301193004041041
眉飞色舞躁动 券商暴力变盘,22124,27,2015-12-14 15:03:19,0.6145930272468985
东兴证券(601198)盘中即时分析12/01,117920,160,2015-11-30 19:05:07,0.9345928562320303
天霸 摸爬股市数10年 对 中茵股份 有一些个人看,4435,10,2015-12-14 09:13:47,0.9124418846064172
谈一下东兴今天走势的意义,32993,21,2015-12-10 21:42:17,0.47492092266943164
涨停抛了，买涨幅小的券商了！今天能收获14个点,10452,17,2015-12-14 13:57:21,0.45987191482901524
东兴证券(601198)盘中即时分析12/14,96056,150,2015-12-11 15:58:54,0.9345928562320303
如若快速完成最后一跌之后必演绎跨年度翻番行情,10582,15,2015-09-27 23:28:20,0.9874864573352661
异动 东兴证券601198：受益注册制 午后冲击涨停,9309,18,2015-12-12 15:32:27,0.7738348793536528
注册制推出将促券商业发展 概念股拉升,54935,12,2015-12-14 11:04:57,0.7795229764289661
东兴证券(601198)龙虎榜数据(12-11),92810,30,2015-12-11 17:19:51,0.7977135927251349
龙虎榜||宽幅巨震 三机构大举扫货1.34亿,60773,5,2015-12-11 20:49:51,0.8527362936208415
东兴买入价格27。83元还有没有比我高的。,17319,23,2015-12-12 09:29:45,0.15485106349274258
下周能到35吗？,18728,29,2015-12-12 09:58:21,0.3293418291102329
12月8日为券商股说句公道话,14696,12,2015-12-08 08:24:35,0.036576180955415816
凡见大盘不好，均应果断买入券商股：国家意志不,8221,6,2015-12-12 02:35:55,0.2540028242475061
东兴证券冲高回落警示了散户要这样操作,9388,18,2015-12-11 15:36:34,0.4474415242719907
东兴证券(601198)龙虎榜数据(12-10),80825,23,2015-12-10 19:26:30,0.7977135927251349
证券又到护盘时 12.10四,14279,19,2015-12-10 16:26:43,0.4528454465316366
东兴证券(601198)盘中即时分析12/10,10539,17,2015-12-10 09:50:47,0.9345928562320303
近几天不再做盘中实时，大盘今日跳水后形式不容,11622,19,2015-12-10 19:45:49,0.9782661699261557
券商股井喷 东兴证券大涨逾9%,32252,10,2015-12-10 10:20:24,0.030039403873286852
12月10日机构看市精编：尾盘杀跌释重磅信号,55487,18,2015-12-10 19:20:29,0.0049122902318875505
【讨论】券商股又异动了，上还是撤？,38854,19,2015-12-10 10:13:55,0.2240225654203356
东兴证券今日超大单流入排名第5名(12-10),39955,8,2015-12-10 16:04:19,0.6774342629868215
对东兴证劵的个人建议,126244,116,2015-11-10 13:20:05,0.05941891722480086
明天会低开，不会让今天追高买入的人解套。,9277,14,2015-12-10 15:01:58,0.46395632607781656
券商股大幅上涨 东兴证券涨停,34516,9,2015-12-10 09:54:18,0.012699680210457198
002474与601198的比赛正式开始,19293,108,2015-12-08 10:32:37,0.8861536796766543
下周分析（12.7—12.11）。12月4号，1198尾盘短,32262,34,2015-12-06 19:43:37,0.138760423903164
自从买入东兴证券，天天调整天天磨，心里那种滋,6792,20,2015-12-09 15:00:38,0.9435147153047996
谁在点击骗子中庶子的帖子，谁就上当。,4853,20,2015-12-09 00:51:20,0.002863674187314369
周三继续阴跌，控制仓位,6907,5,2015-12-08 20:42:53,0.36570373267398326
601198:东兴证券2015年第二次临时股东大会的法,38645,9,2015-12-08 19:18:01,0.7979817268329528
小散 坐好车了 明天启动高开高走 明天是最后一,14807,20,2015-12-08 16:39:58,0.06848625490625837
东兴证券(601198)盘中即时分析12/08,52370,64,2015-12-08 03:06:22,0.9345928562320303
601198:东兴证券2015年第二次临时股东大会决议,75171,40,2015-12-08 19:18:29,0.47686415185573505
孕育十字星，明天涨停！！！,103973,106,2015-12-01 15:04:49,0.30441605136509164
东兴证券明天看涨,22440,26,2015-12-07 19:08:21,0.24382098853107304
哈哈今天的2474,2554,14,2015-12-08 09:49:14,0.5
朋友，做股票这么多年，我从没见有主力会对股票,46410,47,2015-11-28 10:42:42,0.4312494218311843
东兴证券(601198)盘中即时分析12/02,176476,178,2015-12-01 15:30:26,0.9345928562320303
东兴证券(601198)盘中即时分析11/27 今日（26日,157912,143,2015-11-26 15:35:01,0.9816839195984677
东兴证券(601198)盘中即时分析11/26,73975,158,2015-11-25 22:09:57,0.9345928562320303
东兴证券(601198)-中庶孑-盘中即时分析12/04,210764,200,2015-12-03 15:33:35,0.9205193459847307
东兴证券(601198)盘中即时分析12/03,150526,239,2015-12-02 16:50:18,0.9345928562320303
东兴证券(601198)-中庶孑-盘中即时分析12/07,101292,122,2015-12-05 10:35:05,0.9205193459847307
不明白为什么那么多网友希望T+0，如果A股T0，我,17018,24,2015-12-06 12:33:29,0.21777558832630672
本来我明天看涨 但这两天 中瓜子 和几个没见过,8784,14,2015-12-06 21:51:19,0.01075296546597182
盘面大局无可厚非，只是时间问题，闲来无事发点,8086,16,2015-12-01 10:29:08,0.5892458718490624
601198:东兴证券2015年11月财务数据简报,55272,21,2015-12-04 17:57:55,0.16596550350466288
东兴证券17日复牌 券商板块跃跃欲试,101627,26,2015-11-16 15:34:22,0.6077049469154275
致中庶子之类者，烦请收起您们那些江湖术语，认,13934,22,2015-12-05 13:10:48,0.9659883444950121
东兴证券11月净利润2.22亿环比增58%,70982,34,2015-12-04 18:17:27,0.33585769443695235
东兴三角型调整结束，周一拉升救券商股，今天有,13389,4,2015-12-04 22:14:45,0.24822750944794736
11月,10641,5,2015-12-04 16:30:38,0.18011555254335565
下周一之前，如果不能突破30元，就全部清仓。,22926,22,2015-12-01 20:23:15,0.6223127003205879
明天哪二只股票有涨停板潜力？请去瞧一瞧！,13221,29,2015-12-03 19:08:09,0.26891964946635516
东兴主力进场开始走主升浪，、2015定增很快批准,45573,5,2015-12-02 22:58:28,0.8538267782908291
弱弱的问一下我28能不能解套[哭],15808,23,2015-12-03 18:25:06,0.5033694025004946
风格急转，周四暗渡陈仓策略！,13997,10,2015-12-02 20:49:21,0.920400784862701
龙虎榜||放量大涨 游资机构联袂扫货,59986,12,2015-12-02 20:44:12,0.9274212713281719
东兴证券(601198)龙虎榜数据(12-02),89056,25,2015-12-02 17:18:44,0.7977135927251349
东兴岂是池中物，一遇风云便化龙,11389,20,2015-11-30 10:24:01,0.5147695323666878
券商要担当稳定大盘的重任，东兴要担任券商的龙,67409,71,2015-11-21 09:16:34,0.8906871493380458
券商双龙东邪西毒(东兴证券，西部证券),32792,16,2015-11-09 10:13:44,0.8282948179848422
601198:东兴证券关于获核准设立7家分支机构的公,78893,32,2015-12-01 19:48:39,0.842028936357541
东兴证券获准新设立7家分支机构,49221,13,2015-12-01 21:26:41,0.5516951348971768
东兴证券今日超大单流入排名第10名(11-30),38454,10,2015-11-30 16:06:13,0.5736909124556163
东兴证券是市场的总龙头，第一目标36.88元！,117972,82,2015-11-10 12:54:46,0.6295102525434091
5万股24.8元全部清仓，亏损20多万元，但我不死,22979,23,2015-11-28 12:30:50,0.00738689822832983
要求证监会彻查机构对敲恶意做空东兴证卷！,11642,27,2015-11-27 18:29:12,0.05425195257889859
12月8号投反对票的理由。,12416,17,2015-11-27 10:23:24,0.024758256479620155
东兴证券今日超大单流出排名第19名(11-27),20671,11,2015-11-27 16:18:41,0.24033988053723654
复牌之后就天天跌，我套住了怎么办[哭],11341,9,2015-11-23 19:39:59,0.4124248337330386
飞机被打后，国际形势发生变化；有利中国经济发,93526,83,2015-11-26 09:00:13,0.9496144149229704
肯定东兴有什么好的消息。。你看看尾盘就他拉的,37004,26,2015-11-25 15:10:56,0.10409853178952744
券商天下真龙东方不败对决西毒后期走势分析,32858,47,2015-11-20 07:35:03,0.9245377793523941
机构吃货58笔？为什么跌停？下周一会不会开始拉,20714,17,2015-11-27 15:38:59,0.004961984193049274
601198:东兴证券关于2015年第二次临时股东大会,39304,13,2015-11-26 16:55:40,0.503104470294886
601198:东兴证券2015年第二次临时股东大会文件,29801,11,2015-11-26 17:00:45,0.5046538931630107
东兴证券今日超大单流出排名第9名(11-26),28157,10,2015-11-26 16:05:20,0.2270820098996772
呵呵，尾盘27.6清仓，我也是醉了、 18号卖了先,14346,16,2015-11-24 17:14:43,0.09523842596641907
行使股东权利 12月8日投票方法汇总,6078,11,2015-11-26 18:41:25,0.11055301793302419
对于东兴证券这种票子，只可意会不可言传,100674,101,2015-11-20 07:55:39,0.814702546785545
颈线,20715,30,2015-11-23 14:14:14,0.5
我今日己潜伏方正、东兴证券、胆大者可参与、套,9449,18,2015-11-24 12:28:01,0.9685089247374766
东兴证券今日超大单流出排名第6名(11-24),74046,13,2015-11-24 16:06:40,0.28329203953883986
27.95,忍不住再玩一把短线,14498,18,2015-11-20 13:09:27,0.5
重大利好：中国取消对券商自营股票交易的限制,64978,36,2015-11-24 15:14:40,0.12402372355543057
重要资讯：东兴证券K线图太完美了！,24230,18,2015-11-24 20:29:41,0.5654506229272334
望着窗外黄色的银杏树真好看,27201,48,2015-11-22 09:23:22,0.18089253017838158
今日龙虎榜,42331,50,2015-11-18 17:38:59,0.972108487626915
东兴证券：两董事同时辞职为重组挪动位置。,20286,18,2015-11-20 06:36:09,0.05903275752986592
"再融资规模竟数倍于IPO ""次新+定增"" 双重题材最",106540,11,2015-11-23 10:52:39,0.9496102054404922
重磅：科创板板已获批！年内开板推出第一批企业,23654,11,2015-11-22 19:29:04,0.5901946530416646
龙虎榜||放量大跌 一知名游资出货2.85亿,64905,15,2015-11-18 19:25:10,0.4053269671532117
29.58满仓，如何？,11499,20,2015-11-18 10:48:50,0.24679790893314069
斜率有所缓和，大盘要上得过券商这关,10835,35,2015-11-18 13:43:48,0.6253104167958121
601198:东兴证券关于召开2015年第二次临时股东,61513,27,2015-11-20 19:04:32,0.18362288147367634
我对东兴证券的看法，和大家共勉，周一证券股集,84342,32,2015-11-21 18:24:11,0.381946036750307
打造龙头：各路游资同盟：我们一路封涨停好吗。,21012,36,2015-11-19 20:40:09,0.8771381420395125
东兴证券，近日无战事，高挂免战牌,174974,187,2015-11-20 14:39:22,0.6303436126686782
东兴证券空中加油结束，明天继续拉升至涨停板！,40910,68,2015-11-19 19:42:01,0.8179344310440828
今天的低点没有昨天预期的低，当然高点也未达预,49524,65,2015-11-19 16:46:55,0.03922673823559086
签名墙：号召小散在股东大会投票否决调低增发价,6796,13,2015-11-19 21:45:55,0.1757034974662388
【讨论】东兴复牌后高开低走，你仍看好它的未来,121000,58,2015-11-18 10:13:02,0.9270223120990346
东兴证券(601198)龙虎榜数据(11-19),105676,19,2015-11-19 17:26:43,0.7977135927251349
东兴证券，技术好的人可以搏短，积极参与，30以,260004,313,2015-11-18 09:47:13,0.9904839542468081
龙虎榜||尾盘突袭 两大知名游资上演强势对决,72812,11,2015-11-19 19:00:47,0.17496374563597739
601198:东兴证券关于董事辞职的公告,111220,35,2015-11-19 16:57:58,0.16468833240020975
券商板块龙头：东方不败(东兴证券)一统江湖。,11613,25,2015-11-19 06:30:37,0.36298288165184045
601198:东兴证券非公开发行A股股票预案(修订稿),96732,44,2015-11-17 18:36:00,0.4640076194379391
【讨论】东兴复牌后持续走低 你仍愿意继续坚守,56583,16,2015-11-19 10:11:54,0.9604740225242587
券商真龙东方不败(东兴证券)已经炼成葵花宝典,13362,14,2015-11-19 13:34:16,0.903948387410743
东兴证券：各路游资同盟，我们一起封涨停。,10043,8,2015-11-19 20:38:12,0.3634252328794435
东兴证券复牌后可能出现四连涨,24836,22,2015-11-17 22:25:44,0.61126476344787
我今天买进绝不会成接盘侠，东方不败必到50元。,40581,36,2015-11-18 18:41:52,0.2685999325744187
东兴的定向增发是非常有利于公司。,36459,31,2015-11-18 14:05:11,0.5274347469015922
东兴证券今日超大单流出排名第6名(11-18),35714,10,2015-11-18 16:08:12,0.28329203953883986
东兴证券(601198)龙虎榜数据(11-18),62384,16,2015-11-18 17:47:25,0.7977135927251349
东兴证券后市发展,10541,12,2015-11-18 20:33:27,0.799210391335292
东兴证券将定增规模下调至不超80亿,60902,14,2015-11-18 00:03:29,0.8540566178192873
今早买入，一买就套，怎么办?[哭][哭][哭][哭][,13993,30,2015-11-18 13:33:57,0.9704768441952961
东方不败:目标50元，今天涨停，一路顺风涨,20812,33,2015-11-18 10:12:54,0.7906042772395764
601198:东兴证券第三届董事会第二十二次会议决,22494,8,2015-11-17 18:34:59,0.031693692728110734
601198:东兴证券关于调整非公开发行股票发行价,34113,9,2015-11-17 18:34:59,0.598800195094112
东兴证券今日复牌,6953,5,2015-11-18 09:44:28,0.8678569536144253
601198:东兴证券前次募集资金使用情况的报告,24910,6,2015-11-17 18:34:59,0.9050066727268351
东兴证券18日复牌 拟下调定增规模及定增底价,181308,61,2015-11-17 19:13:16,0.8744684827755501
601198:东兴证券复牌提示性公告,173587,78,2015-11-17 18:35:20,0.6012892758619546
安心睡5天，开盘3涨停,41452,22,2015-11-10 21:08:12,0.1304388219394067
公告明明写含停牌当曰五个交易曰内复牌，11号停,23252,20,2015-11-16 20:02:27,3.280929011040268e-05
增发价降为19元！明天跌停还是涨停！,25947,25,2015-11-17 18:38:16,0.009190677960252192
——龙头在此 无与争锋——,18405,34,2015-11-10 18:12:44,0.6139259084853277
东兴证券停牌或调减募资规模 投行:定增询价发行,154606,21,2015-11-12 04:11:01,0.7942998730618813
东兴证券（601198）天量成交彻底打开股价的上涨,19556,4,2015-11-15 13:21:10,0.09983915374065344
——今天之后 无可阻挡——,18889,28,2015-11-16 08:20:11,0.9222714811431963
有感于东兴证券停牌个中缘由,70634,21,2015-11-12 19:59:19,0.841853840740931
《18日复牌》,38770,25,2015-11-16 14:09:45,0.4737672181921908
东兴证券复牌公告,38564,16,2015-11-16 17:15:04,0.4150446969686087
17晚出公告 18日周三复盘 电话打过了 态度很诚,13688,6,2015-11-16 17:53:28,0.016471251817591015
刚刚打电话了，董事会居然还没有开！电话去骂吧,12979,17,2015-11-16 14:40:47,0.010977579073236376
牛皮不是吹的！火车不是推的！买买,15016,14,2015-11-10 12:19:28,0.25108753264815176
我买了300股，有人要吗，我8500卖了，连证券账,17381,15,2015-11-15 13:09:46,0.0294719457783299
东兴证券调低增发价和增发规模都没有关系的，20,29258,7,2015-11-13 12:21:52,0.25258663024488326
【讨论】五连板后停牌，究竟有何意图？,98326,26,2015-11-11 10:32:11,0.8783501166234661
东兴证券：星期一涨停！成功率100%！,44356,34,2015-11-07 13:56:16,0.6585647722271145
停牌,19438,33,2015-11-10 15:43:40,0.5
东兴证券今日起停牌 拟调整定增方案,77540,7,2015-11-11 01:56:18,0.8735982369298041
601198:东兴证券股票交易异常波动公告,41267,18,2015-11-06 18:50:59,0.9031277112327267
IPO重启后券商股走势分化 东兴证券连续涨停,97098,9,2015-11-11 08:59:27,0.04155855367121952
东兴证券11日起停牌 拟调整定增方案,145371,35,2015-11-10 19:50:39,0.13002302097910623
A股震荡巩固年线 东兴证券：新牛市尚需三次洗礼,48169,13,2015-11-11 02:57:05,0.95749193388541
龙虎榜||巨量换手 知名游资上演强势对决,51408,5,2015-11-10 19:32:59,0.5877900019202733
东兴证券拟调整定增方案 11日起停牌,58306,11,2015-11-10 22:50:00,0.13002302097910623
东兴证券(601198)龙虎榜数据(11-10),70345,25,2015-11-10 17:38:22,0.7977135927251349
自选股为什么大都是行业涨幅龙头？ 为什么也是,11031,8,2015-11-10 19:56:17,0.4664738048608571
券商股盘中大涨 东兴证券连续5日涨停,75193,6,2015-11-10 11:27:47,0.23072259080919688
艹  停牌了,8023,18,2015-11-10 19:32:39,0.4737672181921908
【讨论】东兴开板，你会选择安心持股还是落袋为,66478,34,2015-11-10 09:40:17,0.522323267699006
东兴证券今日超大单流入排名第7名(11-10),25943,5,2015-11-10 16:08:58,0.6709409170279095
IPO将成为四季度发力契机,36584,27,2015-11-09 13:27:40,0.6864403227850107
明天估计要开板了,64394,17,2015-11-09 16:48:37,0.17486988208529108
【讨论】拥有券商和次新股双重身份的东兴会持续,68093,27,2015-11-09 10:06:36,0.9413061736331186
券商股强者恒强 东兴证券等涨停,33182,7,2015-11-09 10:21:22,0.8354413895922642
券商股再度大涨 东兴证券等2股涨停,30412,6,2015-11-09 09:42:20,0.07391644297802424
希望下周东兴证券用涨停拉开,33773,53,2015-10-03 11:28:44,0.43590744620070276
眼下不算安全期，边上涨边锯胳膊锯腿！！,3467,14,2015-11-06 09:40:07,0.21731134334437607
东兴证券小盘券商能上百元榜吗,38041,75,2015-10-19 12:46:29,0.702902230609108
券商股板块主力筹码稳定度排名前10的股票,7756,4,2015-11-08 21:12:28,0.30478868452123675
为什么说高喊IPO重启是利好自欺欺人,15935,15,2015-11-07 23:15:33,0.048699615604271274
东兴证券(601198)龙虎榜数据(11-06),44092,19,2015-11-06 19:08:33,0.7977135927251349
牛至中海网络科技，未来两百元牛股！大上海国企,9917,9,2015-10-28 22:24:04,0.42131456747204155
没错，我踏空了，要求彻查这波券商大涨的内幕交,4575,12,2015-11-08 10:26:43,0.6263088225778601
[ 点评新股发行制度改革]在市值配售条件下“中,18779,17,2015-11-06 21:05:23,0.9714864382120411
事物都有两面,6266,12,2015-11-07 07:48:50,0.4616365191787747
龙虎榜||连续涨停 机构出货游资抢筹,31814,6,2015-11-06 21:06:53,0.8793388820245402
【讨论】10月利润环比大增，东兴的目标位在哪？,44297,15,2015-11-06 13:18:52,0.9792604021448937
狗日的券商，机构，主力提前知道IPO重启，恶炒,14979,20,2015-11-06 19:45:45,0.024130875076184166
券商股再度走强 本轮立足主线地位！！！,35141,37,2015-11-06 13:02:00,0.775966674524476
东兴证券10月净利1.41亿环比增54%,33545,10,2015-11-05 19:28:25,0.6151096398194889
【讨论】多重利好来袭，东兴的后市能持续走强吗,52071,17,2015-11-05 10:40:31,0.580467788599481
11.5复盘：投资的眼光周期要放远点了 目前资金,20680,14,2015-11-05 21:38:54,0.9838794796809691
601198:东兴证券2015年10月财务数据简报,31269,6,2015-11-05 18:44:02,0.22241001018007567
券商股全线走强 东兴证券涨停,33752,5,2015-11-04 10:13:18,0.18366426400175806
关注遭错杀的券商股应为最优选择,26707,15,2015-09-18 11:21:47,0.954468455173455
现在着手全仓介入证券类个股,21612,19,2015-09-23 14:20:22,0.4987871534449423
为什么要关注券商类个股？,15555,13,2015-09-29 14:26:37,0.650317682644852
证券股爆发 东兴证券涨停,29750,5,2015-11-04 10:14:21,0.3287947864729467
中轴附近震荡，持股等待,10176,26,2015-11-02 10:55:49,0.13108517117127105
我算是卧倒在你这只股上了[哭],15867,29,2015-09-11 13:51:36,0.4421648760519711
已割再也不碰这个垃圾了,8137,19,2015-09-14 16:41:01,0.004450343507321208
大股东资源丰富，投行、资管业务受益,26469,11,2015-10-29 09:28:07,0.9671652801062156
前三季度营业收入同比增长135.19%，净利润同比,27547,7,2015-10-29 14:18:05,0.9855352457329034
601198:东兴证券2015年第三季度季报,40967,25,2015-10-27 19:55:30,0.6749157939804534
券商股的机会以及与刘安民先生观点的不同,9148,5,2015-10-25 20:16:30,0.6943713493309703
万向的逻辑，券商的逻辑和大盘的逻辑,13048,12,2015-10-20 14:29:14,0.8009181679351358
***中小散户们注意：狗托儿又开始唱多了，立即,5901,12,2015-09-18 11:02:56,0.25910865740192845
已割肉，再也不碰这个垃圾了,9441,33,2015-09-14 16:39:32,0.004450343507321208
东兴证券9月净利下降逾两成 券商整体业绩难言乐,21979,8,2015-10-14 09:14:40,0.4220070368127241
601198:东兴证券2015年9月财务数据简报,34155,12,2015-10-13 16:20:47,0.19985988682001887
601198:东兴证券关于公司高级管理人员辞职的公,22401,7,2015-10-13 15:57:11,0.08738315569636224
这二天来了好多陌生人,10793,18,2015-10-02 15:24:28,0.10590071680929658
东方资产最后的增持期限是10月8号。如果东方资,13212,14,2015-10-03 06:54:55,0.6246244005028952
探寻次新股国企改革投资亮点,66252,7,2015-10-04 15:06:51,0.9891927440538228
唉！实在是无语，难过哟难受！扛不住了３２万亏,14847,14,2015-09-30 10:20:37,0.026234074613125102
好股票多的是，清仓换股,6592,16,2015-09-11 13:57:33,0.3246310731632046
东兴证券的大股东7月10日，承诺未来3个月内增持,10154,10,2015-09-29 18:59:34,0.047448581004678414
啊什么情况啊让我有种惊喜的感觉。,6869,14,2015-09-29 14:22:00,0.9338738980047281
《A》,4515,13,2015-09-27 21:44:50,0.5
老魏啊收拾好行装赶快跑路吧；抓你的车就在楼下,2839,8,2015-09-21 10:15:20,0.7813996818944464
沪指缩量险守3000点 空方衰竭底部渐近,55380,73,2015-09-16 03:11:41,0.8589023253623341
东兴证券：三大主线有望穿越牛熊周期,25675,13,2015-09-16 02:44:39,0.9150392013121453
好久不见，回家看看,12618,18,2015-09-16 15:14:49,0.49346994142086686
沪指险守3000点：七成投资者今日看跌 四成投资,77304,94,2015-09-16 01:36:38,0.9997420374688756
沪指微涨0.15%险守3000点,22944,86,2015-09-16 09:35:18,0.9111200358841318
沪市缩量险守3000点 空方衰竭底部渐近,23879,18,2015-09-15 16:17:01,0.8151438100310385
农民工真不该炒股，辛辛苦苦拿出这几年的积蓄，,28835,47,2015-09-03 06:29:00,0.05840119598493687
东兴证券今日超大单流入排名第16名(09-09),24537,9,2015-09-09 16:10:17,0.4937902255545774
东兴证券8月净利1.11亿元 环比降67%,19066,8,2015-09-08 08:58:53,0.3237662526381614
601198:东兴证券2015年8月财务数据简报,38395,16,2015-09-07 18:58:45,0.30400431725215393
今天证券板块强势拉升，其中东兴证券（601198）,11793,27,2015-09-07 10:07:44,0.15472586932650179
601198:东兴证券关于继续与中国证券金融股份有,44642,26,2015-09-02 21:01:24,0.988459419408544
东兴证券董事长魏庆华你好大胆子！刻意做空中国,10073,19,2015-09-02 11:15:12,0.9843601039060186
601198:东兴证券关于2015年半年度报告的补充公,36369,18,2015-08-29 00:57:01,0.4621187400518434
严查东兴！带头恶意做空！,7590,20,2015-09-02 14:43:08,0.14526759547284462
在暴跌开始的6月15日，中金所发布的股指期货持,11878,10,2015-08-29 15:56:43,0.10320702718888963
我没有经历从千股涨停到跌停，当时在周四清仓的,20301,22,2015-08-27 12:36:21,0.6443623275809012
当前每次利好都是出局良机 总体上我还是看空。,24242,9,2015-08-23 20:42:18,0.8099461084385944
每天在恐惧中度过，每天都过得很压抑,31191,31,2015-08-26 18:22:54,0.9906909212820622
那个胖乎乎的政治家，中国股市如此下跌，你还有,15359,13,2015-08-25 05:57:33,0.9950113852017429
【讨论】券商股已经走熊，后市大盘怎么走？,23260,6,2015-08-25 10:22:43,0.8174551818289789
姐26.2买进来就站岗到现在，从51200点到现在从,11572,19,2015-08-24 10:36:39,0.4552594445897119
五大券商又在呼吁降准了。按照当前的流动性情况,12297,8,2015-08-21 23:46:07,0.014018122025331925
机构：市场再度出现恐慌心理 信心比黄金更重要,78316,160,2015-08-19 11:40:52,0.8741967539014076
