快来围观王弱股他又光腚转圈了,0.0,25108.0,144,2.5,2015/8/19 20:53
601288:农业银行关于汇金公司所持本行A股股份变,1.0,245824.0,510,0,2015/12/30 18:19
农业银行(601288)大宗交易数据一览(08-19),1.0,11684.0,449,0,2015/8/19 20:57
银行股整体低迷 农行能否扛起上涨大旗？  ,1.0,50756.0,847,4,2015/8/19 21:05
农业银行：汇金受让公司12.55亿A股,1.0,16079.0,195,0,2015/8/19 18:11
汇金公司受让农业银行12.55亿股,1.0,185943.0,200,0,2015/8/19 16:44
601288才是真正的证金概念，明天直接一字涨停，,1.0,7758.0,247,4,2015/8/19 18:11
汇金混蛋，偷偷大幅度减持农行,0.0,7017.0,225,4,2015/8/19 17:59
“王的女人”纷纷抛头露面 挺身而出拯救大盘（,0.0,71633.0,2002,0,2015/8/19 16:39
河北信盈资产管理股份有限公司向全国机构宣战呢,2.0,11877.0,195,2.5,2015/8/20 9:53
蓝筹股虽疲软，但值得挖掘？ ,0.0,24241.0,2315,4.5,2015/8/20 10:11
昨日以3.34元清仓农行，只留下500股留个纪念！,0.0,14349.0,404,3.5,2015/8/20 15:51
抛弃价值投资的市场 最后一定是股灾！！！,0.0,2139.0,134,4,2015/8/20 15:09
【讨论】大盘宽幅震荡 农行能否扛起维稳大旗？,1.0,6168.0,648,4.5,2015/8/20 13:37
证金系集体井喷 东旭光电等“新贵”上演“秒停,2.0,27058.0,4461,0,2015/8/20 3:07
散户注意了，还有近8亿对不上帐，抢啊！,1.0,3589.0,461,4,2015/8/20 3:42
大盘暴跌，农业银行为何拒绝下跌？说明什么？,1.0,13837.0,1347,4,2015/8/21 18:16
王若狗套在农行里，转着圈的丢人现眼,0.0,4664.0,343,3.5,2015/8/21 9:02
顾铭德:中国真的需要股指期货吗？,2.0,4416.0,1133,3.5,2015/8/21 5:43
卖出农行清单，最后一贴！,0.0,5847.0,134,3.5,2015/8/21 10:00
我看汇金正与人勾结做空农行,0.0,3650.0,161,3.5,2015/8/21 10:00
为什么农行抗跌？,1.0,13281.0,435,4,2015/8/21 16:38
农业银行  你知道为什么银行股是赚的人数最少而,1.0,4834.0,302,2,2015/8/21 13:36
周末市场降准预期依然强烈,1.0,12339.0,269,4,2015/8/21 8:22
汇金受让证金12亿股农行股票，如何保值增值呢？,2.0,5328.0,201,3.5,2015/8/22 19:45
养老金只能买农行，哈哈哈哈。,1.0,8947.0,196,3.5,2015/8/23 18:43
论养老金入市,1.0,19523.0,358,4,2015/8/23 18:50
汇金借筹码卖出只为做银行的庄家砸盘吸筹,0.0,3974.0,359,3.5,2015/8/23 3:29
作为最大新兴国家的中国，其五大行最赚钱，可股,1.0,8610.0,274,3.5,2015/8/24 23:00
目前农行要做的就是，先把股价稳住。[大笑][大,1.0,37574.0,167,4,2015/8/24 8:40
A股暴跌“破净潮”卷土重来 23只股沦陷（附名单,0.0,65416.0,1653,0,2015/8/24 17:01
严惩金融汉奸并暂停股指期货,0.0,3016.0,288,3.5,2015/8/24 19:47
农行最低也就到2.88元要跌到2.80元我就是你的孙,0.0,8008.0,163,3.5,2015/8/24 10:51
【讨论】农业银行能否扛起护盘重任？,2.0,28095.0,331,4,2015/8/24 14:08
四大行的这个走势与年初的走势几乎完全一样,2.0,4615.0,259,3.5,2015/8/24 15:10
中国农业银行，重大利好来了！！,1.0,24290.0,178,3.5,2015/8/24 12:28
晒晒亏损，哈哈哈。,0.0,8661.0,122,3.5,2015/8/24 13:15
三块钱的农业银行，比白菜都便宜了！傻逼们还在,0.0,10738.0,313,2.5,2015/8/24 15:24
3.33的本啊，几万股！！！,0.0,20967.0,138,3,2015/8/24 15:07
农业银行今日超大单流出排名第12名(08-24),1.0,11455.0,317,0,2015/8/24 16:16
救市拉中石油败笔。,2.0,5238.0,201,3.5,2015/8/24 14:31
不怕啊！此股每年都分红。[大笑][大笑][大笑][,1.0,48119.0,158,4,2015/8/25 16:24
农业银行大跌，人神共愤。,0.0,16592.0,142,3.5,2015/8/25 9:54
列举那个会的几大错误：,2.0,7001.0,194,3,2015/8/25 21:59
一年期存款基准利率下调至1.75%，利好高股息股,1.0,11717.0,155,3.5,2015/8/25 23:19
男子在股票交易中心大楼坠亡 包里装股票材料,0.0,29598.0,197,3,2015/8/25 23:41
农业银行：有迹象表明，将要有大行动、注意了,1.0,6991.0,147,2,2015/8/25 17:16
农业银行今日超大单流出排名第5名(08-25),1.0,8753.0,312,0,2015/8/25 16:09
破净大军增至41只 银行股沦为“破净”板块（附,0.0,32865.0,2786,0,2015/8/25 17:29
农业银行(601288)融资融券信息(08-24),1.0,8282.0,524,0,2015/8/25 8:17
农业银行今年或明年非常可能业绩追上工商银行！,1.0,40157.0,172,3.5,2015/8/25 10:10
农业银行，两天连续接近跌停，什么概念，A股历,0.0,5138.0,166,3,2015/8/25 14:41
哈哈，2.9吃了个肚大腰圆！,2.0,9623.0,138,3.5,2015/8/25 10:51
告诉你我赚钱的方法。,2.0,1860.0,220,3.5,2015/8/25 7:15
抛！！！经济每况愈下，银行、券商离倒闭潮可能,0.0,21710.0,626,4.5,2015/8/26 13:17
农业银行要上5块的,1.0,17194.0,186,3,2015/8/26 22:43
发改委与农行联合发文支持国家新型城镇化综合试,1.0,9276.0,694,3.5,2015/8/26 18:25
今天集合竞价补仓10000手,1.0,51444.0,197,4,2015/8/26 15:45
今天低位抄底买入农行的人，5年翻番可能性很大,1.0,11285.0,378,3.5,2015/8/26 0:27
亏惨了，亏了百分20以上的散友进来唠唠。,0.0,13120.0,137,2.5,2015/8/26 11:45
农业银行(601288)大宗交易数据一览(08-26),1.0,65093.0,449,0,2015/8/26 18:38
公安部还应该查证金、汇金中的内鬼,0.0,4446.0,245,4,2015/8/26 9:13
2.72满仓！,1.0,4352.0,129,3.5,2015/8/26 8:02
明晚就看到半年报了,2.0,3548.0,173,3.5,2015/8/26 13:34
请证监会公安部调查昨晚农业银行大宗交易操纵市,2.0,5721.0,283,4,2015/8/27 11:40
中国农业银行未来增长点分析，绝对的超级主力！,1.0,18335.0,336,3.5,2015/8/27 11:43
救流动性应该反思,2.0,3269.0,432,3.5,2015/8/27 6:55
601288:农业银行2015年半年报,2.0,10189.0,2052,0,2015/8/27 23:47
601288:农业银行2015年半年报摘要,2.0,13714.0,959,0,2015/8/27 23:47
【讨论】双降政策下，农行能成为救市先锋吗？,2.0,7444.0,376,4.5,2015/8/27 15:09
2.2元能买到吗？,2.0,2160.0,128,3.5,2015/8/27 11:15
亏得好惨啊，哈哈哈哈哈哈。,0.0,2194.0,209,3.5,2015/8/27 9:27
大盘2850还会破，农行2.71也难保。[大笑][大笑],0.0,46344.0,170,4,2015/8/28 14:02
外资大举抄底A股 沪指暴涨4.82%站上3200点,1.0,48839.0,9288,0,2015/8/28 14:36
王若谷 都懂得高抛低吸,2.0,5220.0,150,2,2015/8/28 11:25
高抛低吸，做波段盈利,2.0,6072.0,264,4,2015/8/28 8:32
社保中报持仓曝光：新进210股 增持159股,1.0,66219.0,6038,0,2015/8/28 13:34
工行农行净利接近零增长 上半年增速仅0.7%和0.5,1.0,92751.0,1707,0,2015/8/28 13:22
农业银行净资产目前应该是3.43元,2.0,14177.0,274,4,2015/8/28 16:25
农行：上半年净利微增0.5% 县域金融业务优势明,1.0,27089.0,1656,0,2015/8/28 3:56
继续关注资产质量,2.0,6090.0,924,0,2015/8/28 13:30
三大行净利增速放缓 五次降息影响工行270亿元利,1.0,82566.0,1502,0,2015/8/28 3:04
人民的眼睛是雪亮的，证金公司救市天理难容。,0.0,7488.0,207,3.5,2015/8/28 3:36
不幸买了农业银行，要记住的俩句话,0.0,35221.0,331,3,2015/8/29 17:29
我建议农业银行董事会借股价低迷进行股本回购,0.0,5371.0,250,2,2015/8/29 21:21
农业银行回复：目前每股净资产3.4494元！,1.0,9348.0,265,4,2015/8/29 10:31
农业银行为什么是养老金入市第一标的？,1.0,85307.0,1650,4,2015/8/30 18:58
相反理论---未来8天沪指将暴涨1200点以上！,1.0,12584.0,348,3.5,2015/8/30 20:51
银行股开始井喷了，跑步进场！,1.0,19149.0,126,3.5,2015/8/31 18:01
破净大军增至21股 破净潮或许刚刚开始(附历史数,0.0,28128.0,1829,0,2015/8/31 22:52
【讨论】社保大举建仓 3块钱的农行是否具备了投,2.0,12716.0,27,4,2015/8/31 14:39
2015年半年报点评：资产质量压力不容小觑,1.0,16675.0,1347,0,2015/8/31 16:25
作为农业大国的中国的农业银行，本该是中国的必,1.0,4797.0,290,3.5,2015/8/31 14:04
中报业绩0.32元，有什么理由在3元以下割肉？,1.0,4979.0,137,3.5,2015/8/31 11:56
公募社保联手持仓曝光 农行新晋社保首席重仓股,1.0,29314.0,2218,0,2015/8/31 2:38
社保中报新进229股 大举加仓中国联通,2.0,11113.0,2000,0,2015/8/31 13:38
瑞银预测农业银行短期估值：目标价 4.60 元，维,1.0,26094.0,432,4,2015/9/1 11:09
2015年上半年增长乏力；维持“中性”评级,0.0,8095.0,1138,0,2015/9/1 8:42
什么主力这么狂，3块二毛一就想抢俺的股票！,1.0,7063.0,21,3,2015/9/1 15:29
吴老；是中国杰出的成功价值投资者他成功的做了,1.0,7955.0,380,2,2015/9/1 8:33
农业银行今日超大单流入排名第3名(09-01),1.0,15171.0,316,0,2015/9/1 16:16
【讨论】农业银行放量大涨 明天能否依旧如此强,1.0,89362.0,472,3.5,2015/9/1 15:55
神秘力量再出击：银行板块又现巨幅买单,1.0,12036.0,3249,0,2015/9/1 19:51
社保二季度新进229股 中国联通排名居首,2.0,36678.0,2000,0,2015/9/1 15:47
中国银行股市值占比实在太低，被严重低估。,1.0,59851.0,470,3.5,2015/9/2 19:05
垃圾股下跌不用管，银行股护盘不能停。[大笑][,0.0,45696.0,168,4,2015/9/2 15:29
一九风格转变正式开始！复制2007年下半年走势,2.0,19306.0,1408,4,2015/9/2 18:52
四大行将带领蓝筹股飙升，走出波澜壮阔的蓝筹股,1.0,9094.0,1409,4,2015/9/2 19:00
保证阅兵红！收盘是多少？,1.0,4841.0,139,3.5,2015/9/2 11:01
资金寻找价值洼地 淘宝绩优低价股,1.0,48154.0,4431,0,2015/9/2 1:43
本打算长期投资银行股，一拉不会操作了！,0.0,8239.0,185,3,2015/9/2 19:11
河北信盈已经控股了农业银行信盈要做农业银行第,2.0,26485.0,396,3.5,2015/9/22 18:14
工商银行涨停是股市的耻辱,0.0,33544.0,292,3,2015/9/3 8:16
滚回2.71元,2.0,13992.0,118,2,2015/9/4 2:27
下周才能确认银行股真正启动。,2.0,35610.0,138,4,2015/9/4 14:56
3.8的本，3.14前天全盘清仓200000股，苦啊,0.0,12669.0,162,2,2015/9/4 13:51
农业银行1块6你买吗？,2.0,7888.0,132,3,2015/9/5 9:11
期指关门打狗，好戏登场,2.0,11713.0,3323,4,2015/9/6 18:31
农行主力，我想同你说句心里话！,1.0,6629.0,315,2.5,2015/9/6 23:26
【讨论】在大盘调整时银行股的价值才会凸显？ ,2.0,11797.0,495,4,2015/9/6 14:57
我以一个股龄二十多年的老股民，向广大股民荐股,1.0,6987.0,326,2.5,2015/9/7 19:58
【讨论】农业银行价值投资正当时？,1.0,123320.0,216,4,2015/9/7 17:09
别太傻太天真,0.0,10751.0,381,3.5,2015/9/7 10:15
今天银行股是空头的靶子,0.0,7927.0,257,3,2015/9/7 12:06
发债300亿元亮家底 汇金总资产32000亿,2.0,12462.0,1884,0,2015/9/7 5:44
农业银行中国银行上市以来历年业绩分红情况,1.0,9184.0,1032,4,2015/9/8 20:27
点评网友《投资银行股的N个理由》,2.0,3434.0,2203,4,2015/9/8 7:53
农业银行上市5年历次分红情况,1.0,4106.0,245,4,2015/9/8 8:41
今天创业板指数和沪指对比就知道王若谷是多么愚,2.0,7138.0,234,3.5,2015/9/8 15:47
是俺误读，还是免红利税的文件在搞文字游戏？,2.0,3956.0,476,3.5,2015/9/8 23:49
农业银行的最大好处，就是国家坐庄,1.0,19477.0,240,3.5,2015/9/8 10:58
中老年人买农行来养老，如果每年股息远远足够你,1.0,16251.0,329,3.5,2015/9/9 18:22
汇金、证金有责任将四大行股价维持在10倍市盈率,1.0,9718.0,426,4,2015/9/9 8:47
对敲压盘吃货,2.0,28103.0,243,3.5,2015/9/9 13:34
养老金正在吃货，由于资金数目庞大，还没吃饱,1.0,3237.0,207,3.5,2015/9/9 10:11
据传梅雁吉祥将现金收购中国银行！,2.0,2522.0,142,4,2015/9/9 10:13
大智若愚长线持有农行,1.0,12931.0,344,2,2015/9/10 23:16
三角形整理末端，即将拉升！,1.0,6517.0,136,3.5,2015/9/10 10:46
农业银行H股涨疯啦！,1.0,14738.0,166,3,2015/9/10 9:13
下周暴跌埋葬王若狗,0.0,5716.0,522,3.5,2015/9/11 13:49
瑞银行证券给的目标价是4.60元，国信证券给的目,2.0,7846.0,184,3.5,2015/9/11 15:09
9月底净资产是3.60元！欢迎空头砸盘，只要你不,0.0,10229.0,195,3.5,2015/9/11 14:37
欢迎空头砸盘，只要你不被抓,0.0,3679.0,182,3.5,2015/9/11 14:40
这个周末……别扭。一，股票：碰见老股友，他说,2.0,50139.0,370,4,2015/9/13 17:29
牛去熊来，低买只当存银行,1.0,6933.0,375,3.5,2015/9/13 16:38
催化剂接踵而至 低估值银行板块值得关注,1.0,9141.0,290,2.5,2015/9/14 16:04
农业银行是社保基金（含养老金）第一重仓股，天,1.0,7185.0,260,4,2015/9/15 16:09
农业银行：暴跌后的机会，买股时候到了！快行动,1.0,11662.0,488,1.5,2015/9/15 13:13
空头已经强弩之末,0.0,6219.0,126,3.5,2015/9/15 11:13
5家上市银行股价跌破净资产,0.0,100767.0,2034,0,2015/9/15 2:26
关注3.22--3.38的缺口！,2.0,4297.0,146,3.5,2015/9/16 11:11
大盘险守3000点 49只个股破净,0.0,10891.0,2359,0,2015/9/16 9:37
希望国家拿出外汇储备回购所有破净的绩优蓝筹H,0.0,12489.0,344,3.5,2015/9/17 12:37
中国著名价值投资最成功的吴佬说农业银行怎么小,2.0,6680.0,197,2,2015/9/17 8:38
今天把农行A股换成了港股,0.0,3975.0,130,4,2015/9/17 11:20
如果让市场自己走，大盘会向下。[大笑][大笑][,0.0,38340.0,164,4,2015/9/18 16:11
地板价的农行，为何还有人喊空？,0.0,4348.0,464,3.5,2015/9/20 10:45
3个月内16次“千股”跌停 350余只个股跌回一年,0.0,13340.0,2956,0,2015/9/21 1:18
三分钱蹦一天！,2.0,2994.0,124,2,2015/9/21 11:10
别坐电梯，该抛出了！银行A股价已超H股价40%以,0.0,28489.0,158,4,2015/9/22 14:33
河北信盈已经控股了农业银行信盈要做农业银行第,2.0,5438.0,396,2.5,2015/9/3 7:45
农业银行(601288)大宗交易数据一览(09-22),1.0,6948.0,471,0,2015/9/22 19:37
此股本月剩下时间补跌，下月破2.5元止跌。 下波,0.0,5437.0,187,4.5,2015/9/23 22:47
大盘横向震荡，农行横向耷拉头[大笑][大笑][大,0.0,39520.0,168,4,2015/9/24 21:25
瑞银等机构给的目标价是4.5--4.60元,2.0,7427.0,152,3.5,2015/9/24 10:48
做一个真正的投资者,2.0,17940.0,251,2,2015/9/25 7:40
农行节后难逃一劫，小蠢散还在听王老狗的忽悠,0.0,17789.0,237,3.5,2015/9/25 11:44
有志投值十年农行的跟本不可能会亏钱，只会赚钱,1.0,5044.0,342,3.5,2015/9/25 8:34
在农行网吧唱空的人注意了， 一切得以事实为依,2.0,10865.0,398,3,2015/9/26 5:58
驳斥那些混淆是非说是来“博取投资价值等分红利,2.0,22773.0,335,3.5,2015/9/27 8:53
挂前进档还是倒挡无所谓，车厢内睡觉！静看SB折,2.0,3112.0,25,4,2015/9/28 14:42
预判：2015年10~11月，沪市跌破2800,0.0,8146.0,181,3.5,2015/9/29 22:36
今天农业银行净资产3.60元,2.0,6897.0,138,3.5,2015/9/30 9:40
在个股全面上涨时，银行常扮演旁观者。[大笑][,0.0,31630.0,168,4,2015/10/7 18:29
河北信盈已经控股农业银行信盈要做农业银行第一,2.0,4884.0,396,2.5,2015/12/17 8:18
驳“长期利空”股民过度看空银行股的言论,1.0,31136.0,364,3.5,2015/10/8 16:59
闲钱长线投资农行--在净资产下只买不卖,1.0,10605.0,166,3.5,2015/10/8 12:30
散户不认可农业银行等农业银行涨到68元的时候大,1.0,7419.0,159,3.5,2015/10/8 11:13
中国股市只有银行股才有投资价值,1.0,6821.0,133,4,2015/10/8 13:57
农业银行的投资价值浅析,1.0,34106.0,819,4,2015/10/9 22:49
汇金应该把股市中流砥柱四大行拉升到10倍市盈率,2.0,8624.0,352,4,2015/10/10 11:31
看空!仍然满仓坚守[大笑][大笑][大笑][大笑][大,1.0,32335.0,166,4,2015/10/12 13:54
601288:农业银行H股公告(董事会会议召开日期),2.0,6767.0,596,0,2017/3/16 18:08
农业银行(601288)大宗交易数据一览(10-12),2.0,5848.0,475,0,2015/10/12 19:14
15.10.13：唉，没办法 有些人就是榆木疙瘩脑袋,2.0,8782.0,186,4,2015/10/13 1:26
中国农行计划在伦敦发行双币种绿色债券,1.0,5230.0,682,0,2015/10/13 9:07
今天是2015年10月15日，农业银行报收3.13元。从,2.0,136001.0,239,4,2015/10/15 19:36
长线守住农行A股，发行价3.2港元以下已战略重仓,1.0,12281.0,327,3.5,2015/10/15 13:18
证监会责令在网吧造谣的刘某涛改正，并处20万元,2.0,37752.0,299,4,2015/10/16 20:54
农业银行2015年三季报[全球震撼][点击查看原文],1.0,17817.0,765,4,2015/10/17 12:07
“七年熊途路漫漫”股民连续发帖唱空农行过头了,0.0,6444.0,266,3.5,2015/10/18 19:07
河北信盈已经控股农业银行信盈要做农业银行第一,2.0,3836.0,396,3.5,2015/10/19 14:42
三季报又要来了，净资产要突破3.60元了，到年报,1.0,3309.0,241,3,2015/10/19 4:33
中国建筑庄家为何最怕王若谷？（网络文摘 立此,2.0,7383.0,765,4,2015/10/20 0:10
明天晚上看三季报,2.0,7625.0,126,3.5,2015/10/21 11:27
今天晚上季报，让傻逼们抛，尾盘才拉！,1.0,6221.0,146,3.5,2015/10/22 10:41
一分钱差价，利润也可观,1.0,9663.0,339,3,2015/10/23 16:57
评农业银行三季报：王的女人！贵妃级别！,1.0,20194.0,1114,4,2015/10/23 20:52
净资产3.6131元！估计全年业绩0.60元！,1.0,8139.0,202,4,2015/10/23 20:16
今天晚上应该看到三季报了,2.0,5569.0,157,4,2015/10/23 8:16
董少鹏：为什么要保卫中国股市？  哪四股恶意力,0.0,4449.0,1512,4,2015/10/23 15:06
中国农业银行即将上涨的N个理由：,1.0,36273.0,423,3.5,2015/10/23 23:54
“共同润A、王若狗”这2头蠢马户,0.0,3679.0,413,3.5,2015/10/23 14:07
农行前3季利增0.5% 证金持42亿股,1.0,12772.0,403,0,2015/10/23 18:12
农业银行前三季度净利润1532亿 多家公司公布业,1.0,9248.0,5384,0,2015/10/23 18:41
农行在伦敦证券交易所发行首单绿色债券,1.0,7713.0,697,0,2015/10/23 9:02
怎么抓恶意空头？,0.0,5874.0,258,4,2015/10/24 13:29
农业银行三季度净利润微增 不良率上升,0.0,7767.0,1037,0,2015/10/24 0:17
证金救市买入近55亿股农行的成本粗算近4元，那,1.0,5116.0,410,3.5,2015/10/25 22:06
央行官员：经济结构性矛盾决定定向降准政策持续,2.0,3266.0,2510,0,2015/10/25 8:50
银行利率不断走低，高股息率的股票上涨是总趋势,1.0,36706.0,309,3.5,2015/10/26 19:19
重申买入评级，目标价4.61港元,2.0,16734.0,738,0,2015/10/26 16:19
601288:农业银行优先股一期2015年股息发放实施,2.0,13510.0,1197,0,2015/10/26 18:42
图解农业银行2015年三季度报告,2.0,14063.0,16,3.5,2015/10/26 9:08
2015年3季报点评：收入增速放缓，不良贷款继续,0.0,6804.0,721,0,2015/10/26 16:59
农行不涨的原因,0.0,38651.0,219,2.5,2015/10/27 16:34
农行最终将与中行股价并驾齐驱，甚至超过,1.0,3890.0,259,4,2015/10/27 11:37
农业银行目前亮点,1.0,29193.0,285,4,2015/10/27 20:14
买个瘟股还出来吹你的水平多厉害，才叫恶心人,0.0,4008.0,250,3.5,2015/10/27 15:20
银行三季报评分，农行得多少分？,2.0,9206.0,287,3.5,2015/10/27 13:09
王若狗让你看看赚钱才是硬道理，吹牛逼你都没资,1.0,6746.0,247,3.5,2015/10/28 11:19
由于拨备较低，3季度业绩高于预期,0.0,14352.0,1136,0,2015/10/29 14:33
未来股价必将与中国银行并驾齐驱，甚至超过,1.0,3815.0,254,4,2015/10/29 18:47
农业银行(601288)融资融券信息(10-28),2.0,3419.0,522,0,2015/10/29 8:05
为什么买四大银行股？,1.0,27264.0,335,3.5,2015/10/30 10:29
买银行股的都是傻逼！你自己觉得是不是？,0.0,10373.0,148,3,2015/10/30 10:10
[大宗交易爱心揭秘]农业银行2015年第三季度季报,2.0,12590.0,662,4,2015/10/31 9:14
展望11月份，农行也就这个样，在休眠期里，不会,0.0,68807.0,191,4,2015/10/31 8:14
著名国际投行高盛今日发布研报推荐买入农业银行,1.0,6036.0,265,4,2015/10/31 10:04
“宁波敢死队”的舵手徐翔落入法网说明什么？,2.0,30883.0,409,4,2015/11/2 8:32
辟谣！农行行长张云目前并未被带走调查，只是级,1.0,7962.0,242,4,2015/11/2 19:59
媒体报道称传农行行长张云被带走协助调查,0.0,13973.0,222,0,2015/11/2 15:33
！！！大变盘重要时点临近。,2.0,6422.0,572,3,2015/11/2 19:40
“共同润A王若狗”你们会炒股？（一小时赚6元每,2.0,3858.0,457,3.5,2015/11/2 11:43
媒体称农行行长张云被带走协助调查 已被降为正,0.0,16290.0,1049,0,2015/11/2 16:30
媒体称农行行长张云被带走协助调查,0.0,16246.0,987,0,2015/11/2 15:22
农业银行重大利好！深化农村改革顶层设计出炉 ,1.0,2949.0,279,4,2015/11/3 8:45
农村深化改革方案出炉 概念股大涨,1.0,4050.0,301,4,2015/11/3 11:06
看王若狗的帖子，还真有道理，那就买了农行,1.0,8863.0,20,3.5,2015/11/3 11:02
农行行长张云被带走协助调查 传言称或与杨琨检,0.0,11576.0,2322,0,2015/11/3 9:33
媒体称农行行长张云协助调查后已回到其办公室,0.0,18924.0,1185,0,2015/11/3 14:19
张云今天已回到其在北京的办公室！,1.0,4131.0,238,3.5,2015/11/3 14:14
驳斥那些说本人忽悠散户割肉农行，你千万别卖,1.0,4943.0,251,3.5,2015/11/4 10:23
你不拉高我不出，无税无费你辛苦，我等分红且无,1.0,5483.0,250,3,2015/11/4 8:52
银行股盈利增速大逆转有难度,0.0,9000.0,1631,0,2015/11/4 23:10
3.09一共买入50万手，感谢主力送大礼,2.0,3875.0,150,3.5,2015/11/4 11:19
农行三季度0.472元 中行0.43元,1.0,8829.0,203,4,2015/11/5 11:17
谁说银行股没有投资价值？,1.0,13395.0,282,4,2015/11/5 14:11
农业银行凭什么比中行低0.80元，差不多25%？,0.0,2251.0,159,3.5,2015/11/5 11:08
完了，我今天3.24元满仓农业银行了，求安慰！,1.0,23092.0,156,2,2015/11/5 14:51
最值钱，最不赚钱…………农业银行。最爱看，最,1.0,71136.0,183,4,2015/11/6 14:53
回过头来看农行,2.0,5346.0,569,2.5,2015/11/6 16:07
周一低开统统吃进农业银行！,1.0,10193.0,190,4,2015/11/6 22:24
买入农行参与新股配售=6%保底分红+年十几的打新,1.0,6350.0,155,3.5,2015/11/6 18:02
认为农行不好的赶紧换股，别叽叽哇哇的。,1.0,4414.0,146,3.5,2015/11/6 14:16
评IPO重启,2.0,8699.0,254,3.5,2015/11/6 20:17
强烈要求先配售后缴款！,2.0,3789.0,151,3.5,2015/11/6 17:27
新股规则改变:中签后再缴款,2.0,7001.0,148,4,2015/11/6 17:52
新股市值配售先中签后缴款，利好低估值大蓝筹股,1.0,8834.0,229,3.5,2015/11/7 10:15
关于新股发行实行配售后再交款办法的条款细化建,2.0,8659.0,994,4,2015/11/7 16:31
我来说农行的一点小机会,1.0,40904.0,272,4,2015/11/7 14:25
保守投资者现在破净低位买农行做市值打新是不错,1.0,8011.0,244,3.5,2015/11/8 16:30
农行股价的低廉，清晰可见。,1.0,27248.0,136,4,2015/11/9 18:25
“二八转换”或成真 寻找低估金融股,1.0,21306.0,1339,0,2015/11/9 3:51
四大行将出现连续涨停潮！,1.0,26272.0,452,4,2015/11/9 8:59
3.47 成本价，大家什么价位,2.0,8430.0,127,2,2015/11/10 10:50
炒农行赚了很多吗？还有些天天唱多的傻博一不顾,0.0,35976.0,336,3.5,2015/11/10 9:56
农行与东方汇理资产管理公司签署绿色基金谅解备,1.0,6771.0,612,0,2015/11/10 10:57
银行股行情不会是“一日游”：“但未来还是创业,0.0,12736.0,2556,4.5,2015/11/10 9:24
真为王弱狗的智商捉急,0.0,21079.0,153,2.5,2015/11/11 14:33
农行严重落后上证指数约50%,0.0,15490.0,305,3.5,2015/11/11 9:16
希望空头朋友再加把劲，把自己赶快送进牢房,0.0,6564.0,242,4,2015/11/11 15:47
对证监会的一个小建议,2.0,19482.0,349,4,2015/11/11 19:11
重磅消息：中利科技2.5亿元参股设立苏南互联网 ,2.0,2785.0,838,3.5,2015/11/11 7:56
农业银行(601288)融资融券信息(11-10),2.0,3511.0,530,0,2015/11/11 8:13
融资买入证券时保证金不得低于100%，是什么意思,2.0,9728.0,158,3,2015/11/13 18:40
今天3.22跑的真开心上天给的最后机会,1.0,3403.0,139,3.5,2015/11/13 10:00
新版百元大钞取易用难 点钞机系统升级至少还需3,2.0,4979.0,3067,0,2015/11/14 14:45
大家来投个票看看周一是涨是跌？,2.0,28843.0,156,4.5,2015/11/15 14:07
投资农业银行收益每年百分之40左右,1.0,20850.0,558,3.5,2015/11/15 21:53
什么人最怕并且不遗余力阻扰以农行为首的优质银,1.0,7639.0,282,3.5,2015/11/16 13:32
10倍市盈率的优质银行股遥不可及吗？！,2.0,4501.0,260,3.5,2015/11/16 14:27
今年以来中国经济增长对世界经济增长贡献依然达,1.0,3276.0,440,3.5,2015/11/16 11:42
价值农行世界价值第一行,1.0,14604.0,256,3.5,2015/11/17 22:53
这轮反弹王若狗又当相公了，哈哈哈,2.0,14270.0,152,2.5,2015/11/17 20:46
国际货币基金组织已经正式建议将人民币纳入特别,2.0,3302.0,209,4,2015/11/17 22:04
新华网：农业银行农村电商平台交易额突破百亿元,1.0,5546.0,563,3.5,2015/11/17 19:22
行情尾声，注意风险！经济每况愈下，牛市没基础,0.0,14276.0,210,4.5,2015/11/18 14:35
大盘走势 明天红盘减仓，后天尾盘满仓！,1.0,9094.0,486,3.5,2015/11/18 20:21
王弱狗发疯，大脓行飘绿,0.0,10018.0,141,2,2015/11/18 13:43
在四大行中操纵股价每天对敲的恶意空头落网的时,2.0,3247.0,167,4,2015/11/18 13:07
漂亮的T+0,2.0,5184.0,246,3.5,2015/11/18 17:16
期待未来 基金下手布局31只“白菜价”股,1.0,18373.0,1032,0,2015/11/18 1:21
农业银行实际流通股不到7%，相当于中小银行,0.0,3332.0,189,3.5,2015/11/18 9:44
抛！农业银行A股价高溢价H股30%左右，同股同权,0.0,63084.0,210,4.5,2015/11/19 8:21
不看好的快滚！低位区我只买不卖,1.0,6261.0,145,4,2015/11/19 14:40
王若狗你出身农村，我不会说错，你自己清楚,2.0,3117.0,253,3.5,2015/11/19 12:48
前7个月，如把四个波段做好稳定盈利200%！还不,2.0,2182.0,278,3.5,2015/11/19 10:13
预计农行过年前上5元，低价值得持有,1.0,13616.0,151,4,2015/11/20 11:33
农业银行严重低估，后市进入补涨阶段！,1.0,30126.0,204,3.5,2015/11/20 11:04
疯狗狂吠在股吧,2.0,9214.0,279,3.5,2015/11/20 14:03
为什么我的预测早晚都会兑现？,2.0,4446.0,159,4,2015/11/20 10:59
为什么我的蓝筹银行股预测一一兑现东方不败？,2.0,15429.0,2589,4,2015/11/21 8:49
3.08港元买入农行H股未来可获23%的年收益,1.0,4004.0,771,4,2015/11/21 20:41
大家说说，各位融资融券的佣金情况，看看哪家券,2.0,3228.0,187,4,2015/11/22 11:18
真为那几个天天唱多的蠢狗的智商着急,0.0,4773.0,320,3.5,2015/11/23 9:54
王若谷，股市里的唐吉可德,2.0,5545.0,480,3.5,2015/11/23 13:53
投机者与投资者本无共同语言···,2.0,14819.0,576,3.5,2015/11/24 19:04
本人今年为什第能在股市赚了近十倍的本金，因为,1.0,7732.0,612,3.5,2015/11/24 8:51
送大家一句话拿好农业银行别卖,1.0,6236.0,135,3.5,2015/11/24 13:49
回复网友提问,2.0,6548.0,245,4,2015/11/25 11:06
持有农行真心安，手有股心中无股。套了我赚股息,1.0,3538.0,147,3.5,2015/11/25 14:22
本人今赚了十倍本金，这帖一发就有不少狗来咬我,1.0,1614.0,330,3.5,2015/11/25 8:37
让我们大家看看美国股市的银行股现在是多少钱,2.0,12536.0,269,2.5,2015/11/26 11:39
再也出来吹吹2天赚21%,1.0,3488.0,345,3.5,2015/11/26 9:47
低吸高抛,2.0,5379.0,203,3.5,2015/11/26 23:38
咱也出来吹吹水平,1.0,4537.0,537,3.5,2015/11/26 10:13
一天连嫁三次---打一谜语。答对有奖励。,2.0,106013.0,150,4.5,2015/11/27 20:18
看看笑话大家心情就好多了,2.0,16003.0,279,3.5,2015/11/27 20:32
这次暴跌原因是什么？,0.0,4948.0,1034,4,2015/11/28 11:21
申购新股的资金买农行,1.0,33620.0,242,3.5,2015/11/29 18:08
A股市场12月投资路线图：银行股大概率上涨,1.0,16784.0,5378,0,2015/11/30 10:26
人民币入SDR悬念今揭晓 日元加入后日股涨7倍(图,2.0,3999.0,212,3,2015/11/30 15:59
长阴挂阳星暗藏玄机 低价股成短攻方向,2.0,12220.0,1972,0,2015/11/30 15:38
银行券商暴力拉升 两大巨头护盘,1.0,7378.0,1611,0,2015/11/30 14:06
欲哭无泪！,0.0,4331.0,128,1,2015/12/1 15:34
人民币“入篮”后，股市将上涨n倍,1.0,5269.0,240,4,2015/12/1 18:41
本人持仓农行九十多万股，最后一次买入价3.22元,1.0,2970.0,203,3.5,2015/12/1 10:58
农业银行今日超大单流入排名第2名(12-03),1.0,5638.0,342,0,2015/12/3 16:07
农业银行行长张云请辞,0.0,18506.0,514,0,2015/12/4 19:56
601288:农业银行董事会决议公告,2.0,12726.0,824,0,2017/1/13 18:58
601288:农业银行公告,2.0,8165.0,386,0,2016/1/22 19:22
技术分析不到家，就不要瞎Ｂ乱唱多，这是一种丢,2.0,3140.0,235,3.5,2015/12/5 12:23
高抛低吸，许多股民的成本已基本是0了！,1.0,11164.0,149,4,2015/12/5 9:37
农行行长张云请辞,0.0,24489.0,928,0,2015/12/7 1:45
我买进800万股支持农业银行,1.0,5416.0,141,3.5,2015/12/8 14:33
我今天发票买进1800亿股农业银行做价值投资不做,1.0,5454.0,203,3.5,2015/12/9 8:42
说这里的几个S大B不会炒股，还不服，来看看咱的,1.0,8816.0,269,3.5,2015/12/10 22:36
601288:农业银行2015年度第二次临时股东大会决,2.0,30764.0,1993,0,2015/12/10 21:52
大扫描谁将是下一个被举牌的浦发 万科？,2.0,4915.0,269,4,2015/12/11 8:34
自从买了农行，吃得香睡得着，晚上再无恶梦！身,1.0,11046.0,166,3.5,2015/12/11 10:03
内外勾结做空中国的恶意空头，又一个落网了！,2.0,20604.0,274,4,2015/12/12 23:31
农业银行！照现在的情况来看的话，明日或将这样,2.0,24188.0,503,4,2015/12/13 16:41
长投，定投的股东注意了: 第一:  还有18天就圆,2.0,16138.0,290,3,2015/12/14 8:17
不管农行垃圾主力怎么折腾，最终都会上涨！,1.0,17920.0,304,3.5,2015/12/15 21:03
王若谷进来回答下列问题，看看你是否需要就医,2.0,11263.0,420,2,2015/12/16 14:09
农业银行(601288)大宗交易数据一览(12-16),1.0,22591.0,473,0,2015/12/16 18:14
听老大的话，跟老大走,1.0,26663.0,339,4,2015/12/17 9:29
互联网加，其中改变最大的企业非银行莫属！,1.0,3084.0,237,3.5,2015/12/17 13:19
农行出大事了,0.0,23330.0,205,3,2015/12/18 16:18
巴菲特扫货农行h股？,1.0,10373.0,158,4,2015/12/18 21:34
H股独立大涨什么意思,2.0,15449.0,142,3.5,2015/12/18 18:36
周末，央妈再次发钱银行股重大利好！,1.0,6202.0,315,4,2015/12/18 19:27
下周目标位2.88,2.0,14637.0,185,3,2015/12/19 8:09
我想弱弱的问下每股收益0.47元，按现在股价3.28,2.0,10130.0,192,1,2015/12/19 18:59
买农行股比存在银行好，马上年头有较好的分红。,1.0,29915.0,154,3.5,2015/12/20 13:20
卖光了601216全仓买入便宜的农行,1.0,5102.0,87,3.5,2015/12/21 11:16
15年最后悔的事是买入农行股票，解套了再也不买,0.0,17899.0,186,2.5,2015/12/22 20:28
昨天上涨6分，今天调整1--2分，很正常,1.0,6756.0,150,3.5,2015/12/22 13:32
瑞银证券：农业银行合理目标价4.60元！,1.0,25514.0,150,3.5,2015/12/24 14:43
下一个将被险资、养老金举牌的蓝筹银行股是谁？,2.0,16670.0,4024,4,2015/12/26 10:33
传证监会长期打压银行股操纵市场，已被中纪委查,2.0,13914.0,158,2.5,2015/12/26 19:57
预测农行16年12月31日收盘价,2.0,16640.0,176,3,2015/12/29 16:02
外媒：中国光大银行行长赵欢将赴任农行行长,2.0,24087.0,550,3.5,2015/12/29 11:18
快讯：中国光大银行行长赵欢将赴任农业银行行长,2.0,7590.0,162,4,2015/12/29 10:56
农业银行：汇金公司向其子公司转让12.55亿股,1.0,14455.0,369,0,2015/12/30 21:41
农行:汇金将所持公司12.6亿股转给其子公司,1.0,15788.0,202,0,2015/12/30 23:53
601288:农业银行关于汇金公司所持本行A股股份变,1.0,45140.0,485,0,2015/8/19 16:23
现在买，分红才有意义！,1.0,15126.0,313,3.5,2015/12/30 16:21
汇金增持农业银行A股约4%！,2.0,10327.0,187,4,2015/12/30 19:20
2016年优质银行蓝筹股的行情值得期待 新年展望,1.0,50730.0,2043,4,2015/12/31 20:45
农业银行出大事了你们手里有农业银行的朋友都知,0.0,21761.0,265,3.5,2016/1/13 10:04
感恩农行,1.0,8992.0,191,3.5,2015/12/31 21:15
601288:农业银行董事会决议公告,2.0,37618.0,759,0,2016/3/8 18:58
呵呵～～……奔熔断的节奏[大笑][大笑][大笑][,1.0,69722.0,167,4,2016/1/4 10:31
601288:农业银行H股公告(股份发行人的证券变动,2.0,43487.0,847,0,2016/9/30 21:22
子弹没啦！,2.0,15604.0,200,3.5,2016/1/4 11:37
农业银行股票，股价今年必上6元。,1.0,4386.0,83,2,2016/1/5 12:15
农业银行目前存在重大获利机会,1.0,38253.0,325,3,2016/1/6 11:24
特大利好特大利好大家一定要看。对明天有帮助。,1.0,56668.0,154,4.5,2016/1/7 22:55
别指望农行让你发财、但他更不会让你让你破产！,1.0,26637.0,361,1.5,2016/1/9 14:04
大批恶炒创业板的私募基金被清盘、平仓,2.0,6839.0,409,4,2016/1/9 11:11
央行副行长潘功胜履新外管局党组书记,2.0,100522.0,919,0,2016/1/10 14:12
若谷 --  看银行的资产质量能比否？,2.0,25642.0,317,3.5,2016/1/10 14:18
银监会：稳妥应对房企信贷风险事件,2.0,529628.0,5584,5,2016/1/11 20:24
该休息时就休息,2.0,11580.0,185,3.5,2016/1/11 12:07
持有农行就是好，白天吃得香，晚上睡得好，不用,1.0,7867.0,27,3.5,2016/1/11 11:36
农业银行今日超大单流入排名第11名(01-11),1.0,13658.0,335,0,2016/1/11 16:22
李大霄：重磅！周一四大利好和一大利空 ！,1.0,7004.0,350,3,2016/1/11 13:15
抛！供给侧改革 消产能去库存 势必增加银行呆坏,0.0,32599.0,167,4,2016/1/12 10:10
愚蠢空头给养老金、汇金大王送菜,2.0,14783.0,141,3.5,2016/1/12 11:12
现在农行与中行的差价只有区区5毛了！赶上并超,1.0,7237.0,174,3.5,2016/1/12 10:19
农业银行出大事了你们手里有农业银行的朋友都知,1.0,6184.0,265,3.5,2015/12/31 18:25
别买入！耐心等待融资盘被强平爆仓时抄底不迟28,0.0,25370.0,160,4,2016/1/14 14:13
3.1元又买了些农行,1.0,15973.0,135,4,2016/1/14 9:58
单针探底锤头线，暗示后市看高,2.0,23158.0,228,4.5,2016/1/14 17:12
股市铁律分红越高的公司越不是值得长期持有的公,2.0,4444.0,185,3.5,2016/1/15 9:19
三只银行股的业绩快报是股市报春鸟,2.0,10783.0,907,4,2016/1/15 16:00
农业银行(601288)融资融券信息(01-14),2.0,6487.0,520,0,2016/1/15 7:38
为什么说低市盈率股将引领大盘展开反弹？,2.0,10336.0,616,4.5,2016/1/16 14:06
目前买银行股比存银行划算,1.0,9848.0,243,4.5,2016/1/16 9:48
明天就开盘了:  怎么走我们不去关心，只做好下,2.0,9867.0,327,3,2016/1/17 13:38
农业银行，二零一六年三月三十日披露年报。[大,2.0,54481.0,116,4,2016/1/18 14:56
国办金融事务局已设 “超级监管者”在哪,2.0,97295.0,2528,0,2016/1/19 8:23
瑞银证券预测，农业银行15年业绩0.60元！,1.0,22867.0,248,4,2016/1/20 18:49
农业银行今日超大单流入排名第10名(01-20),1.0,11364.0,336,0,2016/1/20 16:23
排队报买入价格，看高低,1.0,6206.0,125,1.5,2016/1/20 22:41
601288:农业银行关于向农银国际控股有限公司增,1.0,39191.0,943,0,2016/1/21 18:52
农业银行北京分行票据业务发生重大风险事件 涉,0.0,215366.0,260,0,2016/1/22 19:44
王亚伟：我对后市不悲观 这类股票可能3年翻倍,1.0,8502.0,471,3.5,2016/1/22 15:18
601288:农业银行公告,2.0,70041.0,480,0,2015/12/4 19:26
农行爆发票据窝案 38亿无法兑付中国农业银行北,0.0,33814.0,285,3.5,2016/1/22 8:18
农行曝出39.15亿元票据大案 公安机关立案侦查,0.0,78350.0,771,0,2016/1/23 2:44
对方星海在达沃斯发表的观点的几点驳斥,2.0,10220.0,1762,3.5,2016/1/23 19:18
39个亿的全部或者绝大多数是可以追要回来的,1.0,37912.0,320,4,2016/1/23 10:44
目前两市整体市盈率相比2005年沪指998点的时候,2.0,17315.0,200,3,2016/1/24 14:41
对方星海在达沃斯发表的观点进行驳斥,2.0,6338.0,1761,3.5,2016/1/24 10:53
经过两天的冷静思考本人将无视农行曝出39.15亿,1.0,18001.0,261,3.5,2016/1/24 12:03
周一是不是跌停板开盘昵,0.0,14235.0,132,3,2016/1/24 16:12
最后一跌已过去？机构称如果有利好本周或大涨50,1.0,115830.0,5845,0,2016/1/25 14:10
农行现“39亿票据变报纸”案 2名员工被立案,2.0,56396.0,2850,0,2016/1/25 6:47
黑天鹅隐现：农行曝39亿票据案 机构忙自查,0.0,152591.0,2771,0,2016/1/25 2:00
靴子落地，就是利好,1.0,7723.0,259,3.5,2016/1/25 9:43
比39亿票据失踪更严重的事：到底有多少贴现资金,0.0,95471.0,2595,0,2016/1/26 16:12
进价3.17[困顿]有谁跟我一样惨,0.0,14303.0,140,1.5,2016/1/26 10:38
农业银行今日超大单流出排名第19名(01-26),1.0,7342.0,342,0,2016/1/26 16:10
莫开伟：银行看似严密的内控机制如何成为“稻草,2.0,10538.0,1623,0,2016/1/26 3:35
ipo应缓行！,2.0,15178.0,240,3.5,2016/1/27 0:46
农业银行的重大超级利好！不可不看的最新3信息,1.0,17315.0,819,4,2016/1/27 19:26
农行公告票据业务被立案侦查,0.0,48405.0,730,0,2016/1/28 14:40
农行关闭全部涉P2P交易接口 部分公司已响应,2.0,1004740.0,1151,0,2016/1/28 11:25
原来如此,2.0,11551.0,231,4,2016/1/28 13:06
农行票据违规操作仅是个案,0.0,21970.0,906,0,2016/1/28 0:52
汇金增持均价3.25元为什么还允许或者主动往下打,2.0,9809.0,234,4,2016/1/28 19:06
农业银行(601288)融资融券信息(01-27),2.0,5318.0,530,0,2016/1/28 7:39
农业银行(601288)大宗交易数据一览(01-29),1.0,15355.0,477,0,2016/1/29 18:03
想回三元时代，需要一些时间。[大笑][大笑][大,1.0,57768.0,171,4,2016/1/29 9:05
我相信，我承诺---,1.0,12468.0,3142,4,2016/1/29 18:49
中纪委：农行原行长张云因严重违纪被行政撤职处,0.0,60676.0,1603,0,2016/1/29 10:46
利空出尽，农行周末大利好喜迎不周暴涨行情,1.0,7530.0,146,3,2016/1/29 8:35
农行中信爆发票据大案 票据监管风暴或将来袭,0.0,121745.0,2631,0,2016/1/30 0:56
农行在过2月净资产是2.86元。,2.0,19760.0,211,3,2016/1/31 8:45
年底净资产4.20元左右！净资产收益率20%！,1.0,16725.0,156,4,2016/1/31 11:30
农业银行(601288)大宗交易数据一览(02-01),2.0,17659.0,475,0,2016/2/1 18:07
高手看看  此股必成妖  什么时候成妖  认真看  ,1.0,13059.0,1047,3.5,2016/2/2 14:21
外媒惊曝中国商业银行将变投行直接投资股市！,2.0,16551.0,404,4,2016/2/2 8:23
继农行招行之后 交通银行也暂停P2P充值,2.0,103212.0,470,0,2016/2/4 14:57
证监会和公安机关抓出每天对倒操纵四大行股价的,0.0,13698.0,186,3.5,2016/2/5 11:01
千股跌停辞旧岁，万众爆仓迎新春！求横批！,0.0,13399.0,150,3.5,2016/2/14 23:04
农业银行小微企业贷款余额超万亿元,1.0,17835.0,664,0,2016/2/14 3:44
股价2.87  按去年分红计算为每股0.182元，股息,1.0,20352.0,362,2.5,2016/2/15 10:45
那些把炒股搞得很复杂的人都是骗子！,0.0,5182.0,264,4,2016/2/16 8:50
2.5港元买入农行H股未来的收益可达每年26.28%,1.0,84297.0,902,4,2016/2/17 11:17
理论上农行业绩将翻倍增长！,1.0,17937.0,271,3.5,2016/2/17 9:34
大行不能启动发动行情吗？！否！,1.0,8906.0,317,4,2016/2/17 22:20
我依然找不到比农行更物美价廉的股票,1.0,32671.0,368,3.5,2016/2/18 19:28
3月30出年报，要分红了！大家数钱钱啊。,1.0,8222.0,150,3.5,2016/2/18 11:08
刘士余股市言论汇总：资本市场发展遵循三个维度,2.0,47699.0,1457,0,2016/2/19 21:47
北京市行政副中心建设发展基金正式启动 农业银,1.0,101878.0,920,0,2016/2/19 20:53
刘士余接任肖钢担任证监会主席 2016年股市会涨,1.0,200989.0,2064,0,2016/2/20 14:39
刘士余赴任证监会挑战超前任 目前有两件大事,2.0,327334.0,3254,0,2016/2/20 12:22
刘士余出任证监会党委书记、主席 历任七位主席,2.0,247436.0,2938,0,2016/2/20 10:47
证监会今日换帅 新掌门为什么是刘士余？他能否,2.0,323889.0,3410,0,2016/2/20 14:44
证监会换帅刘士余：周小川后五任主席皆出自银行,2.0,17401.0,449,0,2016/2/20 13:18
建言新任证监会主席刘士余,2.0,18893.0,913,3.5,2016/2/21 11:45
601288:农业银行董事辞职公告,2.0,177007.0,510,0,2016/9/14 19:04
刘士余挂帅证监会 重振股市三把火怎么烧？,1.0,433326.0,2154,0,2016/2/21 8:16
农行公告：董事长刘士余因工作需要请辞,0.0,163523.0,620,0,2016/2/21 15:47
证监会主席换人 A股明天开盘会怎样,1.0,57537.0,3683,0,2016/2/21 8:09
票据转贴现违规金额或逾8万亿，多少违规入市乃,0.0,17103.0,669,3,2016/2/22 14:50
证监会换帅 刘士余接替肖钢股市的火要怎么烧？,2.0,1318734.0,4508,5,2016/2/22 2:41
刘士余出任证监会第八任主席 备受关注再振市场,2.0,29997.0,1707,0,2016/2/22 1:08
农业银行排名世界第四，品牌价值上升幅度排名第,1.0,11195.0,250,4,2016/2/24 19:49
我是新股民我自己感觉不一定是对的我买进农业银,1.0,26146.0,268,2.5,2016/2/25 18:34
农业银行(601288)大宗交易数据一览(02-29),2.0,16512.0,477,0,2016/2/29 18:46
卖了南方 回归农行,1.0,6155.0,274,3.5,2016/2/29 21:55
601288:农业银行H股公告(股份发行人的证券变动,2.0,40845.0,846,0,2016/9/5 17:20
把式侃股<潮水>,2.0,3521.0,173,3.5,2016/3/2 10:51
成功突破3.03，看来养老金是确确实实吃饱了～,1.0,9538.0,156,3.5,2016/3/2 10:35
收盘成功站上3.05，当天最高价！明天突破3.10是,1.0,8481.0,177,3.5,2016/3/2 15:02
601288:农业银行关于高级管理人员辞职的公告,2.0,42214.0,451,0,2016/3/3 19:10
601288:农业银行优先股二期2016年股息发放实施,2.0,75727.0,1241,0,2016/3/3 16:59
农业银行上市5年历年业绩分红情况,1.0,31205.0,793,4,2016/3/4 9:46
2016年拨备从150%降低到120%，四大行业绩各提高,1.0,12484.0,297,3.5,2016/3/4 12:33
今天突破3.10是大概率,1.0,8341.0,187,3.5,2016/3/4 10:44
论大象起舞鲲鹏展翅养老金入场,2.0,12847.0,2625,4,2016/3/6 11:16
601288:农业银行董事会决议公告,2.0,45603.0,1018,0,2015/12/31 17:32
银行股不良资产证券化，从无奈核销转变为企业股,2.0,10364.0,218,4,2016/3/10 19:47
刘士余首秀释放十大信号 四大主题提振市场信心,1.0,48034.0,2873,0,2016/3/13 8:13
601288:农业银行H股公告(董事会会议召开日期),2.0,44760.0,568,0,2016/4/15 17:21
是银行股垃圾，还是你垃圾？,2.0,7889.0,243,3.5,2016/3/17 0:13
农业银行真正流通的筹码其实只有5%左右,0.0,15620.0,192,4,2016/3/17 11:11
上交所：决定*ST博元终止上市！,2.0,5919.0,405,4,2016/3/21 19:57
农业银行，那是金融行业的辽宁舰,1.0,206879.0,176,4,2016/3/22 6:25
幽灵！一个黑色幽灵，黑科技石墨烯！将在东方大,2.0,8799.0,2082,3.5,2016/3/23 21:43
农行、建行、中行的拨备覆盖率可能将被下调至13,0.0,12834.0,392,4,2016/3/23 9:34
中国保险业投资水平实在不敢恭维,2.0,10464.0,360,3.5,2016/3/24 7:44
善意的提醒没有头脑的无知散户,0.0,11964.0,237,3.5,2016/3/24 8:28
重磅！农村土地经营权、房屋财产可抵押贷款了,2.0,12703.0,241,4,2016/3/24 20:19
我今天继续买农行,1.0,7730.0,153,4,2016/3/28 12:50
明天晚上看年报和分红方案,1.0,23272.0,134,3.5,2016/3/28 10:13
农行应该比中行股价至少高0.30---0.50元才比较,1.0,9921.0,168,3.5,2016/3/28 11:29
我今年不做房地产了我的钱投资股市来了,1.0,6524.0,205,2.5,2016/3/28 9:22
银监会副主席周慕冰将接替刘士余出任农行董事长,2.0,16503.0,1254,0,2016/3/29 15:11
农行新任行长首次公开亮相 债转股政策或很快出,1.0,20252.0,445,0,2016/3/31 19:50
601288:农业银行2015年年报,2.0,62399.0,1728,0,2016/3/31 19:03
每股盈利 工商银行：0.77元 农业银行：0.55元 ,0.0,11868.0,538,3.5,2016/3/31 19:40
股东大会坚决投票反对分红倒退！,2.0,23116.0,124,4,2016/3/31 19:29
601288:农业银行2015年年报摘要,2.0,33648.0,1505,0,2016/3/31 19:02
农行去年净利润1807.74亿元 同比增长0.7%,1.0,17533.0,1070,0,2016/3/31 18:20
农业银行0.55元，拨备覆盖率189.43%,1.0,13063.0,687,4,2016/3/31 18:37
儿子孝顺！,2.0,84888.0,319,3.5,2016/4/1 11:09
农业银行净利微增 拟10派1.668元,1.0,23657.0,749,0,2016/4/1 8:47
外储“买”A股：投资还是救市,2.0,20317.0,3123,0,2016/4/1 1:38
我对农业银行2015年报的八点分析判断,2.0,13737.0,986,4,2016/4/1 18:27
外汇局去年四季度增持四大行 或为接盘证金汇金,2.0,20167.0,3107,0,2016/4/1 12:29
净资产3.48加0.18=3.66元！,2.0,7231.0,148,3.5,2016/4/1 9:21
农行2015年实际业绩0.58元！,2.0,9632.0,278,3.5,2016/4/1 11:28
农行15年报为何刻意隐瞒压低0.03元业绩？,1.0,19694.0,458,4,2016/4/3 7:41
沉睡中的中国股民终于醒了,0.0,7802.0,230,3.5,2016/4/4 8:13
跌入不良贷款黑洞 五大行新增净利趋零,0.0,10958.0,3435,0,2016/4/5 6:10
宁波港601018重大事项复牌联农业银行,2.0,82431.0,95,4,2016/4/6 11:30
经过成功与失败的总结还是买进业绩好的股票赚钱,1.0,7301.0,243,3.5,2016/4/6 7:37
投资者为什么都喜欢股价下跌？,2.0,14022.0,449,3,2016/4/7 9:11
优质银行股普遍拒绝下跌！开盘就是最低点尽管大,2.0,6651.0,276,3.5,2016/4/8 15:11
五路天文数字的资金大规模入市，聪明过度的空头,0.0,8054.0,253,3.5,2016/4/8 9:23
请做会计专业的人解释一下：为什么派息要除权,2.0,9616.0,190,3.5,2016/4/8 17:06
农行股价到底是什么决定的？,1.0,11877.0,514,3.5,2016/4/9 15:55
融资买股的可行性,2.0,9175.0,765,3,2016/4/9 20:45
红利分配后股价除息是正常的,1.0,13091.0,284,3.5,2016/4/9 15:10
三家“平准基金”必须把银行股维持在10--15倍市,1.0,7385.0,426,3.5,2016/4/11 9:45
601288:农业银行H股公告(董事会会议召开日期),2.0,25970.0,585,0,2016/3/17 20:32
河北信盈太厉害了不声不向偷偷出自1.8万亿收购,2.0,6460.0,262,3.5,2016/4/15 7:42
社保基金不断增仓“全通教育”的理由是什么,2.0,5918.0,233,3.5,2016/4/20 16:30
全球迅猛布局黑科技产业链仅此一家 未来黑科技,2.0,54182.0,2545,3.5,2016/4/26 12:21
国家队最新持仓曝光：持有市值2.74万亿 增持30,2.0,209750.0,2182,0,2016/4/28 22:38
16家上市银行不良贷款规模逼近万亿 四大行净利,1.0,73580.0,1823,0,2016/4/28 22:43
农业银行一季报亮点,1.0,10466.0,217,4,2016/4/28 20:54
农行一季报出炉：净利润微增 不良贷款率与上年,1.0,16563.0,844,0,2016/4/28 20:29
16家上市银行去年净赚1.27万亿 仍占A股半壁江山,1.0,33535.0,1732,0,2016/4/28 5:37
国家队买入银行股占比救市基金73.12%，还有傻逼,0.0,24540.0,213,3.5,2016/4/29 12:47
国家队入市超预期 A股结构行情可续,2.0,14977.0,1050,0,2016/4/29 13:02
农行发布一季报：实现净利润545.68亿元,1.0,13279.0,971,0,2016/4/29 16:38
农业银行一季度净资产3.64元！业绩同比增长2.11,1.0,5405.0,131,4,2016/4/29 7:41
今天农业银行要涨停板原因是被收购了,1.0,10138.0,269,3.5,2016/5/3 7:39
银行板块：具备“避风港”和“取款机”双重功能,1.0,16262.0,734,3.5,2016/5/4 11:15
银监会副主席周慕冰话别银监会 或出任农行董事,2.0,13247.0,892,0,2016/5/6 20:39
资产质量持续承压，拨备水平领先大行,2.0,25595.0,1024,0,2016/5/9 17:37
网贷平台风险事件频发 农行官方否认恢复P2P接口,2.0,6640.0,680,0,2016/5/19 9:56
沪深两市跌倒目前平均收益率63.3被农业银行收益,1.0,5929.0,187,3.5,2016/5/21 8:30
拼到最后是耐心和信心！,1.0,8861.0,485,3.5,2016/5/23 16:14
我卖了两套房子1200万我今天买进农业银行,1.0,9067.0,151,2.5,2016/5/26 9:22
今天建行已站上60日均线之上（4.77元）,1.0,9313.0,244,3.5,2016/5/27 14:50
农行市值带来的额外打新福利,1.0,13463.0,194,3.5,2016/5/27 12:21
G20峰会，亚运会，一带一路龙头一一腾达建设,1.0,11238.0,154,4,2016/5/29 18:29
你确定！主力真正的意图就是这个。大家看看吧。,2.0,10540.0,158,4.5,2016/5/30 22:05
好当家：转型大健康，大消费，大美丽产业，打造,1.0,36931.0,144,4,2016/6/8 19:32
6.12股灾周年祭---我的反思,2.0,5774.0,1809,4,2016/6/12 18:57
还有半个来月分红。,2.0,16032.0,183,3.5,2016/6/18 17:16
江苏银行、浙江银行即将上市，它们的发行价和市,1.0,9967.0,187,4,2016/6/19 18:01
此吧有个特殊之“黑龙江哈尔滨网友”,2.0,20096.0,253,3.5,2016/6/27 20:11
601288:农业银行A股2015年度分红派息实施公告,2.0,135330.0,1988,0,2016/6/29 18:00
这盘控制的真是有水平,1.0,3941.0,130,0.5,2016/7/4 15:48
国家审计署：农行、光大涉及问题金额数以千亿计,0.0,61393.0,6813,0,2016/7/4 18:38
银行的钱用的有问题，很正常的事情,1.0,6246.0,276,4,2016/7/5 8:48
601288:农业银行H股公告(股份发行人的证券变动,2.0,22195.0,847,0,2016/7/5 16:50
听天由命,2.0,24139.0,318,3.5,2016/7/6 14:34
农行明天持股成本粗略计算降至1.78元,0.0,15054.0,191,3.5,2016/7/6 23:39
大家都来讨论下，别被坑了,0.0,10657.0,247,1.5,2016/7/6 23:40
所有户头红利都已到帐，平均股息率5.8%,1.0,15455.0,192,4,2016/7/7 8:08
农业银行 你分红分的是什么红！！！,0.0,21750.0,224,1.5,2016/7/8 9:01
农业银行不良资产证券化发行在即 规模或将高达3,0.0,32272.0,1575,0,2016/7/10 0:58
农行甩掉不良贷的包袱是好事!,0.0,7745.0,341,4,2016/7/11 8:13
美股创二百多年来历史新高,2.0,4883.0,134,4,2016/7/12 22:22
农行股对我的作用。 1，存住股市利润 2，定投，,1.0,55106.0,242,2,2016/7/15 0:04
我不看好江苏银行,2.0,11450.0,102,3.5,2016/7/20 7:59
基金抱团炒个股是中国式庞氏骗局，隐患危害大28,0.0,30463.0,333,4,2016/7/22 8:55
最大单不良ABS来袭 农行本周五发行30.64亿,0.0,19809.0,2029,0,2016/7/25 7:06
我非常非常爽歪歪,1.0,8586.0,197,3.5,2016/7/27 4:59
有直销经营的好当家，只卖4.07元的价格[赚大了],2.0,32855.0,155,4,2016/7/29 21:58
农行发不良资产证券化最大单 入池资产高达100亿,0.0,16957.0,2521,0,2016/7/30 0:39
江苏银行再来三五连板对垃圾股炒家的心理震撼,2.0,8923.0,356,3.5,2016/8/2 11:35
柳钢股份：从4.4元跌到3.62元，跌幅超20%[抄底],2.0,9367.0,103,4,2016/8/6 10:40
有的人根本不了解价值投资者,2.0,11636.0,545,3.5,2016/8/8 19:56
农业银行(601288)融资融券信息(08-11),1.0,4088.0,554,0,2017/8/12 7:48
大智慧告诉我们：九成以上股民没有大智慧。,2.0,6820.0,451,3.5,2016/8/14 10:46
大东南：石墨，锂电，手游，只卖3.89元,2.0,21940.0,91,4,2016/8/15 12:39
继续利好,1.0,15643.0,118,2,2016/8/16 9:05
不多说 今年春节前9元农行等着你,1.0,16640.0,138,3,2016/8/20 9:12
四大银行要想做大做强不落后，就要提振股价！,1.0,10155.0,879,3.5,2016/8/24 20:45
打倒股息差别税！,2.0,7413.0,528,3.5,2016/8/25 16:04
农业银行，提前介入这些股，稳赚不赔！,1.0,5748.0,197,3,2016/8/25 19:48
农行上半年净利润增长0.5% 不良率2.4%,2.0,24460.0,493,0,2016/8/26 17:57
居民为何拼命买房？银行为何偏爱房贷？看农行建,2.0,27131.0,2080,0,2016/8/26 22:45
农业银行净利息收入减少9.4%至1989.57亿元,0.0,10004.0,716,0,2016/8/26 17:09
有个人到底懂不懂价值？,2.0,16932.0,282,3.5,2016/8/28 17:05
中国农业银行上半年净利润增长0.5%,1.0,8705.0,338,0,2016/8/29 5:23
银行业寒冬已至？农行营收负增长 招行裁7768人,0.0,18598.0,1547,0,2016/8/31 8:51
农行收入微跌 利润增长。一组半年报数据或许让,0.0,14220.0,1049,3.5,2016/9/2 8:49
601288:农业银行H股公告(股份发行人的证券变动,2.0,19078.0,1519,0,2016/3/1 17:14
作为货币政策委员会委员，请问樊纲你的数据从何,2.0,15915.0,326,3.5,2016/9/9 11:42
601288:农业银行董事辞职公告,2.0,22381.0,508,0,2016/2/21 14:27
摩通：农行目标价看高至3.7元 评级“增持”,0.0,17675.0,337,0,2016/9/22 11:46
农业银行开市前有一宗大手成交 涉资6710万元,0.0,11673.0,172,0,2016/9/28 9:49
601288:农业银行H股公告(股份发行人的证券变动,2.0,36536.0,858,0,2016/1/4 16:55
美联储局要求农行纽约分行改善反洗钱管控,2.0,11106.0,211,0,2016/9/30 12:44
有许多人一直私信给我谈到股票买了股票后眼看着,2.0,24927.0,287,3,2016/10/10 12:55
农业银行荣获多项大奖,1.0,12683.0,479,0,2016/10/11 0:44
远兴能源：填权趋势确立，买入就翻倍,2.0,8150.0,85,4,2016/10/18 20:53
国家社保基金靠自己到底赚多少钱？,1.0,6932.0,255,3.5,2016/10/26 18:43
601288:农业银行优先股一期2016年股息发放实施,1.0,35909.0,1233,0,2016/10/28 23:02
农业银行前三季度净利润增长0.52% 证金小幅减持,1.0,21964.0,1038,0,2016/10/28 21:29
601288:农业银行监事会决议公告,2.0,17658.0,539,0,2017/7/12 18:48
拓展主业务风光独好 冲刺黑科技金光灿烂（共享,2.0,19009.0,3629,3.5,2016/11/1 16:14
总轿,2.0,99683.0,150,3,2016/11/2 15:57
中证金减持严重破净的四大行，公众如何能理解？,2.0,8944.0,491,3.5,2016/11/2 9:05
深资产质量风险依然存在,0.0,27888.0,964,0,2016/11/3 17:47
农行在美被罚巨款的事居然没人提，太不可思议了,0.0,14437.0,166,2,2016/11/6 0:40
“谢百三说不买四大行”的观点是错误的,1.0,17277.0,276,3.5,2016/11/11 18:49
操纵四大银行股股价天理难容,2.0,7482.0,235,3.5,2016/11/15 16:50
农业银行不良负债率极为严重，铁定五年内不可能,0.0,39496.0,195,2.5,2016/11/18 13:51
601288:农业银行关于对外投资设立全资子公司的,2.0,24319.0,971,0,2016/11/22 18:47
股票投资是一个高风险的职业，同时他又是一个高,0.0,4768.0,428,3,2016/11/26 21:34
农业银行(601288)大宗交易数据一览(12-07),2.0,7500.0,475,0,2016/12/7 18:05
所有银行股里面农行股票是最没有投资价值的领导,1.0,18454.0,249,3.5,2016/12/8 11:13
农业银行(601288)大宗交易数据一览(12-08),2.0,10049.0,489,0,2016/12/8 18:14
持有100万元（31万股）农行10年的获利分析,1.0,16975.0,351,3.5,2016/12/15 9:00
10万农业股，4元成本，大家帮我分析一下几年能,2.0,92828.0,176,2,2016/12/20 12:23
李迅雷不合时宜谈什么资本利得税,2.0,5073.0,467,3.5,2016/12/20 0:02
恶意打压操纵农业银行股价的主力就是垃圾,2.0,11025.0,277,3.5,2016/12/21 18:00
3.10元买来入充当市值认购新股,2.0,16309.0,288,3.5,2016/12/31 13:31
农业银行，2016年总结与2017年展望！,1.0,32051.0,336,2.5,2017/1/2 21:21
为实现婵联A股倒数第一的冠军梦想，农行一直在,1.0,23309.0,160,2.5,2017/1/9 15:15
《大腕》农业银行版,1.0,16714.0,740,3.5,2017/1/10 11:02
601288:农业银行董事会决议公告,2.0,50844.0,473,0,2015/12/4 19:43
股市总有翻倍的机会 “狂人日记”,1.0,25517.0,1409,3.5,2017/1/22 13:49
大家帮我算算，一年分0.15元，10年是不是1.5元,2.0,41143.0,215,2.5,2017/1/23 23:31
最能套住人的十五句话: 1、目前价位接近主力成,2.0,26260.0,630,4,2017/1/29 12:14
第一；   我们用金钱接过了无数前辈的抢，使农,2.0,32410.0,416,0,2017/1/30 7:42
实战炒股口决：    十四工作线，不破不走人。短,2.0,22426.0,694,4,2017/2/2 11:12
未爆吵之军融股,2.0,18069.0,109,3,2017/2/7 14:32
农行目标价6.5，让我们把帖子顶起来，等待这一,1.0,15990.0,158,3.5,2017/2/12 14:14
好吧，我出点力，让农行这周到3.4元,1.0,6300.0,201,3.5,2017/2/14 21:29
做巴菲特式的投资人，买入银行股,1.0,27053.0,620,3.5,2017/2/15 19:29
中金:农业银行为流动性紧缩最大受益者加入“确,2.0,12226.0,692,0,2017/2/15 21:32
还能涨多高？,1.0,24545.0,238,3.5,2017/2/16 15:26
存在的，即是合理的。,1.0,8737.0,484,3.5,2017/2/18 16:18
哪一路垃圾如此疯狂倒仓打压农行,0.0,17800.0,210,3.5,2017/2/20 16:50
长期持有农业银行，必有厚报！ 2016.12.9  第一,1.0,47837.0,238,2,2017/2/27 19:31
消灭五大国有银行长期严重破净现象的建议和措施,2.0,8129.0,792,3.5,2017/3/1 17:07
农业银行3月底披露年报，每股0.55元，分现金0.1,1.0,13608.0,131,3,2017/3/1 14:37
抢盘了，抢盘了，黄金砸头！晨鸣投资价值第一股,1.0,16428.0,821,4.5,2017/3/2 21:51
601288:农业银行优先股二期2016-2017年度股息发,1.0,47049.0,1091,0,2017/3/2 16:51
我是精神病，完毕,2.0,10513.0,126,3.5,2017/3/3 12:17
农行与甘肃公航旅集团共设100亿元股权投资基金,2.0,12464.0,555,0,2017/3/3 19:38
目前股息率超过5%的银行股只剩下农行,1.0,25510.0,321,3.5,2017/3/7 22:02
我3.24元买了7000股农行股票。5年后，也就是192,1.0,15022.0,210,0,2017/3/7 21:02
农业银行(601288)大宗交易数据一览(03-07),1.0,8993.0,473,0,2017/3/7 18:18
农业银行(601288)大宗交易数据一览(03-09),2.0,9308.0,473,0,2017/3/9 18:12
农业银行(601288)融资融券信息(03-08),2.0,5319.0,540,0,2017/3/9 7:47
恶意打压四大行的主力应该被灭绝,2.0,9206.0,198,3.5,2017/3/10 17:02
谈投资,2.0,19815.0,536,3.5,2017/3/11 18:00
国庄股,2.0,181217.0,129,0,2017/3/13 13:10
长线看空农行没有任何理由,1.0,13847.0,304,3.5,2017/3/13 12:34
农业银行(601288)融资融券信息(03-13),2.0,4681.0,538,0,2017/3/14 7:45
石墨烯、量子通信两大黑科技领域先得实惠上市公,2.0,5940.0,1380,3.5,2017/3/15 17:25
包括农行等极其低估的股票并不适宜价值型投资人,0.0,28629.0,510,3.5,2017/3/16 0:50
601288:农业银行H股公告(董事会会议召开日期),2.0,19045.0,578,0,2015/10/12 18:05
从中国神华土豪式分红看中国股市。 如果有条件,2.0,10779.0,489,3,2017/3/18 12:15
强烈要求农行高比例现金分红，每股最少0.2元以,2.0,16883.0,252,0,2017/3/20 18:53
农行要大涨，不信我的会吃大亏,1.0,5254.0,138,3.5,2017/3/23 17:53
农行现3.24元的动态市净率比前期股灾底部2.74元,1.0,13317.0,305,3.5,2017/3/23 6:40
小散，多张张心吧！,2.0,6164.0,197,3.5,2017/3/23 23:41
农行应向中国神华学习、做好今年的利润分配,2.0,5971.0,116,2,2017/3/24 22:59
价值投资者抄底后就等坐轿---笑看江湖,1.0,8671.0,176,3.5,2017/3/27 18:04
601288:农业银行2016年资本充足率报告,1.0,10809.0,1440,0,2017/3/28 21:55
农业银行去年纯利1839.41亿人币升2%  派息17分,1.0,18251.0,246,0,2017/3/28 22:04
2017年超级大牛行情将于清明节过后全面启动！领,1.0,6907.0,286,3,2017/3/28 22:38
有谁能斗胆猜测一下农行的分红是多少？,2.0,14518.0,146,0,2017/3/28 14:32
农行2016年中间业务收入增逾10%,1.0,6296.0,421,0,2017/3/29 9:05
农行一季报肯定超乎想象的好,1.0,11320.0,253,3.5,2017/3/29 12:29
农业银行2016年盈利1839亿元 拟10派1.7元,1.0,25118.0,273,0,2017/3/29 9:10
压缩个人房贷规模、辉山乳业涉贷2亿多…农行业,2.0,5819.0,2280,0,2017/3/29 23:19
瑞银：农行资本水平较弱 维持“卖出”评级,0.0,10064.0,432,0,2017/3/29 12:24
高盛：农行资产质素稳定 目标价上调至4.8港元,1.0,16409.0,354,0,2017/3/30 11:01
农业银行(601288)融资融券信息(03-29),2.0,3139.0,540,0,2017/3/30 7:48
今天冲不上3.4，我就裸奔,1.0,8089.0,130,3.5,2017/3/31 9:53
农行债转股2017年将取得实质性进展,1.0,16785.0,1207,0,2017/3/31 3:17
持有农行打新股 申购利群再成功,1.0,16686.0,139,4,2017/4/2 8:48
4.0工业革命凸起黑科技受惠的上市公司（转载）,2.0,9631.0,3115,3.5,2017/4/3 12:25
一带一路是上半年热点？,2.0,4204.0,133,0,2017/4/3 2:18
雄安新区的受益者 雄安新区的最大受益者------,2.0,63265.0,192,0,2017/4/7 10:47
农业银行(601288)融资融券信息(04-07),2.0,7414.0,550,0,2017/4/8 7:47
四大行我还是更加注重农、建行。感觉郭 刘的工,1.0,36416.0,174,1.5,2017/4/9 8:35
没忍住，上午挂了个3.35卖单，居然成交了。,1.0,10896.0,154,0,2017/4/10 13:40
农行：新设子公司、后台中心和创新基地将统一设,2.0,14157.0,1194,0,2017/4/12 15:53
农业银行(601288)融资融券信息(04-11),2.0,3734.0,542,0,2017/4/12 7:46
高兴时别忘了风险！,1.0,10815.0,389,3.5,2017/4/13 12:18
农行设立千亿级专门基金对接雄安新区建设,1.0,13193.0,839,0,2017/4/14 15:53
农行股价必将超过光大银行和中国银行,1.0,11702.0,294,4,2017/4/17 8:05
有人吹20年的老股民，拿着农行四处说值得，叫他,2.0,9787.0,217,0,2017/4/18 14:43
中国一大批机构就是不可理喻,2.0,5658.0,320,3.5,2017/4/19 17:09
农行储户取钱被指多拿1万 银行凭监控称钞票厚度,2.0,10735.0,576,0,2017/4/19 14:48
硬是撑了几天，后面..哎,0.0,4612.0,134,0,2017/4/20 14:02
看不清走势的不要闯红灯,2.0,2346.0,132,0,2017/4/20 14:00
你把别人当呆子，你自己就是个呆子,2.0,2100.0,142,0,2017/4/20 14:00
要努力作好各种准备工作,0.0,1928.0,132,0,2017/4/20 14:00
关注年度看样子有消息。,2.0,3195.0,132,0,2017/4/20 14:01
农业银行(601288)融资融券信息(04-20),2.0,5470.0,532,0,2017/4/21 7:47
4.2元仅是农行初期应该达到的价位（约2017半年,1.0,11353.0,301,3.5,2017/4/23 9:48
农行合理目标价应在4.20元左右净资产附近吧！,1.0,11033.0,286,4,2017/4/23 9:07
叫交警过来 隔10分钟就来贴一次罚单 看他能停多,2.0,3498.0,160,2.5,2017/4/26 13:27
农业银行(601288)融资融券信息(04-25),2.0,4643.0,544,0,2017/4/26 7:43
农业银行(601288)融资融券信息(04-26),2.0,4251.0,548,0,2017/4/27 8:34
农业银行首季纯利557.1亿元人民币 升1.87%,1.0,19725.0,201,0,2017/4/28 18:04
农业银行一季度归属股东净利润增长1.87%至557.1,1.0,18326.0,509,0,2017/4/28 17:53
农业银行：一季度净利微增 不良率2.33%,1.0,19690.0,312,0,2017/4/28 17:01
农业银行(601288)融资融券信息(04-27),2.0,5536.0,550,0,2017/4/28 7:47
[抄底]截止2017-03-31上海银行601229十大流通股,2.0,6755.0,770,4,2017/4/30 9:54
建议民营老板们买点银行股,1.0,34436.0,236,4,2017/5/2 10:46
农业银行开市前有2宗大手成交  共涉资1.14亿元,1.0,12091.0,194,0,2017/5/5 15:20
农业银行(601288)大宗交易数据一览(05-05),2.0,12820.0,449,0,2017/5/5 18:26
瞎子狂笑 业绩翻倍 季报再增长300%翻倍搖新股。,1.0,16655.0,2382,4.5,2017/5/7 18:49
大资金不如全转买2元股*一路一带丝路龙头600307,2.0,37963.0,326,0,2017/5/8 13:49
该买了,1.0,6209.0,366,3.5,2017/5/9 11:57
今天3.37买入农业银行,1.0,101397.0,298,4,2017/5/10 13:31
新高[大笑][大笑][大笑],1.0,5154.0,126,3,2017/5/10 15:25
狂笑狂抢 狂笑 白痴不抢 瞎子狂笑 业绩翻倍 股0,1.0,17304.0,1349,4.5,2017/5/11 13:42
疯笑疯笑 狂笑 白痴不抢 瞎子狂笑 业绩翻倍 股0,1.0,18495.0,1349,4.5,2017/5/11 13:39
农行上升通道完全打开了，将会在4元5元把散户围,1.0,12141.0,218,3.5,2017/5/12 10:56
农业银行(601288)融资融券信息(05-12),2.0,6993.0,546,0,2017/5/13 7:55
买农业银行难道我错了！！！,0.0,26912.0,203,2,2017/5/14 19:28
虽然我持有农行股票，但我并不希望他涨。,0.0,12161.0,239,1,2017/5/14 16:00
指数造假，欲盖弥彰，个股普跌，超千股跌破股灾,0.0,5195.0,242,0,2017/5/14 17:54
tiezishangbuqu,2.0,29986.0,134,3.5,2017/5/15 10:50
帖子上不去，娘了个，帖子上不去，怎么回事？,2.0,34986.0,146,3.5,2017/5/15 10:52
我的言论被限制了,2.0,44498.0,139,3.5,2017/5/16 11:10
监管汇总理财业务 农业银行“躺枪” 实为例行检,2.0,56293.0,532,0,2017/5/16 20:33
金融股不涨，A股永远看不到10000点,2.0,6485.0,19,3.5,2017/5/17 20:29
[牛]养老金入市长期化，漂亮50永远漂亮！必将涨,2.0,3384.0,870,3.5,2017/5/21 20:10
我的农业银行将来的高点现在已经很明确啦，可还,1.0,37507.0,182,3.5,2017/5/22 14:18
入摩前后券商翻倍?MSCI将于6月20日公布是否纳入,2.0,5771.0,1162,4,2017/5/23 12:12
现在教唆别人买入茅台的人难道不是大忽悠？,2.0,8443.0,306,3.5,2017/5/24 15:22
感觉农行走茅台的走势，走三步退两步，过一个月,0.0,6526.0,164,2,2017/5/24 11:34
今天真减仓农行的机构日后若不买回就是鼠目寸光,1.0,13211.0,218,3.5,2017/5/25 22:39
农业银行(601288)融资融券信息(05-25),2.0,7803.0,552,0,2017/5/26 7:52
白酒板块估值已经很高，难道我们国人都要变成沉,2.0,6065.0,478,3.5,2017/5/27 11:21
倒着倒着就剩散户，主力,2.0,3331.0,132,2.5,2017/5/27 16:05
资产质量持续改善，低估值高股息率值得关注,1.0,38933.0,1340,0,2017/5/31 7:29
老把式侃股<农行>,2.0,11656.0,571,3.5,2017/6/1 17:03
券商齐飞有道理国际接轨逼交易制度加速推进！高,2.0,8155.0,498,4,2017/6/1 13:56
东吴证券：农行目标价 4.28 元，给“买入”评级,1.0,10703.0,310,4,2017/6/1 11:39
抨击n家机构继续给予茅台“买入”评级的行为,2.0,6337.0,220,3.5,2017/6/2 8:48
抛弃农行，拉东财指数，老大套路,0.0,5693.0,140,3.5,2017/6/2 13:45
强拉权重股后果很严重！             从昨天的,2.0,7966.0,521,3.5,2017/6/2 6:52
农行回撤，是为了创历史新高。,1.0,11838.0,138,4,2017/6/5 14:02
3.48元竟成交了！,1.0,21315.0,167,3.5,2017/6/5 11:39
如果抱着吃差价买农行股，你有病啊！买农行股你,1.0,15645.0,347,0,2017/6/7 6:15
农行庄：银座股份掷金4亿保定裕华西路要败家？,2.0,4249.0,127,4,2017/6/8 1:27
江铃汽车000550唯一没涨的绩优白马蓝筹，现抢进,2.0,6812.0,103,3.5,2017/6/8 12:26
宁波港祝贺农业银行哈,1.0,19885.0,150,1,2017/6/9 13:26
农行MACD死叉 DMA即将死叉，十分不妙。,0.0,19717.0,188,2,2017/6/9 12:57
透过市场看刘士余：为什么买？,1.0,9420.0,632,4,2017/6/10 9:52
新股发行不能停的重要理由：让凯撒归凯撒市场归,2.0,8081.0,522,3,2017/6/12 12:57
韩自国是什么样的经济学家？ 1、2007年8月23日,2.0,12807.0,1555,3,2017/6/13 19:02
农业银行股东人数急剧减少54.54%,0.0,9324.0,562,2,2017/6/13 22:42
601288:农业银行关于2016年年度股东大会增加临,2.0,36087.0,1410,0,2017/6/13 16:58
明天3.39元继续买入……,1.0,2758.0,136,3,2017/6/15 15:48
3.44怎么那么多托单,1.0,3898.0,132,1.5,2017/6/16 10:26
溧水农行束俊，南京蔡祥违法？,2.0,1714.0,125,3,2017/6/16 19:33
新一波上涨在蕴酿中,1.0,5984.0,128,3.5,2017/6/16 11:01
农业银行(601288)融资融券信息(06-16),2.0,6904.0,548,0,2017/6/17 7:44
估值优势是我们持股的基础。,1.0,82138.0,136,4,2017/6/18 22:22
市场下跌股权质押警报又起 大股东濒临平仓线。,0.0,4052.0,22,3.5,2017/6/18 15:52
买入5万股,1.0,3468.0,120,0,2017/6/18 18:19
3.42元，买了5万股！,1.0,11078.0,137,3.5,2017/6/19 13:42
埋雷3.46元。,2.0,18100.0,160,3.5,2017/6/20 11:07
农业银行(601288)融资融券信息(06-19),2.0,4607.0,542,0,2017/6/20 7:46
农行联手百度启动战略合作 实现数字化普惠金融,1.0,18808.0,1033,0,2017/6/20 17:14
未来银行的股价遐想---,2.0,33260.0,133,0,2017/6/21 9:43
银行！银行！银行！,2.0,35402.0,161,0,2017/6/21 9:35
如今你对我爱理不理，过些日子你对我高攀不起！,2.0,6687.0,154,0,2017/6/22 11:13
20万手大买单！国家队出手？！,1.0,7912.0,159,4,2017/6/22 9:59
银行股市盈率在20倍左右比较合适！,1.0,4970.0,144,0,2017/6/22 11:36
十年后回看今日四大行股价,2.0,44053.0,131,0,2017/6/23 14:16
溧水农行宫羽，蔡祥违法你是否知道吗〉,2.0,3699.0,129,3,2017/6/24 19:09
哈哈哈哈哈大笑  咯咯咯咯，晨鸣三年利润之和超,1.0,17420.0,550,4.5,2017/6/26 21:09
咯咯咯笑 疯狂抢盘啦 晨鸣三年利润之和超市值。,1.0,16184.0,545,4.5,2017/6/26 14:39
高抛低吸，做做差价!,2.0,17282.0,369,3.5,2017/6/26 18:13
邀请你过来西部矿业601168一起发财！即将公布重,2.0,28124.0,196,3.5,2017/6/27 13:25
601288:农业银行2016年年度股东大会决议公告,2.0,51994.0,1302,0,2017/6/28 19:23
我想问下收盘3.47是怎么算出来的？,2.0,7409.0,185,0,2017/6/28 15:14
我可以分得八万多红利，很不错！,1.0,10764.0,140,0,2017/6/29 9:33
我现在还只有157400股农行股，希望5年后退休时,1.0,13906.0,190,1,2017/6/30 11:54
农业银行全面启动普惠金融事业部改革,2.0,14643.0,1192,0,2017/6/30 20:34
希望农行分红后能很快填权！,1.0,6605.0,136,0,2017/7/1 17:25
[赞]A股正在发生革命性的变化 去高市盈率正在进,2.0,2987.0,1990,3,2017/7/1 15:30
把式侃股<钢铁是怎样炼成的>     农行上市七年,2.0,32134.0,618,3.5,2017/7/2 10:18
黄国东：A股下半年预测   推荐农业银行,1.0,34660.0,646,4,2017/7/2 16:23
你丫的真能装，H股都3.8元了,2.0,5281.0,140,3.5,2017/7/4 9:19
601288:农业银行2016年年度A股分红派息实施公告,1.0,96637.0,1717,0,2017/7/5 18:36
农业银行7月13日发放A股股息每股0.17元,1.0,28860.0,208,0,2017/7/5 19:26
快到登记日了，快涨啊,1.0,5314.0,133,3.5,2017/7/7 10:13
耐心等待，不见鬼子不挂弦！,1.0,11735.0,233,3.5,2017/7/7 15:24
农行不行了，换股马上赚回来，信者赚！,0.0,7838.0,168,3.5,2017/7/10 13:23
年底到不了6元，我请大家大餐，报名者都有份,1.0,16093.0,152,3.5,2017/7/11 22:24
13号除息后，是填权还是贴权？,2.0,20906.0,346,3.5,2017/7/11 23:27
明天不要手欠！,2.0,11324.0,236,3.5,2017/7/11 23:24
今日抢权，来日填权,1.0,7931.0,126,0,2017/7/11 13:40
这算不算赤裸裸的操控股价，到现在还没成交出去,0.0,6024.0,154,3,2017/7/11 11:04
601288:农业银行监事会决议公告,2.0,35125.0,681,0,2016/10/28 23:01
刚才看了一个，农行红利已到账！,1.0,14696.0,140,0,2017/7/12 20:03
刚才，我用分红钱集合竞价3.44元买入了农行股票,1.0,12542.0,158,1,2017/7/13 9:27
格力如果没有董明珠决不会有今天，这样的例子还,2.0,8855.0,247,3.5,2017/7/13 18:35
我一个老股民的体会，年年高分红才是价值投资，,1.0,12580.0,281,0,2017/7/13 8:32
除息后是买是卖？,2.0,18464.0,606,3.5,2017/7/13 13:14
是买还是卖？,2.0,8804.0,604,3.5,2017/7/13 13:17
我2.87的成本，从04年开始到现在共进了50万股，,1.0,21915.0,256,0,2017/7/13 8:09
其他的好股票跟农行比起来股价都翻了一倍甚至十,1.0,12740.0,156,3.5,2017/7/14 9:59
获利的，保护好你的胜利果实！,1.0,43145.0,390,3.5,2017/7/15 16:10
农行股年底前会站上4.3元，对这个估计我比较乐,1.0,9679.0,160,0,2017/7/15 10:07
[胜利]漂亮50中国股市的心脏;沪深300中国股市的,2.0,3919.0,532,3.5,2017/7/15 14:55
农行：出台粮食、棉花等5个涉农区域信贷政策,1.0,25716.0,1102,0,2017/7/15 13:11
601288:农业银行H股公告(於中华人民共和国注册,2.0,22552.0,1146,0,2017/7/17 18:51
我53万股，今天这个差价的诱惑不小，但我自岿然,1.0,10351.0,196,0,2017/7/17 12:21
建议证监会将农业银行按法定程序，标准以每股13,2.0,6671.0,214,4,2017/7/17 16:18
历畅先生？,2.0,39166.0,126,0,2017/7/18 12:46
今日收盘猜想券商大涨   次新股回升看估值与成,2.0,3906.0,305,4,2017/7/18 14:13
刚才睡在床上我想到一个有趣的事情，那些不分红,2.0,7921.0,316,0,2017/7/18 7:15
农业银行(601288)大宗交易数据一览(07-18),2.0,17139.0,481,0,2017/7/18 17:58
我宣布：,2.0,17693.0,168,0,2017/7/19 16:12
第三次重新买回农行  并由此决定开始价值投资,1.0,11713.0,151,3.5,2017/7/20 9:06
快讯：农药化工战略储备股飙涨！高成长次新股中,2.0,4157.0,218,4,2017/7/21 11:47
知足常乐！,1.0,8103.0,231,3.5,2017/7/23 18:04
2017年中国最大也是建国至今中国最大的海外并购,1.0,7052.0,479,3,2017/7/24 19:38
农业银行(601288)融资融券信息(07-24),2.0,5639.0,542,0,2017/7/25 7:48
10万农行股4元成本解套了。下面要做的就是见证5,2.0,30067.0,26,2,2017/7/26 20:05
今天选择高点减仓,0.0,5937.0,121,3.5,2017/7/27 9:23
一切众生皆有佛性，具足如来智慧德相，《三宝歌,2.0,2714.0,2250,3,2017/7/29 11:58
农业银行(601288)融资融券信息(07-28),2.0,4584.0,548,0,2017/7/29 7:46
昨天空仓后,0.0,7102.0,280,3.5,2017/8/1 15:14
调整必然出乎意料！,2.0,7938.0,131,0,2017/8/3 14:20
一笔损失6000亿，还是美元！呜呼农业银行,0.0,9210.0,200,3.5,2017/8/3 13:19
3.71元能买到吗？,2.0,9608.0,140,3.5,2017/8/7 10:38
3.68买入。,1.0,17560.0,147,3.5,2017/8/8 10:33
[疯狂抄顶四大行，你们或将继续站岗放哨又十年,2.0,15709.0,143,2.5,2017/8/9 11:12
以后到处发这个！有补充的吗？ 一个超跌的MSCI,2.0,8534.0,830,0,2017/8/12 12:48
农业银行(601288)融资融券信息(08-11),2.0,5675.0,532,0,2016/8/12 7:39
入场收尸:地产称霸南京，医美雄冠亚洲,0.0,3248.0,899,3,2017/8/13 10:42
求教历畅先生,2.0,18644.0,125,0,2017/8/14 10:45
农业银行(601288)融资融券信息(08-17),2.0,5537.0,548,0,2017/8/18 7:48
农业银行(601288)融资融券信息(08-18),2.0,6911.0,554,0,2017/8/19 8:38
今天我农行账面利润不错哦……,1.0,10542.0,138,0,2017/8/25 15:19
农业银行(601288)融资融券信息(08-25),2.0,5553.0,546,0,2017/8/26 10:06
农业银行(601288)大宗交易数据一览(08-29),2.0,10706.0,469,0,2017/8/29 18:27
农业银行(601288)大宗交易数据一览(08-30),2.0,11441.0,471,0,2017/8/30 18:26
农业银行中期净利增3.28%至1085.93亿元,1.0,19037.0,244,0,2017/8/30 17:34
3.76能否止跌？,0.0,15223.0,142,3.5,2017/8/31 10:46
中行在四大行中为何最值得投资？四大行2017半年,2.0,9810.0,1761,4,2017/8/31 18:36
农业银行(601288)融资融券信息(08-31),2.0,3728.0,556,0,2017/9/1 8:06
农业银行尾盘3.70满仓50000股,1.0,11480.0,157,2,2017/9/2 7:26
农业银行(601288)融资融券信息(09-01),2.0,5700.0,556,0,2017/9/2 7:55
